-- phpMyAdmin SQL Dump
-- version 5.2.1
-- https://www.phpmyadmin.net/
--
-- Host: 127.0.0.1:3306
-- Generation Time: Dec 26, 2024 at 04:29 PM
-- Server version: 10.11.10-MariaDB
-- PHP Version: 7.2.34

SET SQL_MODE = "NO_AUTO_VALUE_ON_ZERO";
START TRANSACTION;
SET time_zone = "+00:00";


/*!40101 SET @OLD_CHARACTER_SET_CLIENT=@@CHARACTER_SET_CLIENT */;
/*!40101 SET @OLD_CHARACTER_SET_RESULTS=@@CHARACTER_SET_RESULTS */;
/*!40101 SET @OLD_COLLATION_CONNECTION=@@COLLATION_CONNECTION */;
/*!40101 SET NAMES utf8mb4 */;

--
-- Database: `u958166626_a629O`
--

-- --------------------------------------------------------

--
-- Table structure for table `alkes`
--

CREATE TABLE `alkes` (
  `id_alkes` int(11) NOT NULL,
  `id_satker` int(11) DEFAULT NULL,
  `bmn` varchar(200) NOT NULL,
  `jumlah` int(25) NOT NULL,
  `bb` int(25) NOT NULL,
  `rr` int(25) NOT NULL,
  `rb` int(25) NOT NULL,
  `ket` varchar(255) NOT NULL
) ENGINE=InnoDB DEFAULT CHARSET=utf8mb4 COLLATE=utf8mb4_unicode_ci;

--
-- Dumping data for table `alkes`
--

INSERT INTO `alkes` (`id_alkes`, `id_satker`, `bmn`, `jumlah`, `bb`, `rr`, `rb`, `ket`) VALUES
(10, 42, 'Kursi Roda', 1, 1, 0, 0, '0'),
(11, 42, 'Air Filter Regulator', 2, 2, 0, 0, '0'),
(12, 42, 'Heating Set', 1, 1, 0, 0, '0'),
(13, 42, 'Electro Cardiography (Alat Kedokteran Umum)', 2, 2, 0, 0, '0'),
(14, 42, 'Infusion Pump', 1, 1, 0, 0, '0'),
(15, 42, 'Instrument Tray', 2, 2, 0, 0, '0'),
(16, 42, 'Needle Holder', 5, 5, 0, 0, '0'),
(17, 42, 'Standar Infus', 3, 3, 0, 0, '0'),
(18, 42, 'Syringe Pump (Alat Kedokteran Umum)', 1, 1, 0, 0, '0'),
(19, 42, 'Hand Piece', 1, 1, 0, 0, '0'),
(20, 42, 'Alat Kedoteran Gigi Lainnya', 3, 3, 0, 0, '0'),
(21, 42, 'Electric Table', 2, 2, 0, 0, '0'),
(22, 42, 'Alat Kedokteran Bedah Lainnya', 4, 4, 0, 0, '0'),
(23, 42, 'Hysterectomy Set', 5, 5, 0, 0, '0'),
(24, 42, 'Audiometer (Alat Kedokteran THT)', 1, 1, 0, 0, '0'),
(25, 42, 'Alat Kedokteran THT Lainnya', 2, 2, 0, 0, '0'),
(26, 42, 'Mayo Hegar\'s Holder', 5, 5, 0, 0, '0'),
(27, 42, 'Bed Pasien', 20, 20, 0, 0, '0'),
(28, 42, 'Alat Kedokteran  Radiodiagnostic Lainnya', 1, 1, 0, 0, '0'),
(29, 42, 'Personal Digital Dosimeter', 1, 1, 0, 0, '0'),
(30, 42, 'Blood Presure Meter/Tensimeter', 3, 3, 0, 0, '0'),
(31, 42, 'Icu Bed Electric', 2, 2, 0, 0, '0'),
(32, 42, 'Alat Kedokteran I C U Lainnya', 1, 1, 0, 0, '0'),
(33, 42, 'Anthropometer Set', 1, 1, 0, 0, '0'),
(34, 42, 'Boneka Anatomi', 1, 1, 0, 0, '0'),
(35, 42, 'Timbangan Badan (Alat Kesehatan Umum Lain)', 2, 2, 0, 0, '0'),
(36, 42, 'Peralatan Disaster Victim Identification (DVI) Polri', 1, 1, 0, 0, '0'),
(37, 42, 'Alat Kedokteran Umum Lainnya', 1, 1, 0, 0, '0'),
(38, 42, 'Operating Table Bedah', 1, 1, 0, 0, '0'),
(39, 42, 'Colposcope (Alat Kedokteran Bedah)', 1, 1, 0, 0, '0'),
(40, 42, 'Minor Electro Surgery', 1, 1, 0, 0, '0'),
(41, 42, 'Slit lamp (Alat Kedokteran Mata)', 1, 1, 0, 0, '0'),
(42, 42, 'Photo Fundus Unit (Alat Kedokteran Mata)', 1, 1, 0, 0, '0'),
(43, 42, 'Cataract Instrument Set', 1, 1, 0, 0, '0'),
(44, 42, 'Snellen Chard', 1, 1, 0, 0, '0'),
(45, 42, 'Spirometer (Alat Kedokteran Bagian Penyakit Dalam)', 1, 1, 0, 0, '0'),
(46, 42, 'Ultra Sono Graphy (USG) Internal Medicine', 2, 2, 0, 0, '0'),
(47, 42, 'L.F Electro Therapy', 1, 1, 0, 0, '0'),
(48, 42, 'Micro Wave Diathermy', 1, 1, 0, 0, '0'),
(49, 42, 'Modular Electro Therapy', 1, 1, 0, 0, '0'),
(50, 42, 'Short Wave Diathermy', 1, 1, 0, 0, '0'),
(51, 42, 'Alat Kedokteran Radiodiagnstic Lainnya', 1, 1, 0, 0, '0'),
(52, 42, 'Brandcard', 4, 4, 0, 0, '0'),
(53, 42, 'Exmanation Lamp', 1, 1, 0, 0, '0'),
(54, 42, 'Infusion Pump', 12, 0, 0, 0, '0'),
(55, 42, 'Standar Infus', 9, 9, 0, 0, '0'),
(56, 42, 'Syringe Pump', 5, 5, 0, 0, '0'),
(57, 42, 'Hand Piece', 1, 1, 0, 0, '0'),
(58, 42, 'Light Curing Unit', 1, 1, 0, 0, '0'),
(59, 42, 'Mouth Piece', 1, 1, 0, 0, '0'),
(60, 42, 'PIK Hak Gigi', 1, 1, 0, 0, '0'),
(61, 42, 'Alat Kedokteran Gigi Lainnya', 4, 4, 0, 0, '0'),
(62, 42, 'Electro Surgery Unit', 1, 1, 0, 0, '0'),
(63, 42, 'Alat Kedokteran Gigi Lainnya', 4, 4, 0, 0, '0'),
(64, 42, 'Electro Surgery Unit', 1, 1, 0, 0, '0'),
(65, 42, 'Emergency Trolley', 4, 4, 0, 0, '0'),
(66, 42, 'Dopler (Fetal Heart Sound)', 1, 1, 0, 0, '0'),
(67, 42, 'Electro Tilt Table', 1, 1, 0, 0, '0'),
(68, 42, 'Infra Red & Ultraviolet', 1, 1, 0, 0, '0'),
(69, 42, 'Elektrocardiograph', 1, 1, 0, 0, '0'),
(70, 42, 'Electro Tilt Table', 1, 1, 0, 0, '0'),
(71, 42, 'Infra Red & Ultraviolet', 1, 1, 0, 0, '0'),
(72, 42, 'Modular Electro Therapy', 1, 1, 0, 0, '0'),
(73, 42, 'Ultra Sound Theraphy', 1, 1, 0, 0, '0'),
(74, 42, 'Alat Kedokteran Radioterapy', 5, 5, 0, 0, '0'),
(75, 42, 'Kursi Gynecologi', 2, 2, 0, 0, '0'),
(76, 42, 'Patient Strecher', 4, 4, 0, 0, '0'),
(77, 42, 'Alat Kedokteran ICU Lainnya', 1, 1, 0, 0, '0'),
(78, 42, 'Alat Kedokteran Lainnya', 1, 1, 0, 0, '0'),
(79, 42, 'Alat Kesehatan Umum Lain- Lainnya', 1, 1, 0, 0, '0'),
(80, 42, 'Blood Chemistry Analysis', 1, 1, 0, 0, '0'),
(81, 42, 'Meja Kerja Stainless', 2, 2, 0, 0, '0'),
(82, 42, 'Finger Print Camera', 1, 1, 0, 0, '0'),
(83, 42, 'Operating Lamp', 1, 1, 0, 0, '0'),
(84, 42, 'Elektrocardiograph (ECG)', 2, 2, 0, 0, '0'),
(85, 42, 'Patient Monitor', 3, 3, 0, 0, '0'),
(86, 42, 'Mobile X-Ray & Image Int', 1, 1, 0, 0, '0'),
(87, 42, 'Icu Bed Electric', 1, 1, 0, 0, '0'),
(88, 42, 'Anesthesi Apparatus', 1, 1, 0, 0, '0'),
(89, 42, 'Alat Kedokteran Lainnya', 1, 1, 0, 0, '0'),
(90, 42, 'Infusion Pump', 11, 11, 0, 0, '0'),
(91, 42, 'Syringe Pump (Alat Kedokteran Umum)', 4, 4, 0, 0, '0'),
(92, 42, 'Elektro Surgey Unit', 1, 1, 0, 0, '0'),
(93, 42, 'Infra Red & Ultraviolet', 1, 1, 0, 0, '0'),
(94, 42, 'Modular Electro Therapy', 1, 1, 0, 0, '0'),
(95, 42, 'Ultra Saond Therapy ', 1, 1, 0, 0, '0'),
(96, 42, 'Patient Strecher', 4, 4, 0, 0, '0'),
(97, 42, 'Alat Kedokteran I C U Lainnya', 1, 1, 0, 0, '0'),
(98, 42, 'Alat Kedokteran Lainnya', 1, 1, 0, 0, '0');

-- --------------------------------------------------------

--
-- Table structure for table `alsintor`
--

CREATE TABLE `alsintor` (
  `id_alsintor` int(11) NOT NULL,
  `id_satker` int(11) DEFAULT NULL,
  `bmn` varchar(200) NOT NULL,
  `jumlah` int(25) NOT NULL,
  `bb` int(25) NOT NULL,
  `rr` int(25) NOT NULL,
  `rb` int(25) NOT NULL,
  `ket` varchar(255) NOT NULL
) ENGINE=InnoDB DEFAULT CHARSET=utf8mb4 COLLATE=utf8mb4_unicode_ci;

--
-- Dumping data for table `alsintor`
--

INSERT INTO `alsintor` (`id_alsintor`, `id_satker`, `bmn`, `jumlah`, `bb`, `rr`, `rb`, `ket`) VALUES
(12, 42, 'Lemari Besi/Metal', 2, 2, 0, 0, '0'),
(13, 42, 'Rak Besi', 2, 2, 0, 0, '0'),
(14, 42, 'Meja Kerja Kayu', 2, 2, 0, 0, '0'),
(15, 42, 'Kursi Besi/Metal', 11, 11, 0, 0, '0'),
(16, 42, 'Kursi Kayu', 1, 1, 0, 0, '0'),
(17, 42, 'Meja Makan Besi', 2, 2, 0, 0, '0'),
(18, 42, 'Workstation', 2, 2, 0, 0, '0'),
(19, 42, 'Mesin Cuci', 1, 1, 0, 0, '0'),
(20, 42, 'AC Split', 9, 9, 0, 0, '0'),
(21, 42, 'Kipas Angin', 5, 5, 0, 0, '0'),
(22, 42, 'Sound System', 1, 1, 0, 0, '0'),
(23, 42, 'Tangga Aluminium', 2, 2, 0, 0, '0'),
(24, 42, 'Mesin Pengering Pakaian', 1, 1, 0, 0, '0'),
(25, 42, 'Alat Rumah Tangga Lainnya (Home Use)', 5, 5, 0, 0, '0'),
(26, 42, 'Alat Rumah Tangga Lainnya', 5, 5, 0, 0, '0'),
(27, 42, 'Telephone Mobile', 5, 5, 0, 0, '0'),
(28, 42, 'Lemari Obat (Kaca)', 1, 1, 0, 0, '0'),
(29, 42, 'Fing Cameraer Print', 27, 27, 0, 0, '0'),
(30, 42, 'P.C Unit', 16, 16, 0, 0, '0'),
(31, 42, 'Lap Top', 36, 36, 0, 0, '0'),
(32, 42, 'Printer (Peralatan Personel Komputer)', 17, 17, 0, 0, '0'),
(33, 42, 'Kabel UTP', 1, 1, 0, 0, '0'),
(34, 42, 'Peralatan Komputer Lainnya', 2, 2, 0, 0, '0'),
(35, 20, 'Laptop', 1, 1, 0, 0, '0'),
(36, 50, 'Software Komputer', 7, 7, 0, 0, '0'),
(37, 42, 'CCTV', 1, 1, 0, 0, '0'),
(38, 42, 'Sofa', 4, 4, 0, 0, '0'),
(39, 42, 'Meubelair Lainnya', 1, 1, 0, 0, '0'),
(40, 42, 'AC Split', 1, 1, 0, 0, '0'),
(41, 42, 'Telivisi', 4, 4, 0, 0, '0'),
(42, 42, 'Unintterupted Power Supply', 3, 3, 0, 0, '0'),
(43, 42, 'P.C Unit', 6, 6, 0, 0, '0'),
(44, 42, 'Lap Top', 2, 2, 0, 0, '0'),
(45, 42, 'Printer (Peralatan Personel Komputer)', 4, 4, 0, 0, '0'),
(46, 26, 'Laptop', 1, 1, 0, 0, '0'),
(47, 37, 'Battery Charger (Peralatan Studio Audio)', 1, 1, 0, 0, '0'),
(48, 37, 'Handy Talky', 1, 1, 0, 0, '0'),
(49, 37, 'Laptop', 2, 2, 0, 0, '0'),
(50, 37, 'A.C Split', 1, 1, 0, 0, '0'),
(51, 37, 'Sound System Portable Manpack', 1, 1, 0, 0, '0'),
(52, 42, 'Mesin Pompa Air PMK', 1, 1, 0, 0, '0'),
(53, 42, 'Lemari Penyimpanan', 6, 6, 0, 0, '0'),
(54, 42, 'Lemari Besi/Metal', 8, 8, 0, 0, '0'),
(55, 42, 'Tabung Pemadam Api', 7, 7, 0, 0, '0'),
(56, 42, 'CCTV-Camera Control Television System', 1, 1, 0, 0, '0'),
(57, 42, 'LCD Projector/Infocus', 1, 1, 0, 0, '0'),
(58, 42, 'Papan Gambar', 1, 1, 0, 0, '0'),
(59, 42, 'Perkakas Kantor Lainnya', 1, 1, 0, 0, '0'),
(60, 42, 'Meja Kerja Besi/Metal', 61, 61, 0, 0, '0'),
(61, 42, 'Meja Kerja Kayu', 1, 1, 0, 0, '0'),
(62, 42, 'Kursi Besi/Metal', 84, 84, 0, 0, '0'),
(63, 42, 'Kursi Kayu', 1, 1, 0, 0, '0'),
(64, 42, 'Kursi Kayu', 1, 1, 0, 0, '0'),
(65, 42, 'Meja Rapat', 1, 1, 0, 0, '0'),
(66, 42, 'Kursi Fiber Glass/Plastik', 2, 2, 0, 0, '0'),
(67, 42, 'Sofa', 10, 10, 0, 0, '0'),
(68, 42, 'Lemari Es', 7, 7, 0, 0, '0'),
(69, 42, 'AC Window', 1, 1, 0, 0, '0'),
(70, 42, 'AC Split', 13, 13, 0, 0, '0'),
(71, 42, 'Cold Room Freezer', 1, 1, 0, 0, '0'),
(72, 42, 'Televisi', 2, 2, 0, 0, '0'),
(73, 42, 'Pataka', 2, 2, 0, 0, '0'),
(74, 42, 'Tangga Aluminium', 2, 2, 0, 0, '0'),
(75, 42, 'Dispenser', 2, 2, 0, 0, '0'),
(76, 42, 'Bracket Standing Peralatan', 1, 1, 0, 0, '0'),
(77, 42, 'Microphone/Wireless MIC', 1, 1, 0, 0, '0'),
(78, 42, 'Trippod/Camera', 1, 1, 0, 0, '0'),
(79, 42, 'LCD Monitor', 1, 1, 0, 0, '0'),
(80, 42, 'Telephone Mobile', 2, 2, 0, 0, '0'),
(81, 42, 'Meja Kerja Stainless', 2, 2, 0, 0, '0'),
(82, 42, 'Finger Print Camera', 1, 1, 0, 0, '0'),
(83, 42, 'P.C Unit', 4, 4, 0, 0, '0'),
(84, 42, 'Laptop', 3, 3, 0, 0, '0'),
(85, 42, 'Printer (Peralatan Personel Komputer)', 10, 10, 0, 0, '0');

-- --------------------------------------------------------

--
-- Table structure for table `alsus`
--

CREATE TABLE `alsus` (
  `id_alsus` int(11) NOT NULL,
  `id_satker` int(11) DEFAULT NULL,
  `bmn` varchar(200) NOT NULL,
  `jumlah` int(25) NOT NULL,
  `bb` int(25) NOT NULL,
  `rr` int(25) NOT NULL,
  `rb` int(25) NOT NULL,
  `ket` enum('Simak','Non Simak','','') DEFAULT NULL
) ENGINE=InnoDB DEFAULT CHARSET=utf8mb4 COLLATE=utf8mb4_unicode_ci;

--
-- Dumping data for table `alsus`
--

INSERT INTO `alsus` (`id_alsus`, `id_satker`, `bmn`, `jumlah`, `bb`, `rr`, `rb`, `ket`) VALUES
(3, 39, 'Sound System Portable Manpack', 3, 3, 0, 0, ''),
(4, 19, 'Sound System Portable Manpack', 4, 4, 0, 0, ''),
(5, 20, 'APAR  (Alat Pemadam Api Ringan)', 6, 6, 0, 0, ''),
(6, 20, 'Sound System Portable Manpack', 3, 3, 0, 0, ''),
(7, 20, 'Handy Talky', 1, 1, 0, 0, ''),
(8, 28, 'Sound System Portable Manpack', 2, 2, 0, 0, ''),
(9, 30, 'Rompi Anti Peluru', 20, 20, 0, 0, ''),
(10, 30, 'Rompi Anti Sajam', 20, 20, 0, 0, ''),
(11, 30, 'Jaket Kulit Anti Sajam', 1, 1, 0, 0, ''),
(12, 30, 'Rompi Anti Tusuk', 47, 47, 0, 0, ''),
(13, 30, 'Handy Talky', 7, 7, 0, 0, ''),
(14, 30, 'Handy Talky', 7, 7, 0, 0, ''),
(15, 30, 'Radio Link (HT)', 25, 25, 0, 0, ''),
(16, 30, 'Sound System Portable Manpack', 1, 1, 0, 0, ''),
(17, 30, '4 K latent Fingerrint Detection Tablet', 11, 11, 0, 0, ''),
(18, 30, 'Lensa NBP Filter Set', 6, 6, 0, 0, ''),
(19, 30, 'Battery Cadangan', 1, 1, 0, 0, ''),
(20, 30, 'CUP (Penutup Kamera)', 1, 1, 0, 0, ''),
(21, 30, 'Kabel Charger Tablet', 1, 1, 0, 0, ''),
(22, 30, 'Kabel Charger Battery ', 1, 1, 0, 0, ''),
(23, 30, 'Adapter Charger Universal', 1, 1, 0, 0, ''),
(24, 30, 'Tali Selempang Alat 4K Detection Tablet', 1, 1, 0, 0, ''),
(25, 30, 'Kacamata Pelindung', 1, 1, 0, 0, ''),
(26, 30, 'Penggaris Ukur SJL', 1, 1, 0, 0, ''),
(27, 30, 'Skrap Pembersih Lensa Kamera', 1, 1, 0, 0, ''),
(28, 30, 'Kain Mikro Fiber Pembersih Layar Tablet', 1, 1, 0, 0, ''),
(29, 30, 'Buku Panduan', 1, 1, 0, 0, ''),
(30, 30, 'Koper', 1, 1, 0, 0, ''),
(31, 30, 'Lab Copy Stand', 1, 1, 0, 0, ''),
(32, 30, 'Tripot', 1, 1, 0, 0, ''),
(33, 30, 'Keyboard dan Mouse Wireless', 1, 1, 0, 0, ''),
(34, 29, 'Rompi Anti Tusuk', 47, 47, 0, 0, ''),
(35, 31, 'Handycam/Video Camera', 1, 1, 0, 0, ''),
(36, 31, 'Camera Digital', 1, 1, 0, 0, ''),
(37, 31, 'Alat Khusus Kepolisian', 11, 11, 0, 0, ''),
(38, 31, 'Borgol Plastik', 298, 298, 0, 0, ''),
(39, 31, 'Borgol Besi dengan sarung borgol besi', 250, 250, 0, 0, ''),
(40, 31, 'Helm Tempur', 35, 35, 0, 0, ''),
(41, 31, 'Rompi Anti Peluru dan Sajam', 104, 104, 0, 0, ''),
(42, 31, 'Digital Voice Rec S-1330', 1, 1, 0, 0, ''),
(43, 31, 'TKP Kit', 6, 6, 0, 0, ''),
(44, 31, 'Referensi', 8, 8, 0, 0, ''),
(45, 31, 'Portable Digital Direction Finder', 1, 1, 0, 0, ''),
(46, 31, 'Cellullar Tactical Active dan Passive Interception', 3, 3, 0, 0, ''),
(47, 31, 'Universal Forensic Extraction Device (UFED)', 1, 1, 0, 0, ''),
(48, 31, 'GPS', 1, 1, 0, 0, ''),
(49, 31, 'Handy Talky', 14, 14, 0, 0, ''),
(50, 31, 'Rompi Anti Tusuk', 47, 47, 0, 0, ''),
(51, 31, 'Sound System Portable Manpack', 1, 1, 0, 0, ''),
(52, 31, 'PC/Unit', 73, 73, 0, 0, ''),
(53, 23, 'Sound System Portable Manpack', 1, 1, 0, 0, ''),
(54, 23, 'Megaphone', 58, 58, 0, 0, ''),
(55, 23, 'Camera Video', 1, 1, 0, 0, ''),
(56, 31, 'Handy Talky', 4, 4, 0, 0, ''),
(57, 21, 'Gas Masker', 313, 313, 0, 0, ''),
(58, 21, 'Filter Gas Masker', 249, 249, 0, 0, ''),
(59, 21, 'Tas', 124, 124, 0, 0, ''),
(60, 21, 'Sound System Portable Manpack', 1, 1, 0, 0, ''),
(61, 21, 'Alat Pendeteksi secara virtual', 1, 1, 0, 0, ''),
(62, 21, 'Alat Pendeteksi secara akustik', 1, 1, 0, 0, ''),
(63, 21, 'Baju Operator', 2, 2, 0, 0, ''),
(64, 21, 'Helmet Rescue', 2, 2, 0, 0, ''),
(65, 21, 'Sarung Tagan Rescue', 2, 2, 0, 0, ''),
(66, 21, 'Sepatu', 2, 2, 0, 0, ''),
(67, 21, 'Senter', 2, 2, 0, 0, ''),
(68, 21, 'Gearbag', 2, 2, 0, 0, ''),
(69, 21, 'Spekaer Komunikasi Patroli', 200, 200, 0, 0, ''),
(70, 21, 'Speaker Komunikasi', 1, 1, 0, 0, ''),
(71, 21, 'Tas Tempat Speaker', 1, 1, 0, 0, ''),
(72, 21, 'Mikro SD 8 Giga', 1, 1, 0, 0, ''),
(73, 21, 'Tameng Desak', 10, 10, 0, 0, ''),
(74, 21, 'Tameng Sekat', 10, 10, 0, 0, ''),
(75, 21, 'Senjata Elektrik', 47, 47, 0, 0, ''),
(76, 21, 'Speaker komunikasi patroli', 200, 200, 0, 0, ''),
(77, 21, 'Senjata Elektrik ', 47, 47, 0, 0, ''),
(78, 21, 'Laser', 1, 1, 0, 0, ''),
(79, 21, 'Sound Detector', 2, 2, 0, 0, ''),
(80, 21, 'Tabung Pemadam Api', 68, 68, 0, 0, ''),
(81, 21, 'Handy Talky', 2, 2, 0, 0, ''),
(82, 21, 'Accoustic Portable', 4, 4, 0, 0, ''),
(83, 21, 'Alat deteksi paket bom surat', 2, 2, 0, 0, ''),
(84, 21, 'Breathing Aparatus', 4, 4, 0, 0, ''),
(85, 21, 'Tameng', 158, 158, 0, 0, ''),
(86, 21, 'Rompi Dalmas', 224, 224, 0, 0, ''),
(87, 21, 'Tongkat Dalmas', 224, 224, 0, 0, ''),
(88, 21, 'Flash Ball', 71, 71, 0, 0, ''),
(89, 21, 'Chating Net', 24, 24, 0, 0, ''),
(90, 21, 'Helm Anti Peluru', 80, 80, 0, 0, ''),
(91, 21, 'Rompi Anti Peluru', 512, 512, 0, 0, ''),
(92, 21, 'Masker Gas', 88, 88, 0, 0, ''),
(93, 21, 'Helm Dalmas', 149, 149, 0, 0, ''),
(94, 21, 'Pelindung Badan', 149, 149, 0, 0, ''),
(95, 21, 'Tongkat Dalmas', 149, 149, 0, 0, ''),
(96, 21, 'Tameng Dalmas', 149, 149, 0, 0, ''),
(97, 21, 'Gas Masker+Canester', 149, 149, 0, 0, ''),
(98, 21, 'Pemadam Api ringan 3 Kg', 7, 7, 0, 0, ''),
(99, 21, 'Megapone ', 7, 7, 0, 0, ''),
(100, 21, 'Tactical Anti Riot Gear', 36, 36, 0, 0, ''),
(101, 21, 'Canester', 149, 149, 0, 0, ''),
(102, 21, 'Handy Talky', 1, 1, 0, 0, ''),
(103, 21, 'Video Camera', 6, 6, 0, 0, ''),
(104, 21, 'Senjata Laras Licin/Flashball Maxi ', 13, 13, 0, 0, ''),
(105, 21, 'Amunisi Gas Air Mata Projectile CS Gas Cloud 3 CS', 289, 289, 0, 0, ''),
(106, 22, 'Sound System Portable Manpack', 3, 3, 0, 0, ''),
(107, 22, 'Borgol Lantas', 678, 678, 0, 0, ''),
(108, 22, 'Helm Polantas', 204, 204, 0, 0, ''),
(109, 24, 'Compressor Lainnya', 1, 1, 0, 0, ''),
(110, 24, 'Gergaji Chain Saw', 1, 1, 0, 0, ''),
(111, 24, 'Tool Kit Set', 1, 1, 0, 0, ''),
(112, 24, 'Tabung Pemadam Api', 1, 1, 0, 0, ''),
(113, 24, 'Alat Detektor Barang Terlerang/Xray', 2, 2, 0, 0, ''),
(114, 24, 'Alat Detector barang terlerang/xray', 2, 2, 0, 0, ''),
(115, 24, 'walkthrough/portal metal detector', 1, 1, 0, 0, ''),
(116, 24, 'Wireless', 1, 1, 0, 0, ''),
(117, 24, 'Camera Video', 1, 1, 0, 0, ''),
(118, 24, 'Weapon & metal dtector (Check gate)', 4, 4, 0, 0, ''),
(119, 24, 'Camera Digital', 1, 1, 0, 0, ''),
(120, 24, 'Handy Talky', 17, 17, 0, 0, ''),
(121, 24, 'Alat Komunkasi Radio UHF Lainnya ', 1, 1, 0, 0, ''),
(122, 24, 'Alat Surveillance', 1, 1, 0, 0, ''),
(123, 24, 'Alat Pemadam Kebakaran', 3, 3, 0, 0, ''),
(124, 24, 'Explosive Detector (Mini Z)', 1, 1, 0, 0, ''),
(125, 24, 'Explosive Detector (PEAD)', 1, 1, 0, 0, ''),
(126, 24, 'Gas Makser', 1, 1, 0, 0, ''),
(127, 24, 'Gas Masker', 1, 1, 0, 0, ''),
(128, 24, 'Helm Tempur', 20, 20, 0, 0, ''),
(129, 24, 'Rompi Anti Peluru dan Sajam Level IIIA', 64, 64, 0, 0, ''),
(130, 24, 'Integrted Remote Control and Monitoring System (IRCMS)', 2, 2, 0, 0, ''),
(131, 24, 'Walk Through Metal Detector (WTMD)', 2, 2, 0, 0, ''),
(132, 24, 'Security Door Type Cellsense', 5, 5, 0, 0, ''),
(133, 24, 'Hand Held Metal Detector (Garret)', 20, 20, 0, 0, ''),
(134, 24, 'Tall Antrian', 52, 52, 0, 0, ''),
(135, 24, 'Rool Banner', 13, 13, 0, 0, ''),
(136, 24, 'Cable Rool', 13, 13, 0, 0, ''),
(137, 24, 'Check Bagage X-Ray', 40, 40, 0, 0, ''),
(138, 24, 'Hand Held Metal', 40, 40, 0, 0, ''),
(139, 24, 'Cover Body X-Ray', 8, 8, 0, 0, ''),
(140, 24, 'Secdoor', 8, 8, 0, 0, ''),
(141, 24, 'Operator Suit', 40, 40, 0, 0, ''),
(142, 24, 'Personal Detection', 8, 8, 0, 0, ''),
(143, 24, 'Sound System Portable Manpack', 1, 1, 0, 0, ''),
(144, 26, 'Perahu Karet', 26, 21, 0, 5, ''),
(145, 26, 'Mesin Potong Plat', 6, 6, 0, 0, ''),
(146, 26, 'Senter Bawah Air', 8, 8, 0, 0, ''),
(147, 26, 'Tabung Pemadam Api', 325, 324, 0, 1, ''),
(148, 26, 'Tempat Tidur Besi', 60, 50, 0, 10, ''),
(149, 26, 'Remote Controlled LifeSaver U Save', 30, 30, 0, 0, ''),
(150, 26, 'Speed Boat', 3, 0, 2, 1, ''),
(151, 26, 'Long Boat', 2, 2, 0, 0, ''),
(152, 26, 'Kapal Patroli Pantai', 10, 0, 10, 0, ''),
(153, 26, 'Perahu Motor', 1, 1, 0, 0, ''),
(154, 26, 'Sea Rider', 4, 4, 0, 0, ''),
(155, 26, 'Amphibi Dredger', 2, 2, 0, 0, ''),
(156, 26, 'Changing Bag', 30, 30, 0, 0, ''),
(157, 26, 'Teropong/Keker', 3, 3, 0, 0, ''),
(158, 24, 'Gas Detector', 4, 4, 0, 0, ''),
(159, 26, 'Gas Detector', 15, 15, 0, 0, ''),
(160, 26, 'Gas Detector', 4, 4, 0, 0, ''),
(161, 26, 'Pemanas Jaket', 15, 15, 0, 0, ''),
(162, 26, 'Helmet', 8, 8, 0, 0, ''),
(163, 26, 'Alat Khusus Kepolisian Lainnya', 30, 30, 0, 0, ''),
(164, 26, 'Rompi Anti Peluru', 177, 177, 0, 0, ''),
(165, 26, 'Teropong (Optik)', 4, 4, 0, 0, ''),
(166, 26, 'Alat Deteksi Lainnya', 2, 2, 0, 0, ''),
(167, 26, 'Baju Anti Panas', 5, 5, 0, 0, ''),
(168, 26, 'Baju Anti Radiasi', 16, 16, 0, 0, ''),
(169, 26, 'Masker Gas Tactical Breathing ', 4, 4, 0, 0, ''),
(170, 26, 'Masker Debu', 2, 2, 0, 0, ''),
(171, 26, 'Helmet Tahaan Peluru Level III', 8, 8, 0, 0, ''),
(172, 26, 'Sabuk Pengaman Lainnya', 4, 4, 0, 0, ''),
(173, 26, 'Life Jacket ', 134, 134, 0, 0, ''),
(174, 26, 'Alat Penolong Lainnya', 1, 1, 0, 0, ''),
(175, 26, 'Tenda Pleton (Alat Pendukung Pencarian)', 2, 2, 0, 0, ''),
(176, 26, 'Thermal Imaging Camera', 5, 5, 0, 0, ''),
(177, 26, 'Alat Selam Seet', 17, 17, 0, 0, ''),
(178, 26, 'Compressor Udara', 2, 2, 0, 0, ''),
(179, 26, 'Alat Kerja Bawah Air', 8, 8, 0, 0, ''),
(180, 26, 'Alas, Tabung Udara tangki 80 cft', 4, 4, 0, 0, ''),
(181, 26, 'Kamera/vidio dengan tempatnya untuk bawah air (sea&sea)', 3, 3, 0, 0, ''),
(182, 26, 'Skuter penyelam (sea doo)', 2, 2, 0, 0, ''),
(183, 26, 'Drum', 7, 0, 0, 7, ''),
(184, 26, 'Alat Pemotong Stringe (Solid Material Handling Equipment)', 2, 2, 0, 0, ''),
(185, 26, 'Sound System Portable Manpack', 2, 2, 0, 0, ''),
(186, 26, 'Life Jacket ', 134, 134, 0, 0, ''),
(187, 26, 'Alat Penolong Lainnya', 1, 1, 0, 0, ''),
(188, 26, 'Tenda Pleton (Alat Pendukung Lainnya)', 2, 2, 0, 0, ''),
(189, 26, 'Thermal Imaging Camera', 5, 5, 0, 0, ''),
(190, 26, 'Alat Selam Seet', 17, 17, 0, 0, ''),
(191, 26, 'Compressor Udara', 2, 2, 0, 0, ''),
(192, 26, 'Alat Kerja  bawah air', 8, 8, 0, 0, ''),
(193, 27, 'Telepon', 3, 0, 3, 0, ''),
(194, 27, 'Radio Tangan (HT)', 200, 17, 170, 13, ''),
(195, 27, 'Radio Mobil', 4, 3, 1, 0, ''),
(196, 27, 'Wireless', 2, 2, 0, 0, ''),
(197, 27, 'Sound System Portable Manpack', 6, 6, 0, 0, ''),
(198, 27, 'Aimpoin COM M4S type red dot', 60, 42, 18, 0, ''),
(199, 27, 'Aimpoint COM M4S type 3 kali pembesaran', 2, 2, 0, 0, ''),
(200, 27, 'Aimpoit type alat bidik sudut (CEU)', 2, 2, 0, 0, ''),
(201, 27, 'Picanty rel AK 101-102', 670, 670, 0, 0, ''),
(202, 27, 'Irlaser/Illuminator and Visible Green Laser', 94, 94, 0, 0, ''),
(203, 27, 'Tas Senpi Serbu (AK101)', 30, 30, 0, 0, ''),
(204, 27, 'Handheld Multy Indicator Serstech', 1, 1, 0, 0, ''),
(205, 27, 'Sangkur AK 101', 1042, 1042, 0, 0, ''),
(206, 27, 'Sangkur Steyr Aug A3 SF', 35, 35, 0, 0, ''),
(207, 27, 'Alat Bidik Senjata Kal 5,56 mm (wanterior)', 80, 80, 0, 0, ''),
(208, 27, 'Alat Bidik Senjata Kal 5,56 mm (GAG)', 110, 110, 0, 0, ''),
(209, 27, 'Alat Bidik SMR Kal 5,56 x 45 mm Leupold & Steven Inc, HAMR Mark 4 ', 2, 2, 0, 0, ''),
(210, 27, 'Silencer Sniper Steel Core Kal.308', 4, 4, 0, 0, ''),
(211, 27, 'Silencer Steyr Aug A3 SF', 6, 6, 0, 0, ''),
(212, 27, 'Optik Unit Wanterior', 95, 95, 0, 0, ''),
(213, 27, 'Alat Alpha 5', 5, 5, 0, 0, ''),
(214, 27, 'Optik GAG + Flashlight', 50, 50, 0, 0, ''),
(215, 27, 'Optik Wanteror Aimpoint Type Campms', 30, 30, 0, 0, ''),
(216, 27, 'Optik Unit GAG', 64, 64, 0, 0, ''),
(217, 27, 'Alat Penginderaan Laser Infra Merah Aktif/Pasif Multifungsi', 3, 3, 0, 0, ''),
(218, 27, 'Peralatan Optik Unit Wanterior', 47, 47, 0, 0, ''),
(219, 27, 'Alat Taktis Observasi Malam', 14, 0, 14, 0, ''),
(220, 27, 'Alat Penjejak Panas Tubuh', 15, 0, 15, 0, ''),
(221, 27, 'Pemindai panas tubuh satu tabung', 2, 0, 2, 0, ''),
(222, 27, 'Alat Taktis Observasi Malam Multi Fungsi Monocular', 2, 0, 2, 0, ''),
(223, 27, 'Day Time Therogrphic Weapon Sight ', 7, 0, 7, 0, ''),
(224, 27, 'Monitor Ukuran 5 Inch', 3, 0, 3, 0, ''),
(225, 27, 'Laser Ringe Finder Unit Wanterior', 11, 7, 4, 0, ''),
(226, 27, 'Laser Range Finder 3500X', 5, 5, 0, 0, ''),
(227, 27, 'Alat Pindai Optik Anti Sniper Otomatis', 1, 1, 0, 0, ''),
(228, 27, 'Advance Tactical Military Grade Power Manager', 3, 3, 0, 0, ''),
(229, 27, 'Through Wall Imaging System', 1, 1, 0, 0, ''),
(230, 27, 'Laser Range Finder Leupold ', 8, 8, 0, 0, ''),
(231, 27, 'Drone Unit Waanteror Puna', 1, 0, 0, 1, ''),
(232, 27, 'Drone Observasi Tactical', 1, 1, 0, 0, ''),
(233, 27, 'Drone Nano Tactical', 1, 1, 0, 0, ''),
(234, 27, 'Tameng Listrik', 16, 0, 0, 16, ''),
(235, 27, 'Tongkat Sodok Listrik', 12, 0, 0, 12, ''),
(236, 27, 'Tameng Sekat', 378, 142, 218, 18, ''),
(237, 27, 'Tongkat Sodok/Panjang', 240, 57, 98, 85, ''),
(238, 27, 'Rompi Hitam', 1344, 192, 701, 451, ''),
(239, 27, 'Anti Riot Helmet/Helm PHH', 1456, 312, 620, 524, ''),
(240, 27, 'Anti Riot Shield/Tameng Fiberglass', 956, 200, 712, 44, ''),
(241, 27, 'Gas Masker', 1766, 465, 1177, 124, ''),
(242, 27, 'Canester', 1760, 642, 978, 140, ''),
(243, 27, 'Megaphone', 24, 4, 19, 1, ''),
(244, 27, 'Vidio Camera/Handycam', 22, 4, 17, 1, ''),
(245, 27, 'Elektrik Baton/tongkat listrik', 5, 0, 5, 0, ''),
(246, 27, 'Army Search Light/Senter', 3, 0, 3, 0, ''),
(247, 27, 'Tabung Pemadam Api/APAR/Firekil', 223, 8, 214, 1, ''),
(248, 27, 'Sarung tangan kulit', 280, 0, 280, 0, ''),
(249, 27, 'Pemotong kawat/gunting', 0, 0, 0, 0, ''),
(250, 27, 'Borgol', 76, 0, 76, 0, ''),
(251, 27, 'Tongkat Letter T', 150, 0, 145, 5, ''),
(252, 27, 'Kamera Foto', 3, 0, 3, 0, ''),
(253, 27, 'Kamera Foto', 3, 3, 0, 0, ''),
(254, 27, 'Tongkat Rotan', 487, 232, 253, 3, ''),
(255, 27, 'DH 7000 CS Canester Liquid Gas Dispenser', 5, 0, 5, 0, ''),
(256, 27, 'DH 500 A Canaster Powder Gas Dispenser', 10, 10, 0, 0, ''),
(257, 27, 'CS Liiquid For DH 7000', 30, 0, 30, 0, ''),
(258, 27, 'CS Powder For GH 5000A', 35, 0, 35, 0, ''),
(259, 27, 'Tongkat Lecut', 255, 0, 255, 0, ''),
(260, 27, 'IFEX 34 MG', 2, 0, 2, 0, ''),
(261, 27, 'IFEX 34 MT', 1, 0, 1, 0, ''),
(262, 27, 'Borgol Plastik', 2036, 2006, 26, 4, ''),
(263, 27, 'Pemadam Api Tekanan Tinggi', 5, 0, 5, 0, ''),
(264, 27, 'Security Barrier / automatic', 16, 0, 15, 0, ''),
(265, 27, 'Pengeras Suaa Hyper Speaker', 25, 3, 22, 0, ''),
(266, 27, 'Gigaphone PG-610A Junsungtech', 60, 10, 50, 0, ''),
(267, 27, 'Helm PHH Full Accessories', 110, 30, 80, 0, ''),
(268, 27, 'Alat Keslap', 12, 2, 10, 0, ''),
(269, 27, 'Baton Stik/Tongkat Besi', 200, 200, 0, 0, ''),
(270, 27, 'Tactical Mass Control Device', 36, 36, 0, 0, ''),
(271, 27, 'Hand Held Mirror Set', 16, 0, 16, 0, ''),
(272, 27, 'Mirror Trolly ', 7, 0, 7, 0, ''),
(273, 27, 'Mine Detector/Metek Lap MD 3000', 5, 0, 4, 1, ''),
(274, 27, 'Non Magnetic MineProdder', 2, 0, 2, 0, ''),
(275, 27, 'EVD 3000', 3, 0, 1, 2, ''),
(276, 27, 'Portable X-Ray Inspection', 1, 0, 1, 0, ''),
(277, 27, 'Portable X- Type Rayzorx', 1, 1, 0, 0, ''),
(278, 27, 'Portable X-Ray/Vidisco', 1, 1, 0, 0, ''),
(279, 27, 'X-Ray Logos', 1, 0, 1, 0, ''),
(280, 27, 'Fido X3 Startet Kit', 1, 0, 1, 0, ''),
(281, 27, 'Scanwedge Portable X-Ray With XRS-3', 1, 1, 0, 0, ''),
(282, 27, 'X-Ray Tripod', 1, 1, 0, 0, ''),
(283, 27, 'Portable LCD Endoscope Kit', 3, 0, 2, 1, ''),
(284, 27, 'Portable Walk Through Metal Detect tor Gate - M - Scope', 3, 0, 2, 1, ''),
(285, 27, 'MD 2000 Metal Detector', 2, 2, 0, 0, ''),
(286, 27, 'Garatte Hand Held Metal Detector ', 16, 0, 16, 0, ''),
(287, 27, 'Non Magnetic MineProdder', 2, 0, 2, 0, ''),
(288, 27, 'VT 2 Portable Explosive Vapour Detector', 1, 0, 1, 0, ''),
(289, 27, 'Telescopic Arm With Torch Complete With Mirror', 9, 0, 9, 0, ''),
(290, 27, 'Under Vehicle Search Mirror Trolley', 1, 0, 1, 0, ''),
(291, 27, 'XR 200 Portable X-Ray System', 1, 0, 1, 0, ''),
(292, 27, 'General Purpose and Non Conduc Tive Flexible Endoscope Search Kit', 1, 1, 0, 0, ''),
(293, 27, 'Secdor Passsex 100 M', 1, 1, 0, 0, ''),
(294, 27, 'Dual Energy', 1, 1, 0, 0, ''),
(295, 27, 'Robot Survilance', 2, 2, 0, 0, ''),
(296, 27, 'Alat Identefikasi Bom Aldesi', 1, 1, 0, 0, ''),
(297, 27, 'Alat Forensik Identifikasi dan Deteksi Handak', 450, 450, 0, 0, ''),
(298, 27, 'Portable X-Ray', 1, 1, 0, 0, ''),
(299, 27, 'EOD 9', 1, 1, 0, 0, ''),
(300, 27, 'EOD Body Amour MK 5', 5, 0, 0, 5, ''),
(301, 27, 'S-3 (Seek and Search Suit)', 8, 0, 8, 0, ''),
(302, 27, 'Bomb Blanket Lvel III', 6, 0, 6, 0, ''),
(303, 27, 'Body Vest Level III A', 3, 0, 3, 0, ''),
(304, 27, 'Body Vest Level IV', 18, 0, 18, 0, ''),
(305, 27, 'Helm Kevlar', 15, 0, 15, 0, ''),
(306, 27, 'Cooling Vest', 2, 0, 2, 0, ''),
(307, 27, 'Bom Blast Bin', 3, 0, 3, 0, ''),
(308, 27, 'Body Vest and Insert Level IV', 15, 0, 15, 0, ''),
(309, 27, 'Helmet Bullet Proof', 7, 0, 7, 0, ''),
(310, 27, 'S-3 (Seek & Search Suit) S/M Helmet', 5, 0, 5, 0, ''),
(311, 27, 'Stick Pengait', 3, 0, 3, 0, ''),
(312, 27, 'T-Shirt Balistik Level IIIA', 60, 60, 0, 0, ''),
(313, 27, 'Bomb Treller', 1, 1, 0, 0, ''),
(314, 27, 'Discrupter Recoiles and with Lasser', 3, 0, 3, 0, ''),
(315, 27, 'EOD / IEDD Discruptor', 2, 2, 0, 0, ''),
(316, 27, 'Discrupter Royal Arm', 1, 1, 0, 0, ''),
(317, 27, 'Discrupter Prop Arm', 1, 1, 0, 0, ''),
(318, 27, 'Shrike Hard Wire Exploder', 2, 2, 0, 0, ''),
(319, 27, 'Firing Cable', 3, 3, 0, 0, ''),
(320, 27, 'Digital Vanguard ROV', 1, 1, 0, 0, ''),
(321, 27, 'Ignition Set/Cable Reel (Exploder)', 1, 1, 0, 0, ''),
(322, 26, 'Pigstic EOD Discrupter With Lightstand', 3, 3, 0, 0, ''),
(323, 27, 'Cartridge kits for pigstick', 160, 160, 0, 0, ''),
(324, 27, 'Hand Held Initiator Minex', 3, 0, 3, 0, ''),
(325, 27, 'Stand/Mounting Discruptor', 2, 2, 0, 0, ''),
(326, 27, 'Rool Cable ', 2, 2, 0, 0, ''),
(327, 27, 'Blastig + Blaster\'s Ohm Meter', 2, 2, 0, 0, ''),
(328, 27, 'Scuib/Pematik', 10, 10, 0, 0, ''),
(329, 27, 'Kelongsong', 20, 0, 20, 0, ''),
(330, 27, 'Discrupter Recoiles RE 12G Mini', 1, 1, 0, 0, ''),
(331, 27, 'Blasting Chemring Shrike Kit EOD V PART No. 805-0301', 1, 1, 0, 0, ''),
(332, 27, 'Hook and Line Special Operation Kit', 5, 0, 5, 0, ''),
(333, 27, 'Hook and Line Tool Kit Besar', 5, 0, 5, 0, ''),
(334, 27, 'Vehicle Acces Kit HAL-Alpha 2', 1, 0, 1, 0, ''),
(335, 27, 'Blasting Cherming Shrike Kit EOD V PART No. 805-0301', 1, 1, 0, 0, ''),
(336, 27, 'Building Acces Kit Hal-Alpha 2', 1, 1, 0, 0, ''),
(337, 27, 'Building Acces Kit Hal', 1, 1, 0, 0, ''),
(338, 27, 'Search Light-Dragon Delta', 3, 0, 3, 0, ''),
(339, 27, 'IED Search Tool Kit', 1, 1, 0, 0, ''),
(340, 27, 'Radio Communication (HT-VOX) GP 338 Plus', 8, 8, 0, 0, ''),
(341, 27, 'Radio Communication (Base) GM 338', 1, 1, 0, 0, ''),
(342, 27, 'Dragon/Panther Search Light', 5, 0, 5, 0, ''),
(343, 27, 'Senter Night Search ', 2, 0, 2, 0, ''),
(344, 27, 'Flood Light', 4, 0, 4, 0, ''),
(345, 27, 'Megaphone', 2, 0, 2, 0, ''),
(346, 27, 'Telescope', 4, 0, 4, 0, ''),
(347, 27, 'Hook and Line Kit MK 4', 1, 0, 1, 0, ''),
(348, 27, 'Non Magnetic Tool Kit', 1, 0, 1, 0, ''),
(349, 27, 'Special Operation Kit', 1, 0, 1, 0, ''),
(350, 27, 'Dragon Search Light T 12 50W', 2, 0, 2, 0, ''),
(351, 27, 'EOD Search Tool Kit With 230 VAC', 1, 0, 1, 0, ''),
(352, 27, 'HT GP 340 Motorola', 1, 0, 1, 0, ''),
(353, 27, 'Binocular', 1, 0, 1, 0, ''),
(354, 27, 'Night Vision Device', 1, 0, 1, 0, ''),
(355, 27, 'Manipulator Arm', 1, 0, 1, 0, ''),
(356, 27, 'Digital Camera', 1, 1, 0, 0, ''),
(357, 27, 'Binoculer-Pyser SGI', 1, 0, 1, 0, ''),
(358, 27, 'Binoculer - Pyser SGI', 1, 0, 1, 0, ''),
(359, 27, 'Tali Rigging', 1, 0, 1, 0, ''),
(360, 27, 'Passex Portable Work Trough Metal Detector', 1, 0, 1, 0, ''),
(361, 27, 'Rechargeable Light Source', 4, 0, 4, 0, ''),
(362, 27, 'Tenda Pos Kotis', 1, 0, 1, 0, ''),
(363, 27, 'HT Motorolla GP 340', 4, 0, 4, 0, ''),
(364, 27, 'Jammer Frequensi Hand Phone Blck Phone BP 55', 1, 0, 1, 0, ''),
(365, 27, 'Handycam', 1, 0, 1, 0, ''),
(366, 27, 'Digital Multi Terter', 1, 0, 1, 0, ''),
(367, 27, 'Laptop/Notebook', 1, 0, 1, 0, ''),
(368, 27, 'PC, Printer, Scanner, External, HDD180G, Stablizer, UPS', 1, 1, 0, 0, ''),
(369, 27, 'Explosive Detector FI IR Type FIDO X3', 1, 0, 1, 0, ''),
(370, 27, 'XR Portable X-Ray System (Scan Wedge) Merk Scanna MSC ltd', 1, 1, 0, 0, ''),
(371, 27, 'Bomb Suit EOD 9 Set Med-Eng Type EOD Suit', 1, 0, 1, 0, ''),
(372, 27, 'Helmt', 1, 0, 1, 0, ''),
(373, 27, 'Pin Interface Cable', 6, 0, 6, 0, ''),
(374, 27, 'Cooling Suit', 1, 0, 1, 0, ''),
(375, 27, 'Body Vest Level IV', 5, 0, 5, 0, ''),
(376, 27, 'Seek and Search Suit/EOD Tactical Merk Medeng Type TAC 6 Suit', 1, 1, 0, 0, ''),
(377, 27, 'Blasting Machine and Ohm Meter Merk Duke Pro Type D80/ESI', 1, 0, 1, 0, ''),
(378, 27, 'Lancer Discruptor Set Merk CTS Type TWIN Lancer Discruptor', 1, 0, 1, 0, ''),
(379, 27, 'EOD Robot (ROV) Merk Med-Eng Type Remotel Operated Vechile Didital Vanguard', 1, 0, 1, 0, ''),
(380, 27, '200m Firing Kabel Merk Kirintec Type Light Weight Filing Cable', 1, 0, 1, 0, ''),
(381, 27, 'Sebo', 8, 0, 8, 0, ''),
(382, 27, 'Kopel', 8, 0, 8, 0, ''),
(383, 27, 'Camel Bag', 8, 0, 8, 0, ''),
(384, 27, 'Radio (Baterai, Charger, Hand Set)', 8, 0, 8, 0, ''),
(385, 27, 'Lampu Senter Tangan', 8, 0, 8, 0, ''),
(386, 27, 'Masker Gas', 8, 0, 8, 0, ''),
(387, 27, 'Kaca Mata Kecil', 8, 0, 8, 0, ''),
(388, 27, 'Kaca Mata Besar /Gogles Helm LV.3', 8, 0, 8, 0, ''),
(389, 27, 'Helm Balistic LV.3', 8, 0, 8, 0, ''),
(390, 27, 'Holster Paha', 8, 0, 8, 0, ''),
(391, 27, 'Pelindung Kevlar anti peluru LV.3', 8, 0, 8, 0, ''),
(392, 27, 'Binoculer-Pyser SGI', 1, 1, 0, 0, ''),
(393, 27, 'Tali Rigging', 1, 0, 1, 0, ''),
(394, 27, 'Passex Portable Work Trough Metal Detector', 1, 0, 1, 0, ''),
(395, 27, 'Rechargeable Light Source', 4, 0, 4, 0, ''),
(396, 27, 'Tenda Pos Kotis', 1, 0, 1, 0, ''),
(397, 27, 'HT Motorolla GP 340', 4, 0, 4, 0, ''),
(398, 27, 'Handycam', 1, 0, 1, 0, ''),
(399, 27, 'Digital Multi Teter', 1, 0, 1, 0, ''),
(400, 27, 'Laptop/Notebook', 1, 0, 1, 0, ''),
(401, 27, 'PC,Printer,Scanner, External, HDD180G,Stabilizer,UPS', 1, 0, 1, 0, ''),
(402, 27, 'Explosive Detector FI IR Type FIDO X3', 1, 0, 1, 0, ''),
(403, 27, 'Kantong Senter', 8, 0, 8, 0, ''),
(404, 27, 'Kantong Flashbang', 8, 0, 8, 0, ''),
(405, 27, 'Kantong Masker', 8, 0, 8, 0, ''),
(406, 27, 'Kantong Magazen M4', 8, 0, 8, 0, ''),
(407, 27, 'Kantong Mgazen 2 Slot Glock 17', 7, 0, 7, 0, ''),
(408, 27, 'Vest Simunisi/Rompi', 8, 0, 8, 0, ''),
(409, 27, 'Tas Peralatan', 8, 0, 8, 0, ''),
(410, 27, 'Tas Punggung Pendobrak Termasuk Peralatan Pendobrak', 1, 0, 1, 0, ''),
(411, 27, 'Binocular Legacy 10 X 50', 1, 0, 1, 0, ''),
(412, 27, 'Multi Charge Radio', 1, 0, 1, 0, ''),
(413, 27, 'Peralatan Haligan Besar', 2, 0, 2, 0, ''),
(414, 27, 'Busa Latihan', 1, 0, 1, 0, ''),
(415, 27, 'Tameng Anti Peluru LV.3', 2, 0, 2, 0, ''),
(416, 27, 'Palu Godam Kecil', 1, 0, 1, 0, ''),
(417, 27, 'Range Finde', 1, 0, 1, 0, ''),
(418, 27, 'Palu Godam Besar', 1, 0, 1, 0, ''),
(419, 27, 'Spottig Scope/teropong pemindai', 1, 0, 1, 0, ''),
(420, 27, 'Gunting Pemotong Borgol Plastik JIBOM', 2, 0, 2, 0, ''),
(421, 27, 'Kantong Isian Peluru discrupter', 2, 0, 2, 0, ''),
(422, 27, 'Meteran', 6, 0, 6, 0, ''),
(423, 27, 'Senter', 5, 0, 5, 0, ''),
(424, 27, 'Kacamata Putih', 10, 0, 10, 0, ''),
(425, 27, 'Camera dan Tripot', 1, 0, 1, 0, ''),
(426, 27, 'Kabel Demolition', 2, 0, 2, 0, ''),
(427, 27, 'Inverter', 1, 0, 1, 0, ''),
(428, 27, 'Tangga Lipat', 1, 0, 1, 0, ''),
(429, 27, 'Distrupter Royal arm', 1, 0, 1, 0, ''),
(430, 27, 'Sekop dan Batang Kayu', 1, 0, 1, 0, ''),
(431, 27, 'Earphone', 6, 0, 6, 0, ''),
(432, 27, 'Mata Kail Ukuran 14 Inch', 10, 0, 10, 0, ''),
(433, 27, 'Mata Kail Ukuran 9 Inch', 10, 0, 10, 0, ''),
(434, 27, 'Mata Kail Ukuran 5 Inch', 5, 0, 5, 0, ''),
(435, 27, 'Crimper', 7, 0, 7, 0, ''),
(436, 27, 'Alat Pembersih/Oil', 1, 0, 1, 0, ''),
(437, 27, 'Tang Pemotong Kabel', 6, 0, 6, 0, ''),
(438, 27, 'Jangkar', 6, 0, 6, 0, ''),
(439, 27, 'Senter', 6, 0, 6, 0, ''),
(440, 27, 'Jepitan', 4, 0, 4, 0, ''),
(441, 27, 'Spotting Scope/teropong pemindai', 1, 0, 1, 0, ''),
(442, 27, 'Gunting Pemotong Borgol Plastik JIBOM', 2, 0, 2, 0, ''),
(443, 27, 'Kantong isian peluru discrupter', 2, 0, 2, 0, ''),
(444, 27, 'Meteran', 6, 0, 6, 0, ''),
(445, 27, 'Senter', 5, 0, 5, 0, ''),
(446, 27, 'Kacamata Putih', 10, 0, 10, 0, ''),
(447, 27, 'Camera dan Tripot', 1, 0, 1, 0, ''),
(448, 27, 'Police Line', 6, 0, 6, 0, ''),
(449, 27, 'Kabel Demolition', 2, 0, 2, 0, ''),
(450, 27, 'Inverter', 1, 0, 1, 0, ''),
(451, 27, 'Inverter', 1, 0, 1, 0, ''),
(452, 27, 'Tangga Lipat', 1, 0, 1, 0, ''),
(453, 27, 'Distrupter Royal Arm', 1, 0, 1, 0, ''),
(454, 27, 'Sekop dan batang kayu', 1, 0, 1, 0, ''),
(455, 27, 'Earphone', 6, 0, 6, 0, ''),
(456, 27, 'Mata Kail Ukuran 14 Inch', 10, 0, 10, 0, ''),
(457, 27, 'Mata Kail Ukuruan 9 Inch', 10, 0, 10, 0, ''),
(458, 27, 'Mata Kail Ukuran 5 Inch', 5, 0, 5, 0, ''),
(459, 27, 'Crimper', 7, 0, 7, 0, ''),
(460, 27, 'Alat Pembersih/Oil', 1, 0, 1, 0, ''),
(461, 27, 'Tang Pemotong Kabel', 6, 0, 6, 0, ''),
(462, 27, 'Jangkar', 6, 0, 6, 0, ''),
(463, 27, 'Senter', 6, 0, 6, 0, ''),
(464, 27, 'Jepitan', 4, 0, 4, 0, ''),
(465, 27, 'Uniflow Powder', 1, 0, 1, 0, ''),
(466, 27, 'Electronic Earing Protect', 3, 0, 3, 0, ''),
(467, 27, 'Sangkur', 7, 0, 7, 0, ''),
(468, 27, 'Metec Garet', 1, 0, 1, 0, ''),
(469, 27, 'Blasting', 1, 0, 1, 0, ''),
(470, 27, 'Cek Arus', 1, 0, 1, 0, ''),
(471, 27, 'HT Kecil', 2, 0, 2, 0, ''),
(472, 27, 'Timer Stop Watch', 4, 0, 4, 0, ''),
(473, 27, 'Meteran 30 ft da 16 ft', 2, 0, 2, 0, ''),
(474, 27, 'Tali Banji', 1, 0, 1, 0, ''),
(475, 27, 'Clam C no.1440-4 inch', 1, 0, 1, 0, ''),
(476, 27, 'Tool Kit Mini Nitroex Change', 1, 0, 1, 0, ''),
(477, 27, 'paha tang pemotong kawat 14 inch', 1, 0, 1, 0, ''),
(478, 27, 'Kapak', 1, 0, 1, 0, ''),
(479, 27, 'Teropong Bushnel', 1, 0, 1, 0, ''),
(480, 27, 'Silet Carter', 1, 0, 1, 0, ''),
(481, 27, 'Gergaji', 3, 0, 3, 0, ''),
(482, 27, 'Teropong Bushnel', 1, 0, 1, 0, ''),
(483, 27, 'Silet Carter ', 1, 0, 1, 0, ''),
(484, 27, 'Gergaji', 3, 0, 3, 0, ''),
(485, 27, 'Berajo Matic', 1, 0, 1, 0, ''),
(486, 27, 'Tali Plastik', 1, 0, 1, 0, ''),
(487, 27, 'Pompa Sedot', 1, 0, 1, 0, ''),
(488, 27, 'Tas', 1, 0, 1, 0, ''),
(489, 27, 'Pemotong Kaca', 1, 0, 1, 0, ''),
(490, 27, 'Cooling suit', 1, 0, 1, 0, ''),
(491, 27, 'Lakban', 1, 0, 1, 0, ''),
(492, 27, 'Lakban', 10, 0, 10, 0, ''),
(493, 27, 'Holster Toolkit', 3, 0, 3, 0, ''),
(494, 27, 'Clam C', 4, 0, 4, 0, ''),
(495, 27, 'Tang Pemotong Kawat', 1, 0, 1, 0, ''),
(496, 27, 'Blasco', 3, 0, 3, 0, ''),
(497, 27, 'Batterai Blasco 6 Volt', 3, 0, 3, 0, ''),
(498, 27, 'Pahat', 1, 0, 1, 0, ''),
(499, 27, 'Pemotong Kaca', 1, 0, 1, 0, ''),
(500, 27, 'Tali Heacker Track Warna Kuning', 6, 0, 6, 0, ''),
(501, 27, 'Crimper Plastik Hitam', 3, 0, 3, 0, ''),
(502, 27, 'Gergaji Besi', 2, 0, 2, 0, ''),
(503, 27, 'Gergaji Besi', 1, 0, 1, 0, ''),
(504, 27, 'Tang', 1, 0, 1, 0, ''),
(505, 27, 'Cairan Pembersih', 1, 0, 1, 0, ''),
(506, 27, 'Tali Ringging', 1, 0, 1, 0, ''),
(507, 27, 'Peluru Selongsong Shoot Gun', 3, 0, 3, 0, ''),
(508, 27, 'Penutup distrupter', 5, 0, 5, 0, ''),
(509, 27, 'pipa tabung gas', 2, 0, 2, 0, ''),
(510, 27, 'Batterai A3 ', 6, 0, 6, 0, ''),
(511, 27, 'Batterai 9 volt', 6, 0, 6, 0, ''),
(512, 27, 'penutup selongsong/busa', 2, 0, 2, 0, ''),
(513, 27, 'Batterai A2 Energeizer', 2, 0, 2, 0, ''),
(514, 27, 'Batterai 1,5 Volt Energeizer', 1, 0, 1, 0, ''),
(515, 27, 'Gembok', 2, 0, 2, 0, ''),
(516, 27, 'Cukit Kuning', 2, 0, 2, 0, ''),
(517, 27, 'Gembok', 2, 0, 2, 0, ''),
(518, 27, 'Cukit Kuning', 2, 0, 2, 0, ''),
(519, 27, 'Procecor X-Ray', 1, 0, 1, 0, ''),
(520, 27, 'Perahu Karet', 2, 0, 1, 1, ''),
(521, 27, 'Pelampung', 102, 0, 19, 83, ''),
(522, 27, 'Repair Kit', 2, 0, 1, 1, ''),
(523, 27, 'Carring Bag', 2, 0, 2, 0, ''),
(524, 27, 'OAR', 4, 0, 3, 1, ''),
(525, 27, 'Floor  Board', 2, 0, 1, 1, ''),
(526, 27, 'Wooden ', 12, 0, 11, 1, ''),
(527, 27, 'Foot Pump ', 2, 0, 1, 0, ''),
(528, 27, 'Tali Tambat', 2, 0, 2, 0, ''),
(529, 27, 'Mesin Yamaha', 2, 0, 2, 0, ''),
(530, 27, 'Mesin Yamaha', 2, 0, 2, 0, ''),
(531, 27, 'Lifebouy', 2, 0, 1, 1, ''),
(532, 27, 'Life Jacket ', 4, 0, 3, 1, ''),
(533, 27, 'Tali Tambang Besar', 1, 1, 0, 0, ''),
(534, 27, 'Gesy', 4, 4, 0, 0, ''),
(535, 27, 'Sarung Tangan', 14, 14, 0, 0, ''),
(536, 27, 'Tali Jiwa', 2, 2, 0, 0, ''),
(537, 27, 'Body Harnes', 6, 6, 0, 0, ''),
(538, 27, 'Rompi Anti Peluru Senpi Genggam Level III A', 22, 22, 0, 0, ''),
(539, 27, 'Hel Kevlar', 13, 13, 0, 0, ''),
(540, 27, 'Helm Anti Peluru Level IIIA', 3479, 390, 2894, 213, ''),
(541, 27, 'Rompi Anti Peluru Level IV', 904, 211, 618, 85, ''),
(542, 27, 'Rompi Anti Pelurur Level III', 428, 82, 299, 47, ''),
(543, 27, 'Tameng Balistik Level IV', 1, 0, 1, 0, ''),
(544, 27, 'Locker', 2, 0, 2, 0, ''),
(545, 27, 'GPS', 4, 1, 3, 0, ''),
(546, 27, 'Digitial Camera (20.1 mp)', 1, 0, 1, 0, ''),
(547, 27, 'Teropong Binocular', 2, 0, 2, 0, ''),
(548, 27, 'Spoteye 75', 2, 0, 2, 0, ''),
(549, 27, 'Laser Ranger Finder 2.500 m', 6, 0, 6, 0, ''),
(550, 27, 'Pakaian Penyamaran (Ghilie)', 2, 0, 2, 0, ''),
(551, 27, 'Thermal EmagingWeapon Sig', 1, 0, 1, 0, ''),
(552, 27, 'Mono Shock Ram', 1, 0, 1, 0, ''),
(553, 27, 'ACC Power Accender Battery ', 1, 0, 1, 0, ''),
(554, 27, 'ACC Power Accender Tali Sling', 1, 0, 1, 0, ''),
(555, 27, 'Tactical Ballistic Helmet', 12, 0, 12, 0, ''),
(556, 27, 'Mounting NVG', 12, 0, 12, 0, ''),
(557, 27, 'Tactical Head Set', 12, 0, 12, 0, ''),
(558, 27, 'Log Fan Tactical Googles', 12, 0, 12, 0, ''),
(559, 27, 'Kaca Mata Ballistic', 12, 0, 12, 0, ''),
(560, 27, 'Sebo', 12, 0, 12, 0, ''),
(561, 27, 'Body Vest', 12, 0, 12, 0, ''),
(562, 27, 'Rompi Serbu', 12, 0, 12, 0, ''),
(563, 27, 'Doble Mag Pouch', 12, 0, 12, 0, ''),
(564, 27, 'Plate Level IV', 12, 0, 12, 0, ''),
(565, 27, 'Soft Body Armour ', 12, 0, 12, 0, ''),
(566, 27, 'Pelindung Lutut', 12, 0, 12, 0, ''),
(567, 27, 'Pelindung Siku', 12, 0, 12, 0, ''),
(568, 27, 'Sepatu Boots', 12, 0, 12, 0, ''),
(569, 27, 'High Performance Fighting Uniform Shirt', 12, 0, 12, 0, ''),
(570, 27, 'High Performance Fighting Uniform Pants', 12, 0, 12, 0, ''),
(571, 27, 'Ringer Belt', 12, 0, 12, 0, ''),
(572, 27, 'Fast Roof Gloves', 12, 0, 12, 0, ''),
(573, 27, 'Dump Pouch', 12, 0, 12, 0, ''),
(574, 27, 'Tongkat Pemukul', 12, 0, 12, 0, ''),
(575, 27, 'Ransel Patroli', 11, 0, 11, 0, ''),
(576, 27, 'Tas Cargo', 11, 0, 11, 0, ''),
(577, 27, 'Pembersih Senjata', 11, 0, 11, 0, ''),
(578, 27, 'Camel Bag', 11, 0, 11, 0, ''),
(579, 27, 'Tctical Gloves', 10, 0, 10, 0, ''),
(580, 27, 'Holdster Paha Senter', 10, 0, 10, 0, ''),
(581, 27, 'Holdster Pinggang', 10, 0, 10, 0, ''),
(582, 27, 'Folding Pouch', 10, 0, 10, 0, ''),
(583, 27, 'Gasmask Pouch', 6, 0, 6, 0, ''),
(584, 27, 'Penjera Glock', 10, 0, 10, 0, ''),
(585, 27, 'Alat Komunikasi', 10, 0, 10, 0, ''),
(586, 27, 'Multi Tools', 10, 0, 10, 0, ''),
(587, 27, 'Senter Tactical', 10, 0, 10, 0, ''),
(588, 27, 'Senter Pistol', 10, 0, 10, 0, ''),
(589, 27, 'Tactical Video Camera', 10, 0, 10, 0, ''),
(590, 27, 'Universal Sling', 10, 0, 10, 0, ''),
(591, 27, 'PVS 1 Night Vision', 2, 0, 2, 0, ''),
(592, 27, 'PVS 2 Night Vision', 1, 0, 1, 0, ''),
(593, 27, 'Advanced Target Pointer Illuminat or aiming light', 1, 0, 1, 0, ''),
(594, 27, 'Masker Polisi + Canester', 20, 0, 20, 0, ''),
(595, 27, 'Alat Tactical SCBA', 2, 0, 2, 0, ''),
(596, 27, 'Pakaian Pelindung Anti Bom KBR', 2, 0, 2, 0, ''),
(597, 27, 'Peralatan Khusus CBRN deteksi radiasi', 1, 0, 1, 0, ''),
(598, 27, 'Police Line', 1, 0, 1, 0, ''),
(599, 27, 'Combi Toos', 1, 0, 1, 0, ''),
(600, 27, 'Combi Tools', 1, 0, 1, 0, ''),
(601, 27, 'Pemadam api tekanan tinggi multifungsi', 2, 0, 2, 0, ''),
(602, 27, 'Tabung', 2, 0, 2, 0, ''),
(603, 27, 'Handy Talky', 1, 0, 1, 0, ''),
(604, 27, 'Tabung Gas Khusus', 4, 0, 4, 0, ''),
(605, 27, 'Gas Masker CBRN Khusus', 35, 0, 35, 0, ''),
(606, 27, 'Peralatan  unit steralisasi KBR', 1, 0, 1, 0, ''),
(607, 27, 'Portal Monitor Radiasi', 1, 0, 1, 0, ''),
(608, 27, 'Sanijet', 1, 0, 1, 0, ''),
(609, 27, 'Sanijet Gun', 1, 0, 1, 0, ''),
(610, 27, 'PSDP 10 mil', 1, 0, 1, 0, ''),
(611, 27, 'PSDP 12 mil', 1, 0, 1, 0, ''),
(612, 27, 'PSDS 10 mil', 1, 0, 1, 0, ''),
(613, 27, 'PSDS  12 mil', 1, 0, 1, 0, ''),
(614, 27, 'Tenda dekontaminasi personel', 1, 0, 1, 0, ''),
(615, 27, 'Bahan dekontaminasi personil', 1, 0, 1, 0, ''),
(616, 27, 'Bahan dekontaminasi massal pers', 1, 0, 1, 0, ''),
(617, 27, 'Radioaktif identification', 1, 0, 1, 0, ''),
(618, 27, 'Biological handheld identification', 1, 0, 1, 0, ''),
(619, 27, 'Biological handheld identification', 1, 0, 1, 0, ''),
(620, 27, 'Penyimpanan Radioactive Mobile', 1, 0, 1, 0, ''),
(621, 27, 'Peralatan deteksi mandiri KBR/Radiaktif Rideye X', 2, 0, 2, 0, ''),
(622, 27, 'Special Operasi KBR  Biological Hand Held Identification Razor', 1, 0, 1, 0, ''),
(623, 27, 'Helm CBRN', 10, 0, 10, 0, ''),
(624, 27, 'Bottle (Anti CBRN)', 10, 0, 10, 0, ''),
(625, 27, 'Carrying Bag', 10, 0, 10, 0, ''),
(626, 27, 'PARP System', 10, 0, 10, 0, ''),
(627, 27, 'GAS Masker CBRN', 10, 0, 10, 0, ''),
(628, 27, 'Rompi Anti Peluru', 2, 0, 2, 0, ''),
(629, 27, 'Chainswa (gergaji besi)', 1, 0, 1, 0, ''),
(630, 27, 'P3K (First Aid Kit)', 1, 0, 1, 0, ''),
(631, 27, 'Lampu Senter', 2, 0, 2, 0, ''),
(632, 27, 'Senter', 1, 0, 1, 0, ''),
(633, 27, 'Kapur tulis', 1, 0, 1, 0, ''),
(634, 27, 'Pelindung Tangan Anti Sajam', 2, 0, 2, 0, ''),
(635, 27, 'Kapur Tulis ', 1, 0, 1, 0, ''),
(636, 27, 'Pelindung Tangan Anti Sajam', 2, 0, 2, 0, ''),
(637, 27, 'Buku Catatan Milimeter Blok', 1, 0, 1, 0, ''),
(638, 27, 'Papan Alat Tulis', 1, 0, 1, 0, ''),
(639, 27, 'Garis Polisi', 1, 0, 1, 0, ''),
(640, 27, 'Spidol Maker', 1, 0, 1, 0, ''),
(641, 27, 'Tempat Pensil (Pensil Case)', 1, 0, 1, 0, ''),
(642, 27, 'Borgol', 3, 0, 3, 0, ''),
(643, 27, 'Gunting Serta Guna', 1, 0, 1, 0, ''),
(644, 27, 'Alat Bantu Senter', 1, 0, 1, 0, ''),
(645, 27, 'Kamera Digital', 1, 0, 1, 0, ''),
(646, 27, 'Pisau Multifungsi', 1, 0, 1, 0, ''),
(647, 27, 'Obeng', 1, 0, 1, 0, ''),
(648, 27, 'Sarung tangan anti sajam', 2, 0, 2, 0, ''),
(649, 27, 'Senter jarak jauh', 1, 0, 1, 0, ''),
(650, 25, 'Sound System Portable Manpack', 1, 0, 1, 0, ''),
(651, 34, 'Wireless', 1, 0, 1, 0, ''),
(652, 34, 'Megaphone', 1, 0, 1, 0, ''),
(653, 34, 'Microphone', 1, 0, 1, 0, ''),
(654, 34, 'Stabilisator', 1, 0, 1, 0, ''),
(655, 34, 'Kamera Video', 8, 6, 0, 2, ''),
(656, 34, 'Handycam', 2, 1, 0, 1, ''),
(657, 34, 'Voice Recorder', 2, 2, 0, 0, ''),
(658, 34, 'Camera Elektronic', 2, 1, 0, 1, ''),
(659, 34, 'Tripod Camera', 3, 3, 0, 0, ''),
(660, 34, 'Lighting Standar Tripod', 2, 2, 0, 0, ''),
(661, 36, 'Sound System Portable Manpack', 6, 6, 0, 0, ''),
(662, 36, 'HT Motorola Type APX 1000', 100, 100, 0, 0, ''),
(663, 36, 'HT Motorola ATS 2500i', 50, 50, 0, 0, ''),
(664, 36, 'Power Sulpply GTR 8000', 2, 2, 0, 0, ''),
(665, 36, 'Control Board MTR 3000', 3, 3, 0, 0, ''),
(666, 36, 'Drone jenis multi rotor', 4, 0, 4, 0, ''),
(667, 36, 'Repeater DVRS', 1, 1, 0, 0, ''),
(668, 36, 'Arm', 1, 0, 1, 0, ''),
(669, 36, 'Telescopic', 1, 1, 0, 0, ''),
(670, 36, 'Antenna Omni 6 DB', 1, 1, 0, 0, ''),
(671, 36, 'Kabel CNT', 1, 1, 0, 0, ''),
(672, 36, 'Kabel LDT 4', 1, 1, 0, 0, ''),
(673, 36, 'Connector', 1, 1, 0, 0, ''),
(674, 35, 'Sound System Portable Manpack', 4, 4, 0, 0, ''),
(675, 40, 'Sound System Portable Manpack', 14, 14, 0, 0, ''),
(676, 42, 'Sterilisator', 9, 9, 0, 0, ''),
(677, 42, 'Minor Surgical Set (Alat Kedokteran Umum)', 7, 7, 0, 0, ''),
(678, 36, 'Stetoscope', 23, 17, 0, 6, ''),
(679, 42, 'Tensi Meter', 35, 13, 0, 22, ''),
(680, 42, 'Head Lamp', 3, 0, 0, 3, ''),
(681, 42, 'Waskom', 13, 0, 0, 13, ''),
(682, 42, 'Timbangan Badan', 10, 2, 0, 8, ''),
(683, 42, 'Timbangan Bayi', 8, 2, 0, 6, ''),
(684, 42, 'Kocher', 1, 1, 0, 0, ''),
(685, 42, 'Kocher Lurus 18,5 cm', 4, 4, 0, 0, ''),
(686, 42, 'Sound System Portable Manpack', 4, 4, 0, 0, ''),
(687, 44, 'Sound System Portable Manpack', 6, 6, 0, 0, ''),
(688, 44, 'Perahu Karet (Alat Angkuta apug, tak bermotor khusus)', 3, 3, 0, 0, ''),
(689, 44, 'Alat Angkuta apung tak bermotor khusus lainnya', 2, 2, 0, 0, ''),
(690, 44, 'Radio Link', 85, 85, 0, 0, ''),
(691, 44, 'Alat Komunikasi Khusus Lainnya', 126, 126, 0, 0, ''),
(692, 44, 'Telephone Mobile', 15, 15, 0, 0, ''),
(693, 44, 'Handy Talky (HT)', 492, 492, 0, 0, ''),
(694, 44, 'Local Battery Telephone', 55, 55, 0, 0, ''),
(695, 44, 'PDA', 2, 2, 0, 0, ''),
(696, 44, 'Alat Komunikasi radio UHF Lainnya', 3, 3, 0, 0, ''),
(697, 45, 'Sound System Portable Manpack', 8, 8, 0, 0, ''),
(698, 45, 'Tameng Fiber Glass', 400, 400, 0, 0, ''),
(699, 45, 'Helm Dalmas', 311, 311, 0, 0, ''),
(700, 45, 'Helm Patroli', 45, 45, 0, 0, ''),
(701, 45, 'Tongkat T', 493, 493, 0, 0, ''),
(702, 45, 'Tongkat Dalmas (Panjang)', 38, 38, 0, 0, ''),
(703, 45, 'Button Stick', 50, 50, 0, 0, ''),
(704, 45, 'Handy Cam/Video Camera', 9, 9, 0, 0, ''),
(705, 45, 'Camera Digital', 3, 3, 0, 0, ''),
(706, 45, 'Video Camera', 12, 12, 0, 0, ''),
(707, 46, 'Sound System Portable Manpack', 6, 6, 0, 0, ''),
(708, 46, 'Flash Ball', 30, 30, 0, 0, ''),
(709, 46, 'Road Blocker Set Sabhara', 36, 36, 0, 0, ''),
(710, 46, 'Tameng Fiber Glass', 30, 30, 0, 0, ''),
(711, 46, 'Helm Dalmas', 47, 47, 0, 0, ''),
(712, 46, 'Tongkat Polri', 30, 30, 0, 0, ''),
(714, 46, 'Panasonic Video Camera', 9, 9, 0, 0, ''),
(715, 46, 'Handy Cam', 3, 3, 0, 0, ''),
(716, 46, 'Rompi Anti Peluru', 95, 95, 0, 0, ''),
(717, 46, 'Rompi Dalmas', 70, 70, 0, 0, ''),
(718, 47, 'Sound System Portable Manpack', 15, 15, 0, 0, ''),
(719, 47, 'Alat Apung', 2, 2, 0, 0, ''),
(720, 47, 'Tameng', 298, 298, 0, 0, ''),
(721, 47, 'Tongkat Panjang', 80, 80, 0, 0, ''),
(722, 47, 'Tongkat T', 245, 245, 0, 0, ''),
(723, 47, 'Pelindung kaki/tangan', 180, 180, 0, 0, ''),
(724, 47, 'Pelindung Badan', 180, 180, 0, 0, ''),
(725, 47, 'Helm Dalmas', 248, 248, 0, 0, ''),
(726, 47, 'Flash  Ball Pendek', 17, 17, 0, 0, ''),
(727, 47, 'Flash Ball Panjang', 18, 18, 0, 0, ''),
(728, 48, 'Sound System Portable Manpack', 6, 6, 0, 0, ''),
(729, 48, 'Tameng Fiber Glass', 264, 264, 0, 0, ''),
(730, 48, 'Helm Dalmas', 172, 172, 0, 0, ''),
(731, 48, 'Helm Patroli', 15, 15, 0, 0, ''),
(732, 48, 'Tongkat T', 86, 86, 0, 0, ''),
(733, 48, 'Tongkat Dalmas (panjang)', 181, 181, 0, 0, ''),
(734, 48, 'Handy Cam/Video Camera', 6, 6, 0, 0, ''),
(735, 48, 'Camera Digital', 8, 8, 0, 0, ''),
(736, 48, 'Video Camera', 10, 10, 0, 0, ''),
(737, 48, 'Pemadam Kebakaran (APAR)', 25, 25, 0, 0, ''),
(738, 49, 'Sound System Portable Manpack', 6, 6, 0, 0, ''),
(739, 49, 'Perahu Karet', 2, 2, 0, 0, ''),
(740, 49, 'Gergaji Chain Saw', 5, 5, 0, 0, ''),
(741, 48, 'Crimping Tolls', 1, 1, 0, 0, ''),
(742, 49, 'Gunting Plat ', 5, 5, 0, 0, ''),
(743, 49, 'Drei Kembang (Obeng)', 5, 5, 0, 0, ''),
(744, 49, 'Meteran Kain', 5, 5, 0, 0, ''),
(745, 49, 'Pisau Renet', 5, 5, 0, 0, ''),
(746, 49, 'Handheld Digital Pyranometer', 1, 1, 0, 0, ''),
(747, 49, 'Koper/tas', 3, 3, 0, 0, ''),
(748, 50, 'Sound System Portable Manpack', 6, 6, 0, 0, ''),
(749, 50, 'Valt Bed', 86, 86, 0, 0, ''),
(750, 50, 'Gergaji Chain Saw', 5, 5, 0, 0, ''),
(751, 50, 'Megaphone', 57, 57, 0, 0, ''),
(752, 50, 'Camera Video', 12, 12, 0, 0, ''),
(753, 50, 'Handy Cam', 12, 12, 0, 0, ''),
(754, 50, 'Camera Digital', 17, 17, 0, 0, ''),
(755, 50, 'Telephone Mobile', 32, 32, 0, 0, ''),
(756, 50, 'HT', 202, 202, 0, 0, ''),
(757, 50, 'Public Address', 7, 7, 0, 0, ''),
(758, 51, 'Sound System Portable Manpack', 6, 6, 0, 0, ''),
(759, 51, 'Komputer Jaringan Lainnya', 1, 1, 0, 0, ''),
(760, 51, 'Velocity Measuring Device', 4, 4, 0, 0, ''),
(761, 51, 'Digital Voice Rec S-1330', 2, 2, 0, 0, ''),
(762, 51, 'Digital Voice Rec S-1330', 2, 2, 0, 0, ''),
(763, 51, 'Handy Talky (HT)', 233, 233, 0, 0, ''),
(764, 51, 'Handy Cam', 13, 13, 0, 0, ''),
(765, 51, 'Pesawat Telephone', 11, 11, 0, 0, ''),
(766, 51, 'Camera Electronic', 8, 8, 0, 0, ''),
(767, 51, 'Camera Video', 12, 12, 0, 0, ''),
(768, 51, 'Camera Digital', 8, 8, 0, 0, ''),
(769, 52, 'Sound System Portable Manpack', 6, 6, 0, 0, ''),
(770, 52, 'Tolkit Senjata', 5, 4, 1, 0, ''),
(771, 52, 'Alat Khusus Kepolisian ', 229, 229, 0, 0, ''),
(772, 52, 'Veelbad', 24, 14, 0, 10, ''),
(773, 52, 'Helmet', 7, 7, 0, 0, ''),
(777, 52, 'Bodi Armored', 2, 2, 0, 0, ''),
(778, 52, 'Pakaian Pelindung', 145, 140, 0, 5, ''),
(779, 52, 'Laser Lainnya', 20, 20, 0, 0, ''),
(780, 52, 'Alat Khusus Kepolisian Lainnya', 1, 1, 0, 0, ''),
(781, 52, 'Gas Masker', 240, 240, 0, 0, ''),
(782, 53, 'Sound System Portable Manpack', 14, 14, 0, 0, ''),
(783, 53, 'Repeater', 19, 2, 2, 0, ''),
(784, 53, 'Radio Mobile', 19, 19, 0, 0, ''),
(785, 53, 'Saluran Telkom Wifi', 6, 6, 0, 0, ''),
(786, 53, 'Facsimile', 2, 1, 0, 1, ''),
(787, 53, 'Telephone', 1, 1, 0, 0, ''),
(788, 53, 'Fixed Raioa', 15, 15, 0, 0, ''),
(789, 53, 'Handy Talky', 295, 275, 0, 20, ''),
(790, 27, 'Alat Bantu Senter', 1, 0, 1, 0, ''),
(791, 27, 'Kamera Digital', 1, 0, 1, 0, ''),
(792, 27, 'Pisau Multifungsi', 1, 0, 1, 0, ''),
(793, 27, 'Obeng', 1, 0, 1, 0, ''),
(794, 27, 'Sarung tangan anti sajam', 2, 0, 2, 0, ''),
(795, 27, 'Sarung tangan anti sajam', 2, 0, 2, 0, ''),
(796, 27, 'Senter jarak jauh', 1, 0, 1, 0, ''),
(797, 27, 'Sarung tangan kulit', 4, 0, 4, 0, ''),
(798, 27, 'Garis polisi', 3, 0, 3, 0, ''),
(799, 27, 'Tali gandeng (Towing Rope)', 1, 0, 1, 0, ''),
(800, 27, 'Meteran', 1, 0, 1, 0, ''),
(801, 27, 'Masker', 1, 0, 1, 0, ''),
(802, 27, 'Kantong Mayat', 5, 0, 5, 0, ''),
(803, 27, 'Sarung tangan kulit', 2, 0, 2, 0, ''),
(804, 27, 'Kantong isian peluru discrupter', 2, 0, 2, 0, ''),
(805, 27, 'Meteran', 6, 0, 6, 0, ''),
(806, 27, 'Senter', 5, 0, 5, 0, ''),
(807, 27, 'kaca mata putih', 10, 0, 10, 0, ''),
(808, 27, 'Camera dan Tripot', 1, 0, 1, 0, ''),
(809, 44, 'Drone', 1, 1, 0, 0, 'Non Simak'),
(812, 34, 'Drone DJ Mavic', 1, 0, 0, 1, ''),
(813, 21, 'Drone UAV Sabhara', 1, 0, 0, 1, ''),
(814, 30, 'Drone Identifikasi ', 1, 1, 0, 0, ''),
(815, 29, 'Drone Dji Air Fly 3', 1, 1, 0, 0, ''),
(816, 45, 'Drone Dji Phantom 4', 1, 1, 0, 0, ''),
(817, 47, 'Drone Mavix 2 ent', 1, 0, 0, 1, ''),
(818, 46, 'Drone', 1, 1, 0, 0, 'Non Simak'),
(819, 48, 'Drone Dji Mini Mul', 1, 1, 0, 0, ''),
(820, 49, 'Drone Dji Mini Se2', 1, 1, 0, 0, ''),
(821, 50, 'Drone Dji Air Fly 3', 1, 1, 0, 0, ''),
(822, 52, 'Drone Sony Dji Mavic 2 Pro', 1, 0, 0, 1, ''),
(823, 27, 'Police Line', 6, 0, 6, 0, ''),
(824, 27, 'Kabel Demolition', 2, 0, 2, 0, ''),
(825, 27, 'Inverter', 1, 0, 1, 0, ''),
(826, 27, 'Tangga Lipat', 1, 0, 1, 0, ''),
(827, 27, 'Distruper Royal Arm', 1, 0, 1, 0, ''),
(828, 27, 'Sekop dan Batang Kayu', 1, 0, 1, 0, ''),
(829, 27, 'Eaphone', 6, 0, 6, 0, ''),
(830, 27, 'Mata kail ukuran 14 inch', 10, 0, 10, 0, ''),
(831, 27, 'Mata kail ukuran 9 inch', 10, 0, 10, 0, ''),
(832, 27, 'Mata Kail Ukuran 5 Inch', 5, 0, 5, 0, ''),
(833, 27, 'Crimper', 7, 0, 7, 0, ''),
(834, 27, 'Alat pembersih/oil', 1, 0, 1, 0, ''),
(835, 27, 'Tang Pemotong Kabel', 6, 0, 6, 0, ''),
(836, 27, 'Jangkar', 6, 0, 6, 0, ''),
(837, 27, 'Senter', 6, 0, 6, 0, ''),
(838, 27, 'Jepitan', 4, 0, 4, 0, ''),
(839, 27, 'Uniflow Powder', 1, 0, 1, 0, ''),
(840, 27, 'Electrnic Earing Protect', 3, 0, 3, 0, ''),
(841, 27, 'Sangkur', 7, 0, 7, 0, ''),
(842, 27, 'Metec Garret', 1, 0, 1, 0, ''),
(843, 27, 'Blasting', 1, 0, 1, 0, ''),
(844, 27, 'Cek Arus', 1, 0, 1, 0, ''),
(845, 27, 'Sangkur', 7, 0, 7, 0, ''),
(846, 27, 'Metec Garret', 1, 0, 1, 0, ''),
(847, 27, 'Blasting', 1, 0, 1, 0, ''),
(848, 27, 'Cek Arus', 1, 0, 1, 0, ''),
(849, 27, 'HT Kecil', 2, 0, 2, 0, ''),
(850, 27, 'Timer Stop Watch', 4, 0, 4, 0, ''),
(851, 27, 'Meteran 30 ft da 16 ft', 2, 0, 2, 0, ''),
(852, 27, 'Tali Banji Cord', 1, 0, 1, 0, ''),
(853, 27, 'Clam C no.1440-4 inch', 1, 0, 1, 0, ''),
(854, 27, 'Tool Kit Mini Nitroex Change', 1, 0, 1, 0, ''),
(855, 27, 'Pahat tang pemotong kawat 14 inch', 1, 0, 1, 0, ''),
(856, 27, 'Kapak', 1, 0, 1, 0, ''),
(857, 27, 'Teropong Bushnel', 1, 0, 1, 0, ''),
(858, 27, 'Silet Carter', 1, 0, 1, 0, ''),
(859, 27, 'Gergaji', 3, 0, 3, 0, ''),
(860, 27, 'Berajo Matic', 1, 0, 1, 0, ''),
(861, 27, 'Tali Plastic', 1, 0, 1, 0, ''),
(862, 27, 'Pompa Sedot', 1, 0, 1, 0, ''),
(863, 27, 'Tas', 1, 0, 1, 0, ''),
(864, 27, 'Pemotong Kaca', 1, 0, 1, 0, ''),
(865, 27, 'Cooling Suit', 1, 0, 1, 0, ''),
(866, 27, 'Lakban', 10, 0, 10, 0, ''),
(867, 27, 'Holster Toolkits', 3, 0, 3, 0, ''),
(868, 27, 'Clam C', 4, 0, 4, 0, ''),
(869, 27, 'Tang Pemotong Kawat', 1, 0, 1, 0, ''),
(870, 27, 'Blasco', 3, 0, 3, 0, ''),
(871, 27, 'Batteray Blasco 6 Volt', 3, 0, 3, 0, ''),
(872, 27, 'Pahat', 1, 0, 1, 0, ''),
(873, 27, 'Pemotong Kaca', 1, 0, 1, 0, ''),
(874, 27, 'Tali Heacker Track Warna Kuning', 6, 0, 6, 0, ''),
(875, 27, 'Crimper Plastic Hitam', 3, 0, 3, 0, ''),
(876, 27, 'Penjepit', 4, 0, 4, 0, ''),
(877, 27, 'Gergaji Besi', 1, 0, 1, 0, ''),
(878, 27, 'Tang', 2, 0, 2, 0, ''),
(879, 27, 'Cairan Pembersih', 1, 0, 1, 0, ''),
(880, 27, 'Tali Ringing ', 1, 0, 1, 0, ''),
(881, 27, 'Peluru Selongsong Shoot Gun', 3, 0, 3, 0, ''),
(882, 27, 'Penutup Distrupter', 5, 0, 5, 0, ''),
(883, 27, 'Pipa tabung gas', 2, 0, 2, 0, ''),
(884, 27, 'Battery A3', 6, 0, 6, 0, ''),
(885, 27, 'Batteray 9 Volt', 6, 0, 6, 0, ''),
(886, 27, 'Battery 1,5 volt procel', 1, 0, 1, 0, ''),
(887, 27, 'Penutup selongsong / busa', 2, 0, 2, 0, ''),
(888, 27, 'Battery A2 Energizer', 2, 0, 2, 0, ''),
(889, 27, 'Battery 1,5 volt energizer', 1, 0, 1, 0, ''),
(890, 27, 'Gembok', 2, 0, 2, 0, ''),
(891, 27, 'Cukit Kuning', 2, 0, 2, 0, ''),
(892, 27, 'Procecor X-Ray', 1, 0, 1, 0, ''),
(893, 27, 'RobotSurvilance Jibom', 2, 0, 2, 0, ''),
(894, 27, 'Gembok', 2, 0, 2, 0, ''),
(895, 27, 'Cukit Kuning', 2, 0, 2, 0, ''),
(896, 27, 'Procecor X-Ray', 1, 0, 1, 0, ''),
(897, 27, 'Robot Survilance Jibom', 2, 0, 2, 0, ''),
(898, 27, 'Binnocular Multifungsi', 1, 1, 0, 0, ''),
(899, 27, 'Advance Tactical Military Power Grade Management', 1, 0, 1, 0, ''),
(900, 27, 'Ransel', 1, 1, 0, 0, ''),
(901, 27, 'Pemadam dan Penyekat Kapasitas 1 Kg', 18, 18, 0, 0, ''),
(902, 27, 'Pemadam dan Penyekat Kapasitas 2 Kg', 18, 18, 0, 0, ''),
(903, 27, 'Pemadam dan Penyekat Kapasitas 3 Kg', 18, 18, 0, 0, ''),
(904, 27, 'Pemadam dan Penyekat Kapasitas 5 Kg', 18, 18, 0, 0, ''),
(905, 27, 'Peralatan Optik Pertempuran Hutan Tool Kit', 9, 9, 0, 0, ''),
(906, 27, 'Deteksi Handak dan Bahan Kimia Perkusor Handak', 11, 11, 0, 0, ''),
(907, 27, 'Thermal Fusion', 2, 2, 0, 0, ''),
(908, 27, 'Heavy Duty Hydraulic Battery Cutter', 2, 2, 0, 0, ''),
(909, 27, 'Heavy Duty Hydraulic Battery Spereader', 2, 2, 0, 0, ''),
(910, 27, 'Heavy Duty Hydraulic Battery Rescue Ram', 2, 2, 0, 0, ''),
(911, 27, 'Air Lifting Bag Set', 2, 2, 0, 0, ''),
(912, 27, 'LED Portable Lighting System', 2, 2, 0, 0, ''),
(913, 27, 'Baju Selam Personal Khusus Brimob', 8, 8, 0, 0, ''),
(914, 27, 'Hight Pressure Compressor', 1, 1, 0, 0, ''),
(915, 27, 'Underwater Drive Propulsion Vehicle', 1, 1, 0, 0, ''),
(916, 27, 'Drive Trasponder', 8, 8, 0, 0, ''),
(917, 27, 'Driver Tracker System ', 1, 1, 0, 0, ''),
(918, 27, 'Driver Recall System', 1, 1, 0, 0, ''),
(919, 27, 'Penggantian Sarung Rompi Brimob', 120, 120, 0, 0, ''),
(920, 27, 'Thermal Weapon Sight', 3, 3, 0, 0, ''),
(921, 27, 'Helm Balistik', 130, 130, 0, 0, ''),
(922, 27, 'Air Lifting Bag Set', 2, 2, 0, 0, ''),
(923, 27, 'LED Portable Lighting System', 2, 2, 0, 0, ''),
(924, 27, 'Baju Selam Personal Khusus Brimob', 8, 8, 0, 0, ''),
(925, 27, 'Hight Pressure Compressor', 1, 1, 0, 0, ''),
(926, 27, 'Underwater Drive Propulsion Vehicle', 1, 1, 0, 0, ''),
(927, 27, 'Driver Trasponder', 8, 8, 0, 0, ''),
(928, 27, 'Driver Tracker System', 1, 1, 0, 0, ''),
(929, 27, 'Driver Recall System', 1, 1, 0, 0, ''),
(930, 27, 'Mounting NVG', 130, 130, 0, 0, ''),
(931, 27, 'Bodyvest Quick Release', 130, 130, 0, 0, ''),
(932, 27, 'Plat Balistik tahan peluru Level III', 130, 130, 0, 0, ''),
(933, 27, 'Magazine Pouch Speed Reload', 130, 130, 0, 0, ''),
(934, 27, 'Gillie Suit', 130, 130, 0, 0, ''),
(935, 27, 'Harness Set', 130, 130, 0, 0, ''),
(936, 27, 'Peralatan Rapeling', 130, 130, 0, 0, ''),
(937, 27, 'Tali Karamantel', 130, 130, 0, 0, ''),
(938, 27, 'Tali Prusik (Paracord)', 130, 130, 0, 0, ''),
(939, 27, 'Tali Webbing', 130, 130, 0, 0, ''),
(940, 27, 'Tali Webbing', 130, 130, 0, 0, ''),
(941, 27, 'Peralatan Hidrasi Perorangan', 130, 130, 0, 0, ''),
(942, 27, 'Multi Tools', 130, 130, 0, 0, ''),
(943, 27, 'Navigasi Tim', 13, 13, 0, 0, ''),
(944, 27, 'Kamera Helm', 13, 13, 0, 0, ''),
(945, 27, 'Laser Range Finder', 13, 13, 0, 0, ''),
(946, 27, 'Laser Pointer Flashlight', 130, 130, 0, 0, ''),
(947, 27, 'Weapon Sling', 130, 130, 0, 0, ''),
(948, 27, 'Tameng Sekat', 180, 180, 0, 0, ''),
(949, 27, 'Tameng Anti Anarkis', 180, 180, 0, 0, ''),
(950, 27, 'Anti Anarkis Carrier', 540, 540, 0, 0, ''),
(951, 27, 'Ballistic Helmed Level III-A', 540, 540, 0, 0, ''),
(952, 27, 'Arm Guard Level IIIA', 540, 540, 0, 0, ''),
(953, 27, 'Elbow Pad', 540, 540, 0, 0, ''),
(954, 27, 'Knee Pad', 540, 540, 0, 0, ''),
(955, 27, 'Tactical Shoe', 540, 540, 0, 0, ''),
(956, 27, 'Tactical Glove', 540, 540, 0, 0, ''),
(957, 27, 'Hard Armor Plate', 540, 540, 0, 0, ''),
(958, 27, 'Balistic Body Shield Level IIIA', 540, 540, 0, 0, ''),
(959, 27, 'Baton Stick', 540, 540, 0, 0, ''),
(960, 27, 'Tactical Google', 540, 540, 0, 0, ''),
(961, 27, 'Bagpack+Water Bladder', 540, 540, 0, 0, ''),
(962, 27, 'Combat Shirt & Pants', 540, 540, 0, 0, '');

-- --------------------------------------------------------

--
-- Table structure for table `anggota`
--

CREATE TABLE `anggota` (
  `id_anggota` int(11) NOT NULL,
  `nama` varchar(200) NOT NULL,
  `pangkat` varchar(100) NOT NULL,
  `nrp` varchar(16) NOT NULL,
  `jabatan` varchar(150) NOT NULL,
  `foto` varchar(200) NOT NULL
) ENGINE=InnoDB DEFAULT CHARSET=utf8mb4 COLLATE=utf8mb4_general_ci;

-- --------------------------------------------------------

--
-- Table structure for table `anggotarolog`
--

CREATE TABLE `anggotarolog` (
  `id_anggotarolog` int(11) NOT NULL,
  `bag` enum('KAROLOG','SUBBAG RENMIN','BAG FASKON','BAG PAL','BAG INFOLOG','BAG ADA','BAG BEKUM','URGUDANG') NOT NULL,
  `nama` varchar(200) NOT NULL,
  `pangkat` varchar(100) NOT NULL,
  `nrp` varchar(16) NOT NULL,
  `jabatan` varchar(150) NOT NULL,
  `tanggallahir` date NOT NULL,
  `alamat` varchar(255) NOT NULL,
  `foto` varchar(200) NOT NULL,
  `level` enum('1','2','3','4','5','6','7','8','9','10','11','12') NOT NULL
) ENGINE=InnoDB DEFAULT CHARSET=utf8mb4 COLLATE=utf8mb4_general_ci;

--
-- Dumping data for table `anggotarolog`
--

INSERT INTO `anggotarolog` (`id_anggotarolog`, `bag`, `nama`, `pangkat`, `nrp`, `jabatan`, `tanggallahir`, `alamat`, `foto`, `level`) VALUES
(61, 'KAROLOG', ' TAUFIK ROCHMAD HIDAYAT, S.I.K.', 'KOMBESPOL', '68110405', 'KAROLOG POLDA NTB', '1968-11-11', 'POLDA NTB', '1734318115_65562244e456b9d8a8ca.jpeg', '1'),
(63, 'SUBBAG RENMIN', 'ZULFIKRI', 'BRIPDA', '99101131', 'BA SUBBAGRENMIN', '1999-10-13', 'DESA DASAN BARU KEC. KEDIRI KAB. LOBAR', '1734320237_5bbb8bf5560156a0346d.jpg', '12'),
(64, 'SUBBAG RENMIN', 'ETEK RIAWAN', 'KOMPOL', '73120869', 'KASUBBAGRENMIN', '1973-12-15', 'JLN ANGGREK BLOK D III NO 1 BTN REYAN PONDOK INDAH GERUNG SELATAN', '1734320310_2a25f383a5f672081ae2.jpeg', '3'),
(65, 'BAG BEKUM', 'LALU SIRHU ATMA, A.Md', 'PENGATUR', '1994031920220210', 'PNS ROLOG POLDA NTB', '1994-03-19', 'Narmada', '1734330889_3156fe1f6a9836abbbbe.png', '10'),
(66, 'BAG BEKUM', 'BAYU ADI BASKARA, S.H', 'BRIPTU', '97050765', 'BA BAG BEKUM', '1997-05-08', 'MATARAM', '1734331179_fe15efc7449df5a999bf.png', '11'),
(67, 'BAG ADA', 'RAHMAT MULYADIN, A.Md', 'PENGATUR', '1995110420220210', 'PNS ROLOG POLDA NTB', '1995-11-04', 'JALAN ADE IRMA SURYANI NOMER 55 MONJOK', '1734331620_05fb12c973ce130c1798.jpeg', '10'),
(68, 'SUBBAG RENMIN', ' FRANSISKA LUSIANA', 'AIPTU', '79110422', 'PS. PAMIN 5 SUBBAGRENMIN', '1979-11-30', 'PERUMNAS TANJUNG KARANG AMPENAN', '1734399686_0a9880697be32f2ea170.jpg', '7'),
(69, 'SUBBAG RENMIN', ' EKA MERKAWATI, S.H.', 'AIPTU', '78070419', 'PS. PAMIN 4', '1978-07-28', 'JL. GAJAH MADA PERUM. GREEN KODYA  RESIDENCE BLOK H 4 JEMPONG BARU SEKARBELA MATARAM NTB', '1734399771_242bd2d8be2a122c9f01.jpg', '7'),
(70, 'SUBBAG RENMIN', ' MERI ENGDRIANI, A.Md.', 'PENATA', '1981011220081220', 'PS. PAMIN 1', '1981-01-12', 'PERUM ELIT KOTA MATARAM', '1734399854_92f937a595a9bbb8c42e.jpeg', '4'),
(71, 'SUBBAG RENMIN', 'ROCHDIANA INTAN PERMATASARI', 'BRIPTU', '95080564', 'BA SUBBAGRENMIN', '1995-08-20', 'JALAN GILI AIR, NOMOR 63B, GATEP INDAH, TAMAN SARI, AMPENAN, KOTA MATARAM, NTB.', '1734400818_14c282e2a66746629020.jpeg', '11'),
(72, 'SUBBAG RENMIN', 'MUHAMMAD ASLAN SAPUTRA', 'BRIPTU ', '97110471', 'BA SUBBAGRENMIN', '1997-11-20', 'MATARAM', '1734401106_09f638f685c2ca0f3404.jpeg', '11'),
(73, 'SUBBAG RENMIN', 'PURWANTI, A.Md., S.Mn.', 'PENATA', '1985052820081220', 'KAURMINTU SUBBAGRENMIN', '1985-05-28', 'PERUM PERMATA ANGGREK BLOK A34 AMPENAN MATARAM', '1734401194_58021edde2f700b758fe.jpg', '4'),
(74, 'SUBBAG RENMIN', 'SUHARI WIDODO, A.Md.', 'PENATA', '1982012720091210', 'PS. PAMIN URMINTU', '1982-01-27', 'PERUMAHAN LINGKAR ASRI JL. ANGGUR 5 BLOK AH. 25, BAJUR, LABU API, LOMBOK BARAT, NTB', '1734401336_1ecabd84c9e57c06a45e.jpg', '4'),
(75, 'SUBBAG RENMIN', 'KADEK ANDRI BERLIANA PUTRI BALOJA', 'BRIPDA', '02081058', 'BA SUBBAGRENMIN', '2002-08-13', 'BTN BHP LABUAPI, LOBAR', '1734401431_f934a2b3cd536c3684c7.jpeg', '12'),
(76, 'SUBBAG RENMIN', 'A.  JUVEN  MELA KELLEN, A.Md.', 'AIPDA', '82081398', 'PS. KAURKEU', '1982-08-29', 'JALAN LIDAH BUAYA NO 7 - KARANG TARUNA MATARAM', '1734402091_f1ae0d6b529db21c5921.jpg', '8'),
(77, 'SUBBAG RENMIN', 'IDA BAGUS ARIAWAN', 'BRIGPOL', '94070789', 'BA SUBBAGRENMIN', '1994-04-03', 'MATARAM', '1734402666_0871ae453b10ce046afd.jpg', '10'),
(78, 'SUBBAG RENMIN', 'LALU MUHAMMAD ARIES KURNIAWAN', 'PENDA', '1979120120060410', 'BANUM URKEU SUBBAGRENMIN', '1979-12-01', 'JALAN ARIES 1/12 LINGKUNGAN SELAPARANG, KELURAHAN BANJAR.AMPENAN-NTB', '1734402799_b8ce8d96b4ce3995ecec.jpg', '4'),
(79, 'BAG INFOLOG', ' ZAMRONI, S.Ag.', 'AKBP', '70040691', 'KABAG INFOLOG', '1970-04-07', 'ASPOLDANTB', '1734402964_6bacb4d4fae84eeb0d66.jpeg', '2'),
(80, 'BAG INFOLOG', ' ABDUL KAMAL', 'PEMBINA', '1967050519910310', 'KASUBBAG P-BMN BAGINFOLOG', '1967-05-05', 'MATARAM', '1734403109_b62a1329961bc12de29b.jpeg', '3'),
(81, 'BAG INFOLOG', ' KADEK GUS ASWAN HERRYDHANA', 'IPDA', '86090862', 'PS. PAUR SUBBAGMATFASJAS BAGINFOLOG', '1986-09-28', 'MATARAM', '1734403212_b6561237daaa88f19f70.jpg', '6'),
(82, 'BAG INFOLOG', ' I NYM ADEG', 'AIPDA', '84010264', 'BA BAG INFOLOG', '1984-01-09', 'JLN. ABD. KADIR MUNSYI GG. 7 NO. 5 PUNIA KARANG TIMBAL MATARAM', '1734403515_9db0e2a09724de02ca6a.jpg', '8'),
(83, 'BAG INFOLOG', ' IRAWAN SUPRIANTO', 'BRIGPOL', '95070474', 'BA BAG INFOLOG', '1995-07-13', 'MATARAM', '1734403580_8374ee19383410effb63.jpeg', '10'),
(84, 'BAG INFOLOG', ' LALU MUHAMAD ZAENUDIN EFENDI', 'BRIPTU', '98010439', 'BA BAG INFOLOG', '1998-01-04', 'JALAN PERTANIAN GANG MELATI NO.2 DESA TEGAL KEL.SELAGALAS', '1734403724_fc13ca4a96ab9d1c675d.jpeg', '11'),
(85, 'BAG PAL', 'GANJAR SUKMARINI, A.Md.Rad.', 'AKBP', '73110596', 'KABAG PAL', '1973-11-17', 'PERUMAHAN PERMATA ANGGREK A-39 ,JL. ARYA BANJAR GETAS, AMPENAN, MATARAM NTB', '1734403791_89dbf21a3a910d7b7252.jpeg', '2'),
(86, 'BAG PAL', ' NI MADE SUSANTI, S.Adm.', 'PENDA', '1979101420031220', 'PS. PAMIN URTU SUBBAGRENMIN', '1979-10-14', 'PERUM ELIT KOTA MATARAM ASRI (DEPAN KANTOR DPRD) JL. ASRI VIII GANG III NO. 79 MATARAM', '1734404757_e52a5ac796f8d7a1beea.jpeg', '4'),
(87, 'BAG PAL', 'DETI YULIAWATI', 'PENDA', '1996120620220220', 'PNS BAG PAL', '1996-12-06', 'TANAK TEPONG UTARA RT 006 DESA PERESAK KECAMATAN NARMADA', '1734405509_de88c618731835c4e386.jpg', '11'),
(88, 'BAG PAL', ' NYOMAN SUPARMAN, S.H.', 'AIPDA', '75040581', 'BA BAG PAL', '1975-04-20', 'JL. SKIP BRIMOB GANG TERATAI NO. 8 AMPENAN SELATAN NUSA TENGGARA BARAT', '1734405761_e861ae7e5dc239673334.jpg', '8'),
(89, 'BAG PAL', ' AGUS DARMAYANTO', 'BRIPKA', '85081277', 'BA BAG PAL', '1985-08-01', 'DESA BUKIT TINGGI KECAMATAN GUNUNG SARI', '1734409354_c273f20c17ad0d190c61.jpeg', '9'),
(90, 'BAG PAL', 'I GEDE PUTU BUDHIARGA NIRMAWANTARA', 'BRIPKA', '88100139', 'BA BAG PAL', '1988-10-19', 'JL GUNUNG RINJANI BLOK AE5 BTN GRIYA REYAN INDAH GERUNG', '1734409462_e5e0736dc0eb06015e29.jpg', '9'),
(91, 'BAG PAL', 'MAKHRIP', 'BRIPKA', '77120677', 'BA BAG PAL', '1977-12-31', 'KAMPUNG KEBUN DUREN KEL. SELAGALAS KEC. CAKRANEGARA - MATARAM', '1734412157_94473082571edc924114.jpg', '9'),
(92, 'BAG PAL', 'KUSMAYADI', 'BRIPKA', '78090169', 'BA BAG PAL', '1978-09-28', 'JL DAMAI II NO 67 BLOK H BTN BHP DS KARANG BONGKOT LABUAPI LOMBOK BARAT', '1734412227_217a5a5adcf6dad67d19.jpg', '9'),
(93, 'BAG PAL', 'KUSMAYADI', 'BRIPKA', '78090169', 'BA BAG PAL', '1978-09-28', 'JL DAMAI II NO 67 BLOK H BTN BHP DS KARANG BONGKOT LABUAPI LOMBOK BARAT', '1734412228_ad786702bf3b85192e25.jpg', '9'),
(94, 'BAG PAL', 'ISKI PRADIKA', 'BRIPDA', '00090404', 'BA BAG PAL', '2000-09-30', 'MATARAM', '1734412331_e95401579838d7771dd4.jpeg', '12'),
(95, 'BAG PAL', ' PUTRI SEKAR ANDINI', 'BRIPDA', '01051048', 'BA BAG PAL', '2001-05-08', 'JL. KRISAN NO. 3 KR. TARUNA KEL. MATARAM BARAT KEC. SELAPARANG KOTA MATARAM', '1734412395_054179cff2afe8b0f1ad.jpg', '12'),
(96, 'BAG PAL', ' NANANG KUSWANTORO, S.H.', 'AKBP', '74030672', 'KABAG ADA', '1974-03-20', 'ASPOL POLDA JL. MAJAPAHIT NO. 5 AMPENAN', '1734412483_f38336c46f0b5a158111.jpeg', '2'),
(97, 'BAG ADA', 'HAIRIL', 'BRIPKA', '86050792', 'BA BAG ADA', '1986-05-01', 'DUSUN KETIREK, DESA JEMBATAN GANTUNG, KEC. LEMBAR KAB. LOMBOK BARAT PROV. NUSA TENGGARA BARAT', '1734412576_82d4f9074bc8ace566f9.jpeg', '9'),
(98, 'BAG ADA', ' MUHAMMAD ADITYA AGUSTIN', 'BRIPDA', '03050938', 'BA BAG ADA', '2003-05-24', 'JL. KAPUAS III NO 19 PERUMNAS LINGK. BARITO KOTA MATARAM', '1734412651_b59801f56427cce7b885.jpg', '12'),
(99, 'BAG BEKUM', ' BUDHI EKO PRASETYO, S.Pd., S.I.K.', 'KOMPOL', '85021407', 'KABAG BEKUM', '1985-02-04', 'KOMPLEK SETUKPA, JLN BHAYANGKARA BLOK B NO 3 SUKABUMI JAWABARAT', '1734412721_fc05848cb47e457a91e3.jpg', '3'),
(100, 'BAG BEKUM', 'JUAINI', 'AKP', '68020366', 'PAUR SUBBAGKAPSINTOR BAGBEKUM', '1968-02-25', 'PERUM PANJI PESONA BLOK B/24 RT 05/182 BT RINGGIT UTARA TJ KARANG SEKARBELA', '1734412786_44c1cd0073f7bf375ab8.jpg', '4'),
(101, 'BAG BEKUM', 'I PUTU PASEK YASA', 'AIPTU', '82020068', 'BA BAG BEKUM', '1982-02-12', 'MATARAM', '1734412878_e6d248f8c0510ea1a9b3.jpeg', '7'),
(102, 'BAG BEKUM', 'KHOIRUL FATIKIN', 'BRIPKA', '78120358', 'BA BAG BEKUM', '1978-12-07', 'GETAP BARAT RT 004/142 CAKRANEGARA SELATAN BARU CAKRANEGARA', '1734412957_ae0265f6f19523416e76.jpeg', '9'),
(103, 'BAG BEKUM', 'JOKO ADIWIANTO', 'AIPTU', '81030688', 'BA BAG BEKUM', '1981-03-26', 'GERUNG', '1734413746_2858a43eb840a1cb0c71.jpeg', '7'),
(104, 'BAG BEKUM', ' I PUTU HENDRA AGUSTINA', 'BRIPKA', '89020424', 'BA BAG BEKUM', '1989-02-20', 'JALAN ARCA NO 11 KARANG JANGGU CAKRANEGARA MATARAM NTB', '1734413810_9664cc3e3cbf6035f189.jpg', '9'),
(105, 'BAG FASKON', ' IWAN KUSWANTO, S.Si.', 'AKBP', '67090569', 'KABAG FASKON', '1967-09-13', 'MATARAM', '1734413993_f6b749d8add47679ca63.jpeg', '2'),
(106, 'BAG FASKON', 'I  KETUT ARTHA, S.H., M.I.Kom.', 'IPDA', '75040692', 'PAMIN 6 SUBBAGRENMIN', '1975-04-21', 'JALAN KENANGA V NOMOR 89 BTN SWETA KELURAHAN TURIDA KECAMATAN SANDUBAYA KOTA MATARAM', '1734414660_5570d5c8c749fd403ef7.jpg', '6'),
(107, 'BAG FASKON', 'SYAHRIL', 'PENDA', '1969051819980310', 'PNS BAG FASKON', '1969-05-18', 'PNS BAG FASKON', '1734414777_b9443f1d007a891c64ec.jpeg', '6'),
(108, 'BAG FASKON', 'MASHURI', 'AIPTU', '81070092', 'BA BAG FASKON', '1981-07-03', 'BTN ROYAL MATARAM', '1734414891_8921edcbab2232282246.jpeg', '7'),
(109, 'BAG FASKON', 'SULAMUL HADI, S.H.', 'AIPDA', '83040864', 'BA BAG FASKON', '1983-04-14', 'JL. PETERNAKAN I NO.6 SELAGALAS, KEC. SANDUBAYA KOTA MATARAM NTB', '1734414944_76585abdce822e327e2c.jpeg', '8'),
(110, 'BAG FASKON', ' I KETUT NGURAH MAHARDIKA, S.T.', 'AIPDA', '82061410', 'BA BAG FASKON', '1982-06-16', 'GREEN ROYALE RECIDANCE KAV. 51 GERISAK AMPENAN KOTA MATARAM', '1734415134_be3cc7459ffa27367229.jpg', '8'),
(111, 'BAG FASKON', 'IKA YUNI SYARIFYANTI GINTING', 'AIPDA', '84060972', 'BA BAG FASKON', '1984-06-17', 'JL ABG BTN GRAHA MUTIARA NO 07 RW 04 KEC AMPENAN KOTA MATARAM', '1734415200_dc3fca604ef27aa87e7c.jpeg', '8'),
(112, 'URGUDANG', ' I KOMANG SUMERTA', 'AIPDA', '76120144', 'URGUDANG', '1976-12-02', 'BTN TAMAN NIRWANA BLOC C NO 5 KARANG PULE SEKARBELA MATARAM', '1734415274_200cf63468a50de37935.jpg', '8'),
(113, 'URGUDANG', 'SUNARDI', 'BRIPKA', '86121505', 'URGUDANG', '1986-12-31', 'LOMBOK BARAT', '1734415315_f4dea50c0740d8345e65.jpg', '9');

-- --------------------------------------------------------

--
-- Table structure for table `auth_groups_users`
--

CREATE TABLE `auth_groups_users` (
  `id` int(11) UNSIGNED NOT NULL,
  `user_id` int(11) UNSIGNED NOT NULL,
  `group` varchar(255) NOT NULL,
  `created_at` datetime NOT NULL
) ENGINE=InnoDB DEFAULT CHARSET=utf8mb3 COLLATE=utf8mb3_general_ci;

--
-- Dumping data for table `auth_groups_users`
--

INSERT INTO `auth_groups_users` (`id`, `user_id`, `group`, `created_at`) VALUES
(1, 1, 'admin', '2024-11-12 11:57:36'),
(3, 2, 'admin', '2024-11-12 15:12:53'),
(4, 3, 'pal', '2024-11-12 16:08:24'),
(5, 4, 'faskon', '2024-11-12 16:10:07'),
(6, 5, 'ada', '2024-11-12 16:12:46'),
(7, 6, 'gudang', '2024-11-12 16:14:30'),
(8, 7, 'bekum', '2024-11-13 08:20:54'),
(10, 9, 'infolog', '2024-11-15 20:01:15'),
(11, 10, 'karolog', '2024-11-19 11:01:41'),
(12, 11, 'renmin', '2024-12-17 09:31:26');

-- --------------------------------------------------------

--
-- Table structure for table `auth_identities`
--

CREATE TABLE `auth_identities` (
  `id` int(11) UNSIGNED NOT NULL,
  `user_id` int(11) UNSIGNED NOT NULL,
  `type` varchar(255) NOT NULL,
  `name` varchar(255) DEFAULT NULL,
  `secret` varchar(255) NOT NULL,
  `secret2` varchar(255) DEFAULT NULL,
  `expires` datetime DEFAULT NULL,
  `extra` text DEFAULT NULL,
  `force_reset` tinyint(1) NOT NULL DEFAULT 0,
  `last_used_at` datetime DEFAULT NULL,
  `created_at` datetime DEFAULT NULL,
  `updated_at` datetime DEFAULT NULL
) ENGINE=InnoDB DEFAULT CHARSET=utf8mb3 COLLATE=utf8mb3_general_ci;

--
-- Dumping data for table `auth_identities`
--

INSERT INTO `auth_identities` (`id`, `user_id`, `type`, `name`, `secret`, `secret2`, `expires`, `extra`, `force_reset`, `last_used_at`, `created_at`, `updated_at`) VALUES
(1, 1, 'email_password', NULL, 'zulfikri48rolog@gmail.com', '$2y$12$rnKWXffxPzI8T53n4og0ruxkMy.XzPi6CYvlJnK1TPhSBUYpUhExC', NULL, NULL, 0, '2024-12-26 14:03:12', '2024-11-12 11:57:36', '2024-12-26 14:03:12'),
(2, 2, 'email_password', NULL, 'laluatma@gmail.com', '$2y$12$WwUkyEmKRnm9fwmQoVtZQOCFl/KwVTiIcQ/9icOcqAgcQV7hTf9BC', NULL, NULL, 0, '2024-12-26 08:18:23', '2024-11-12 14:54:15', '2024-12-26 08:18:23'),
(3, 3, 'email_password', NULL, 'bagpal@gmail.com', '$2y$12$UACibJijkb3w5JBdLr/DT.VYUUp1dnQrOh9/qUYRGNRisiejJy4cW', NULL, NULL, 0, '2024-12-25 10:12:41', '2024-11-12 16:08:24', '2024-12-25 10:12:41'),
(4, 4, 'email_password', NULL, 'bagfaskon@gmail.com', '$2y$12$wRNEv2Y3Yu/41LNP7CsxFOkwqFh19c0qbU9C9.H5lnyMtVXR29uji', NULL, NULL, 0, '2024-11-20 10:09:07', '2024-11-12 16:10:07', '2024-11-20 10:09:07'),
(5, 5, 'email_password', NULL, 'bagada@gmail.com', '$2y$12$8EwN0YumjLlJLpi8kNe8i..oDk2OcrlQvcJidSmv3XVVZoSvJuiqm', NULL, NULL, 0, '2024-12-20 08:38:06', '2024-11-12 16:12:46', '2024-12-20 08:38:06'),
(6, 6, 'email_password', NULL, 'urgudang@gmail.com', '$2y$12$/mgzaql0gHiPM508miZ5SuFI2sqEIDcbYi3EIj1THTgV5Og9XrzdG', NULL, NULL, 0, '2024-11-13 11:53:06', '2024-11-12 16:14:30', '2024-11-13 11:53:06'),
(7, 7, 'email_password', NULL, 'bagbekum@gmail.com', '$2y$12$MCzzKoTunT6xpCWd7fG2WOPQp9zeN1bXJq8UNzTRgbWKhQ1Eu76Sy', NULL, NULL, 0, '2024-12-02 11:31:57', '2024-11-13 08:20:54', '2024-12-02 11:31:57'),
(11, 9, 'email_password', NULL, 'baginfolog@gmail.com', '$2y$12$hnT8EPgFbJoTZsRhGwCgfOJBExwCJ2YJe/BhF68g8hkxfFN320K8e', NULL, NULL, 0, '2024-11-19 12:39:59', '2024-11-15 20:01:15', '2024-11-19 12:39:59'),
(12, 10, 'email_password', NULL, 'karolog@gmail.com', '$2y$12$Smw53bcGxpDFKZT4y7PBHe0wi41rV.wNhE59mGbEdcWZCsRUEHree', NULL, NULL, 0, NULL, '2024-11-19 11:01:41', '2024-11-19 11:01:41'),
(13, 11, 'email_password', NULL, 'subbagrenmin@gmail.com', '$2y$12$Zr7/wURRFYo7tl8NPbGJY.kNw7hjE3Bxy/eo4feMC3Hu2Ttof3XIO', NULL, NULL, 0, '2024-12-17 09:31:56', '2024-12-17 09:31:26', '2024-12-17 09:31:56');

-- --------------------------------------------------------

--
-- Table structure for table `auth_logins`
--

CREATE TABLE `auth_logins` (
  `id` int(11) UNSIGNED NOT NULL,
  `ip_address` varchar(255) NOT NULL,
  `user_agent` varchar(255) DEFAULT NULL,
  `id_type` varchar(255) NOT NULL,
  `identifier` varchar(255) NOT NULL,
  `user_id` int(11) UNSIGNED DEFAULT NULL,
  `date` datetime NOT NULL,
  `success` tinyint(1) NOT NULL
) ENGINE=InnoDB DEFAULT CHARSET=utf8mb3 COLLATE=utf8mb3_general_ci;

--
-- Dumping data for table `auth_logins`
--

INSERT INTO `auth_logins` (`id`, `ip_address`, `user_agent`, `id_type`, `identifier`, `user_id`, `date`, `success`) VALUES
(1, '2001:448a:10c5:3d53:79b9:9b21:41e5:b007', 'Mozilla/5.0 (Windows NT 10.0; Win64; x64) AppleWebKit/537.36 (KHTML, like Gecko) Chrome/130.0.0.0 Safari/537.36', 'email_password', 'zulfikri48rolog@gmail.com', 1, '2024-11-12 12:10:55', 1),
(2, '125.164.45.75', 'Mozilla/5.0 (Windows NT 10.0; Win64; x64) AppleWebKit/537.36 (KHTML, like Gecko) Chrome/130.0.0.0 Safari/537.36', 'email_password', 'zulfikri48rolog@gmail.com', 1, '2024-11-12 12:18:07', 1),
(3, '2404:c0:3822:1b08:1:0:a232:b2e3', 'Mozilla/5.0 (Linux; Android 14; RMX3686 Build/UKQ1.230924.001; wv) AppleWebKit/537.36 (KHTML, like Gecko) Version/4.0 Chrome/130.0.6723.107 Mobile Safari/537.36', 'email_password', 'zulfikri48rolog@gmail.com', 1, '2024-11-12 12:26:45', 1),
(4, '2404:c0:3822:1b08:1:0:a232:b2e3', 'Mozilla/5.0 (Linux; Android 14; RMX3686 Build/UKQ1.230924.001; wv) AppleWebKit/537.36 (KHTML, like Gecko) Version/4.0 Chrome/130.0.6723.107 Mobile Safari/537.36', 'email_password', 'zulfikri48rolog@gmail.com', 1, '2024-11-12 12:30:43', 1),
(5, '203.78.114.169', 'Mozilla/5.0 (Linux; Android 10; K) AppleWebKit/537.36 (KHTML, like Gecko) Chrome/130.0.0.0 Mobile Safari/537.36', 'email_password', 'zulfikri48rolog@gmail.com', 1, '2024-11-12 13:01:36', 1),
(6, '2404:c0:3822:1b08:1:0:a232:b2e3', 'Mozilla/5.0 (Linux; U; Android 14; in-id; RMX3686 Build/UKQ1.230924.001) AppleWebKit/537.36 (KHTML, like Gecko) Chrome/91.0.4472.88 Mobile Safari/537.36 HeyTapBrowser/45.11.4.1', 'email_password', 'zulfikri48rolog@gmail.com', 1, '2024-11-12 13:11:54', 1),
(7, '2404:c0:3822:1b08:1:0:a232:b2e3', 'Mozilla/5.0 (Linux; U; Android 14; in-id; RMX3686 Build/UKQ1.230924.001) AppleWebKit/537.36 (KHTML, like Gecko) Chrome/91.0.4472.88 Mobile Safari/537.36 HeyTapBrowser/45.11.4.1', 'email_password', 'zulfikri48rolog@gmail.com', 1, '2024-11-12 13:32:32', 1),
(8, '125.164.45.167', 'Mozilla/5.0 (Windows NT 10.0; Win64; x64) AppleWebKit/537.36 (KHTML, like Gecko) Chrome/130.0.0.0 Safari/537.36', 'email_password', 'zulfikri48rolog@gmail.com', 1, '2024-11-12 13:57:06', 1),
(9, '125.164.45.167', 'Mozilla/5.0 (Windows NT 10.0; Win64; x64) AppleWebKit/537.36 (KHTML, like Gecko) Chrome/130.0.0.0 Safari/537.36', 'email_password', 'zulfikri48rolog@gmail.com', 1, '2024-11-12 14:42:51', 1),
(10, '125.164.45.167', 'Mozilla/5.0 (Windows NT 10.0; Win64; x64) AppleWebKit/537.36 (KHTML, like Gecko) Chrome/130.0.0.0 Safari/537.36', 'email_password', 'zulfikri48rolog@gmail.com', NULL, '2024-11-12 14:50:51', 0),
(11, '125.164.45.167', 'Mozilla/5.0 (Windows NT 10.0; Win64; x64) AppleWebKit/537.36 (KHTML, like Gecko) Chrome/130.0.0.0 Safari/537.36', 'email_password', 'zulfikri48rolog@gmail.com', 1, '2024-11-12 14:51:03', 1),
(12, '125.164.45.167', 'Mozilla/5.0 (Windows NT 10.0; Win64; x64) AppleWebKit/537.36 (KHTML, like Gecko) Chrome/130.0.0.0 Safari/537.36', 'email_password', 'zulfikri1702@gmail.com', 2, '2024-11-12 14:54:47', 1),
(13, '125.163.56.91', 'Mozilla/5.0 (Windows NT 10.0; Win64; x64) AppleWebKit/537.36 (KHTML, like Gecko) Chrome/130.0.0.0 Safari/537.36', 'email_password', 'zulfikri48rolog@gmail.com', 1, '2024-11-12 15:06:36', 1),
(14, '2001:448a:c0c0:21d:ac19:592c:e4ff:d5ef', 'Mozilla/5.0 (Windows NT 10.0; Win64; x64) AppleWebKit/537.36 (KHTML, like Gecko) Chrome/130.0.0.0 Safari/537.36', 'email_password', 'Laluatma@gmail.com', 2, '2024-11-12 15:14:36', 1),
(15, '2001:448a:c0c0:21d:78e9:5c17:b40d:bba4', 'Mozilla/5.0 (Windows NT 10.0; Win64; x64) AppleWebKit/537.36 (KHTML, like Gecko) Chrome/130.0.0.0 Safari/537.36', 'email_password', 'zulfikri48rolog@gmail.com', 1, '2024-11-12 16:20:36', 1),
(16, '2404:c0:3822:1b08:1:0:a232:b2e3', 'Mozilla/5.0 (Linux; U; Android 14; in-id; RMX3686 Build/UKQ1.230924.001) AppleWebKit/537.36 (KHTML, like Gecko) Chrome/91.0.4472.88 Mobile Safari/537.36 HeyTapBrowser/45.11.4.1', 'email_password', 'urgudang@gmail.com', 6, '2024-11-12 16:25:09', 1),
(17, '2404:c0:3822:1b08:1:0:a232:b2e3', 'Mozilla/5.0 (Linux; Android 14; RMX3686 Build/UKQ1.230924.001; wv) AppleWebKit/537.36 (KHTML, like Gecko) Version/4.0 Chrome/130.0.6723.107 Mobile Safari/537.36', 'email_password', 'zulfikri48rolog@gmail.com', NULL, '2024-11-12 17:14:30', 0),
(18, '2404:c0:3822:1b08:1:0:a232:b2e3', 'Mozilla/5.0 (Linux; Android 14; RMX3686 Build/UKQ1.230924.001; wv) AppleWebKit/537.36 (KHTML, like Gecko) Version/4.0 Chrome/130.0.6723.107 Mobile Safari/537.36', 'email_password', 'zulfikri48rolog@gmail.com', 1, '2024-11-12 17:14:40', 1),
(19, '2404:c0:3822:1b08:b11f:258c:6a44:4cf8', 'Mozilla/5.0 (Windows NT 10.0; Win64; x64) AppleWebKit/537.36 (KHTML, like Gecko) Chrome/130.0.0.0 Safari/537.36', 'email_password', 'zulfikri48rolog@gmail.com', 1, '2024-11-12 18:54:31', 1),
(20, '2404:c0:3822:1b08:b11f:258c:6a44:4cf8', 'Mozilla/5.0 (Windows NT 10.0; Win64; x64) AppleWebKit/537.36 (KHTML, like Gecko) Chrome/130.0.0.0 Safari/537.36', 'email_password', 'urgudang@gmail.com', 6, '2024-11-12 19:36:18', 1),
(21, '2404:c0:3822:1b08:1:0:a232:b2e3', 'Mozilla/5.0 (Linux; U; Android 14; in-id; RMX3686 Build/UKQ1.230924.001) AppleWebKit/537.36 (KHTML, like Gecko) Chrome/91.0.4472.88 Mobile Safari/537.36 HeyTapBrowser/45.11.4.1', 'email_password', 'zulfikri48rolog@gmail.com', NULL, '2024-11-12 20:26:55', 0),
(22, '2404:c0:3822:1b08:1:0:a232:b2e3', 'Mozilla/5.0 (Linux; U; Android 14; in-id; RMX3686 Build/UKQ1.230924.001) AppleWebKit/537.36 (KHTML, like Gecko) Chrome/91.0.4472.88 Mobile Safari/537.36 HeyTapBrowser/45.11.4.1', 'email_password', 'zulfikri48rolog@gmail.com', 1, '2024-11-12 20:27:08', 1),
(23, '2404:c0:3822:1b08:1:0:a232:b2e3', 'Mozilla/5.0 (Linux; U; Android 14; in-id; RMX3686 Build/UKQ1.230924.001) AppleWebKit/537.36 (KHTML, like Gecko) Chrome/91.0.4472.88 Mobile Safari/537.36 HeyTapBrowser/45.11.4.1', 'email_password', 'zulfikri48rolog@gmail.com', 1, '2024-11-13 06:44:49', 1),
(24, '2001:448a:c0c0:21d:1589:33ca:64da:e2b9', 'Mozilla/5.0 (Windows NT 10.0; Win64; x64) AppleWebKit/537.36 (KHTML, like Gecko) Chrome/130.0.0.0 Safari/537.36', 'email_password', 'bagbekum@gmail.com', NULL, '2024-11-13 08:18:05', 0),
(25, '2001:448a:c0c0:21d:1589:33ca:64da:e2b9', 'Mozilla/5.0 (Windows NT 10.0; Win64; x64) AppleWebKit/537.36 (KHTML, like Gecko) Chrome/130.0.0.0 Safari/537.36', 'email_password', 'bagbekum@gmail.com', NULL, '2024-11-13 08:18:30', 0),
(26, '125.164.45.75', 'Mozilla/5.0 (Windows NT 10.0; Win64; x64) AppleWebKit/537.36 (KHTML, like Gecko) Chrome/130.0.0.0 Safari/537.36', 'email_password', 'zulfikri48rolog@gmail.com', 1, '2024-11-13 08:19:59', 1),
(27, '2001:448a:c0c0:21d:1589:33ca:64da:e2b9', 'Mozilla/5.0 (Windows NT 10.0; Win64; x64) AppleWebKit/537.36 (KHTML, like Gecko) Chrome/130.0.0.0 Safari/537.36', 'email_password', 'bagbekum@gmail.com', 7, '2024-11-13 08:21:20', 1),
(28, '125.163.58.54', 'Mozilla/5.0 (Linux; Android 10; K) AppleWebKit/537.36 (KHTML, like Gecko) SamsungBrowser/27.0 Chrome/125.0.0.0 Mobile Safari/537.36', 'email_password', 'ganjarsukmarini@gmail.com', NULL, '2024-11-13 08:21:49', 0),
(29, '125.164.45.75', 'Mozilla/5.0 (Windows NT 10.0; Win64; x64) AppleWebKit/537.36 (KHTML, like Gecko) Chrome/130.0.0.0 Safari/537.36', 'email_password', 'bagbekum@gmail.com', 7, '2024-11-13 08:22:05', 1),
(30, '125.163.58.54', 'Mozilla/5.0 (Linux; Android 10; K) AppleWebKit/537.36 (KHTML, like Gecko) SamsungBrowser/27.0 Chrome/125.0.0.0 Mobile Safari/537.36', 'email_password', 'ganjarsukmarini@gmail.com', NULL, '2024-11-13 08:22:05', 0),
(31, '2001:448a:c0c0:21d:ac19:592c:e4ff:d5ef', 'Mozilla/5.0 (Windows NT 10.0; Win64; x64) AppleWebKit/537.36 (KHTML, like Gecko) Chrome/130.0.0.0 Safari/537.36', 'email_password', 'Laluatma@gmail.com', 2, '2024-11-13 08:22:38', 1),
(32, '2001:448a:c0c0:73a:79e7:2743:9ff3:6385', 'Mozilla/5.0 (Windows NT 10.0; Win64; x64) AppleWebKit/537.36 (KHTML, like Gecko) Chrome/130.0.0.0 Safari/537.36', 'email_password', 'bagada@gmail.com', 5, '2024-11-13 08:23:29', 1),
(33, '125.164.45.75', 'Mozilla/5.0 (Windows NT 10.0; Win64; x64) AppleWebKit/537.36 (KHTML, like Gecko) Chrome/130.0.0.0 Safari/537.36', 'email_password', 'zulfikri48rolog@gmail.com', 1, '2024-11-13 08:23:56', 1),
(34, '2001:448a:c0c0:73a:60e0:4327:7670:4603', 'Mozilla/5.0 (Windows NT 10.0; Win64; x64) AppleWebKit/537.36 (KHTML, like Gecko) Chrome/130.0.0.0 Safari/537.36', 'email_password', 'bagada@gmail.com', 5, '2024-11-13 08:34:44', 1),
(35, '2404:c0:3822:1b08:1:0:a232:b2e3', 'Mozilla/5.0 (Linux; U; Android 14; in-id; RMX3686 Build/UKQ1.230924.001) AppleWebKit/537.36 (KHTML, like Gecko) Chrome/91.0.4472.88 Mobile Safari/537.36 HeyTapBrowser/45.11.4.1', 'email_password', 'zulfikri48rolog@gmail.com', 1, '2024-11-13 09:47:17', 1),
(36, '125.163.58.54', 'Mozilla/5.0 (Linux; Android 10; K) AppleWebKit/537.36 (KHTML, like Gecko) SamsungBrowser/27.0 Chrome/125.0.0.0 Mobile Safari/537.36', 'email_password', 'bagpal@gmail.com', 3, '2024-11-13 10:55:10', 1),
(37, '114.122.141.73', 'Mozilla/5.0 (Linux; Android 10; K) AppleWebKit/537.36 (KHTML, like Gecko) Chrome/130.0.0.0 Mobile Safari/537.36', 'email_password', 'yuni75687@gmail.com', NULL, '2024-11-13 11:01:27', 0),
(38, '114.122.141.73', 'Mozilla/5.0 (Linux; Android 10; K) AppleWebKit/537.36 (KHTML, like Gecko) Chrome/130.0.0.0 Mobile Safari/537.36', 'email_password', 'yuni75687@gmail.com', NULL, '2024-11-13 11:06:00', 0),
(39, '114.122.141.73', 'Mozilla/5.0 (Linux; Android 10; K) AppleWebKit/537.36 (KHTML, like Gecko) Chrome/130.0.0.0 Mobile Safari/537.36', 'email_password', 'bagfaskon@gmail.com', 4, '2024-11-13 11:10:43', 1),
(40, '2001:448a:c0c0:27e:40af:6f5e:cbfe:bd14', 'Mozilla/5.0 (Windows NT 10.0; Win64; x64) AppleWebKit/537.36 (KHTML, like Gecko) Chrome/130.0.0.0 Safari/537.36 Edg/130.0.0.0', 'email_password', 'urgudang@gmail.com', 6, '2024-11-13 11:53:06', 1),
(41, '114.122.136.45', 'Mozilla/5.0 (iPhone; CPU iPhone OS 16_6 like Mac OS X) AppleWebKit/605.1.15 (KHTML, like Gecko) Version/16.6 Mobile/15E148 Safari/604.1', 'email_password', 'bagpal@gmail.com', 3, '2024-11-13 12:01:15', 1),
(42, '2400:9800:8c2:86ec:d6d7:5d2d:ecc1:2cc', 'Mozilla/5.0 (Linux; Android 10; K) AppleWebKit/537.36 (KHTML, like Gecko) Chrome/130.0.0.0 Mobile Safari/537.36', 'email_password', 'faskon@gmail.com', NULL, '2024-11-13 12:08:13', 0),
(43, '2400:9800:8c2:86ec:d6d7:5d2d:ecc1:2cc', 'Mozilla/5.0 (Linux; Android 10; K) AppleWebKit/537.36 (KHTML, like Gecko) Chrome/130.0.0.0 Mobile Safari/537.36', 'email_password', 'faskon@gmail.com', NULL, '2024-11-13 12:09:16', 0),
(44, '2400:9800:8c2:86ec:d6d7:5d2d:ecc1:2cc', 'Mozilla/5.0 (Linux; Android 10; K) AppleWebKit/537.36 (KHTML, like Gecko) Chrome/130.0.0.0 Mobile Safari/537.36', 'email_password', 'faskon@gmail.com', NULL, '2024-11-13 12:09:33', 0),
(45, '125.163.58.54', 'Mozilla/5.0 (Windows NT 10.0; Win64; x64) AppleWebKit/537.36 (KHTML, like Gecko) Chrome/109.0.0.0 Safari/537.36', 'email_password', 'bagpal@gmail.com', 3, '2024-11-13 12:09:52', 1),
(46, '2404:c0:3822:1b08:1:0:a232:b2e3', 'Mozilla/5.0 (Linux; U; Android 14; in-id; RMX3686 Build/UKQ1.230924.001) AppleWebKit/537.36 (KHTML, like Gecko) Chrome/91.0.4472.88 Mobile Safari/537.36 HeyTapBrowser/45.11.4.1', 'email_password', 'zulfikri48rolog@gmail.com', 1, '2024-11-13 12:29:20', 1),
(47, '2001:448a:c0c0:d0:41ca:bd64:36aa:6b61', 'Mozilla/5.0 (Windows NT 10.0; Win64; x64) AppleWebKit/537.36 (KHTML, like Gecko) Chrome/130.0.0.0 Safari/537.36', 'email_password', 'zulfikri48rolog@gmail.com', 1, '2024-11-13 14:08:38', 1),
(48, '2001:448a:c0c0:d0:41ca:bd64:36aa:6b61', 'Mozilla/5.0 (Windows NT 10.0; Win64; x64) AppleWebKit/537.36 (KHTML, like Gecko) Chrome/130.0.0.0 Safari/537.36', 'email_password', 'bagpal@gmail.com', 3, '2024-11-13 14:42:25', 1),
(49, '2001:448a:c0c0:783:2036:568d:2c5f:f754', 'Mozilla/5.0 (Windows NT 6.1; Win64; x64; rv:109.0) Gecko/20100101 Firefox/115.0', 'email_password', 'faskon@gmail.com', NULL, '2024-11-14 07:15:59', 0),
(50, '2001:448a:c0c0:783:2036:568d:2c5f:f754', 'Mozilla/5.0 (Windows NT 6.1; Win64; x64; rv:109.0) Gecko/20100101 Firefox/115.0', 'email_password', 'bagfaskon@gmail.com', 4, '2024-11-14 07:17:38', 1),
(51, '125.164.45.75', 'Mozilla/5.0 (Windows NT 10.0; Win64; x64) AppleWebKit/537.36 (KHTML, like Gecko) Chrome/130.0.0.0 Safari/537.36', 'email_password', 'zulfikri48rolog@gmail.com', 1, '2024-11-14 07:28:40', 1),
(52, '2404:c0:3822:1b08:1:0:a232:b2e3', 'Mozilla/5.0 (Linux; U; Android 14; in-id; RMX3686 Build/UKQ1.230924.001) AppleWebKit/537.36 (KHTML, like Gecko) Chrome/91.0.4472.88 Mobile Safari/537.36 HeyTapBrowser/45.11.4.1', 'email_password', 'zulfikri48rolog@gmail.com', 1, '2024-11-14 08:05:03', 1),
(53, '125.163.59.115', 'Mozilla/5.0 (Windows NT 10.0; Win64; x64; rv:132.0) Gecko/20100101 Firefox/132.0', 'email_password', 'bagpal@gmail.com', 3, '2024-11-14 08:41:03', 1),
(54, '125.164.45.75', 'Mozilla/5.0 (Windows NT 10.0; Win64; x64) AppleWebKit/537.36 (KHTML, like Gecko) Chrome/130.0.0.0 Safari/537.36', 'email_password', 'zulfikri48rolog@gmail.com', 1, '2024-11-14 08:44:04', 1),
(55, '2001:448a:c0c0:d0:6520:a4d7:6b9c:9789', 'Mozilla/5.0 (Windows NT 10.0; Win64; x64) AppleWebKit/537.36 (KHTML, like Gecko) Chrome/130.0.0.0 Safari/537.36', 'email_password', 'bagbekum@gmail.com', 7, '2024-11-14 09:20:24', 1),
(56, '125.163.59.115', 'Mozilla/5.0 (Windows NT 10.0; Win64; x64; rv:132.0) Gecko/20100101 Firefox/132.0', 'email_password', 'Madesusanti93@gmail.com', NULL, '2024-11-14 10:19:22', 0),
(57, '125.163.59.115', 'Mozilla/5.0 (Windows NT 10.0; Win64; x64; rv:132.0) Gecko/20100101 Firefox/132.0', 'email_password', 'Madesusanti93@gmail.com', NULL, '2024-11-14 10:19:41', 0),
(58, '125.163.59.115', 'Mozilla/5.0 (Windows NT 10.0; Win64; x64; rv:132.0) Gecko/20100101 Firefox/132.0', 'email_password', 'bagpal@gmail.com', 3, '2024-11-14 10:20:16', 1),
(59, '125.164.45.75', 'Mozilla/5.0 (Windows NT 10.0; Win64; x64) AppleWebKit/537.36 (KHTML, like Gecko) Chrome/130.0.0.0 Safari/537.36', 'email_password', 'bagpal@gmail.com', 3, '2024-11-14 10:26:00', 1),
(60, '125.163.59.115', 'Mozilla/5.0 (Windows NT 10.0; Win64; x64; rv:132.0) Gecko/20100101 Firefox/132.0', 'email_password', 'bagpal@gmail.com', 3, '2024-11-14 10:58:34', 1),
(61, '125.164.45.75', 'Mozilla/5.0 (Windows NT 10.0; Win64; x64) AppleWebKit/537.36 (KHTML, like Gecko) Chrome/130.0.0.0 Safari/537.36', 'email_password', 'zulfikri48rolog@gmail.com', 1, '2024-11-14 11:54:31', 1),
(62, '125.164.45.75', 'Mozilla/5.0 (Windows NT 10.0; Win64; x64) AppleWebKit/537.36 (KHTML, like Gecko) Chrome/130.0.0.0 Safari/537.36', 'email_password', 'zulfikri48rolog@gmail.com', 1, '2024-11-14 12:15:27', 1),
(63, '125.164.45.75', 'Mozilla/5.0 (Windows NT 10.0; Win64; x64) AppleWebKit/537.36 (KHTML, like Gecko) Chrome/130.0.0.0 Safari/537.36', 'email_password', 'bagpal@gmail.com', 3, '2024-11-14 12:21:21', 1),
(64, '125.164.45.75', 'Mozilla/5.0 (Windows NT 10.0; Win64; x64) AppleWebKit/537.36 (KHTML, like Gecko) Chrome/130.0.0.0 Safari/537.36', 'email_password', 'bagbekum@gmail.com', 7, '2024-11-14 12:23:48', 1),
(65, '125.164.45.75', 'Mozilla/5.0 (Windows NT 10.0; Win64; x64) AppleWebKit/537.36 (KHTML, like Gecko) Chrome/130.0.0.0 Safari/537.36', 'email_password', 'zulfikri48rolog@gmail.com', 1, '2024-11-14 12:25:10', 1),
(66, '125.164.45.75', 'Mozilla/5.0 (Windows NT 10.0; Win64; x64) AppleWebKit/537.36 (KHTML, like Gecko) Chrome/130.0.0.0 Safari/537.36', 'email_password', 'zulfikri48rolog@gmail.com', 1, '2024-11-14 13:06:45', 1),
(67, '125.163.59.115', 'Mozilla/5.0 (Linux; Android 10; K) AppleWebKit/537.36 (KHTML, like Gecko) SamsungBrowser/27.0 Chrome/125.0.0.0 Mobile Safari/537.36', 'email_password', 'bagpal@gmail.com', 3, '2024-11-14 13:38:26', 1),
(68, '2404:c0:3822:1b08:1:0:a232:b2e3', 'Mozilla/5.0 (Linux; U; Android 14; in-id; RMX3686 Build/UKQ1.230924.001) AppleWebKit/537.36 (KHTML, like Gecko) Chrome/91.0.4472.88 Mobile Safari/537.36 HeyTapBrowser/45.11.4.1', 'email_password', 'zulfikri48rolog@gmail.com', 1, '2024-11-14 13:41:33', 1),
(69, '125.163.59.115', 'Mozilla/5.0 (Windows NT 10.0; Win64; x64) AppleWebKit/537.36 (KHTML, like Gecko) Chrome/109.0.0.0 Safari/537.36', 'email_password', 'bagpal@gmail.com', 3, '2024-11-14 13:41:44', 1),
(70, '125.163.59.115', 'Mozilla/5.0 (Windows NT 10.0; Win64; x64; rv:132.0) Gecko/20100101 Firefox/132.0', 'email_password', 'bagpal@gmail.com', 3, '2024-11-14 14:33:31', 1),
(71, '2001:448a:c0c0:d0:f404:d8ba:e8a4:d8cf', 'Mozilla/5.0 (Windows NT 10.0; Win64; x64) AppleWebKit/537.36 (KHTML, like Gecko) Chrome/130.0.0.0 Safari/537.36', 'email_password', 'bagbekum@gmail.com', 7, '2024-11-14 15:43:12', 1),
(72, '2404:c0:3822:1b08:343b:a07:2e0d:eac7', 'Mozilla/5.0 (Windows NT 10.0; Win64; x64) AppleWebKit/537.36 (KHTML, like Gecko) Chrome/130.0.0.0 Safari/537.36', 'email_password', 'zulfikri48rolog@gmail.com', 1, '2024-11-15 00:29:36', 1),
(73, '2404:c0:3822:1b08:1:0:a232:b2e3', 'Mozilla/5.0 (Linux; U; Android 14; in-id; RMX3686 Build/UKQ1.230924.001) AppleWebKit/537.36 (KHTML, like Gecko) Chrome/91.0.4472.88 Mobile Safari/537.36 HeyTapBrowser/45.11.4.1', 'email_password', 'zulfikri48rolog@gmail.com', 1, '2024-11-15 00:42:17', 1),
(74, '2404:c0:3811:6b4d:1:0:e3ce:ec48', 'Mozilla/5.0 (Linux; U; Android 14; in-id; RMX3686 Build/UKQ1.230924.001) AppleWebKit/537.36 (KHTML, like Gecko) Chrome/91.0.4472.88 Mobile Safari/537.36 HeyTapBrowser/45.11.4.1', 'email_password', 'zulfikri48rolog@gmail.com', 1, '2024-11-15 05:31:07', 1),
(75, '125.164.45.75', 'Mozilla/5.0 (Windows NT 10.0; Win64; x64) AppleWebKit/537.36 (KHTML, like Gecko) Chrome/130.0.0.0 Safari/537.36', 'email_password', 'zulfikri48rolog@gmail.com', 1, '2024-11-15 07:47:02', 1),
(76, '2404:c0:3811:6b4d:1:0:e3ce:ec48', 'Mozilla/5.0 (Linux; U; Android 14; in-id; RMX3686 Build/UKQ1.230924.001) AppleWebKit/537.36 (KHTML, like Gecko) Chrome/91.0.4472.88 Mobile Safari/537.36 HeyTapBrowser/45.11.4.1', 'email_password', 'zulfikri48rolog@gmail.com', 1, '2024-11-15 08:16:56', 1),
(77, '125.163.59.115', 'Mozilla/5.0 (Windows NT 10.0; Win64; x64) AppleWebKit/537.36 (KHTML, like Gecko) Chrome/109.0.0.0 Safari/537.36', 'email_password', 'bagpal@gmail.com', 3, '2024-11-15 08:37:19', 1),
(78, '125.163.59.115', 'Mozilla/5.0 (Windows NT 10.0; Win64; x64; rv:132.0) Gecko/20100101 Firefox/132.0', 'email_password', 'bagpal@gmail.com', 3, '2024-11-15 08:48:16', 1),
(79, '125.164.45.75', 'Mozilla/5.0 (Windows NT 10.0; Win64; x64) AppleWebKit/537.36 (KHTML, like Gecko) Chrome/130.0.0.0 Safari/537.36 Edg/130.0.0.0', 'email_password', 'zulfikri48rolog@gmail.com', 1, '2024-11-15 08:52:32', 1),
(80, '125.163.59.115', 'Mozilla/5.0 (Windows NT 10.0; Win64; x64) AppleWebKit/537.36 (KHTML, like Gecko) Chrome/109.0.0.0 Safari/537.36', 'email_password', 'bagpal@gmail.com', 3, '2024-11-15 09:56:52', 1),
(81, '2001:448a:c0c0:783:42c:37da:54a3:c61c', 'Mozilla/5.0 (Windows NT 6.1; Win64; x64; rv:109.0) Gecko/20100101 Firefox/115.0', 'email_password', 'bagfaskon@gmail.com', 4, '2024-11-15 10:09:31', 1),
(82, '125.164.45.75', 'Mozilla/5.0 (Windows NT 10.0; Win64; x64) AppleWebKit/537.36 (KHTML, like Gecko) Chrome/130.0.0.0 Safari/537.36', 'email_password', 'zulfikri48rolog@gmail.com', 1, '2024-11-15 10:47:16', 1),
(83, '125.163.59.115', 'Mozilla/5.0 (Windows NT 10.0; Win64; x64; rv:132.0) Gecko/20100101 Firefox/132.0', 'email_password', 'bagpal@gmail.com', 3, '2024-11-15 12:57:47', 1),
(84, '2404:c0:3811:6b4d:4ed:2953:f161:466b', 'Mozilla/5.0 (Windows NT 10.0; Win64; x64) AppleWebKit/537.36 (KHTML, like Gecko) Chrome/130.0.0.0 Safari/537.36', 'email_password', 'zulfikri48rolog@gmail.com', 1, '2024-11-15 15:30:50', 1),
(85, '2404:c0:3811:6b4d:1:0:e3ce:ec48', 'Mozilla/5.0 (Linux; U; Android 14; in-id; RMX3686 Build/UKQ1.230924.001) AppleWebKit/537.36 (KHTML, like Gecko) Chrome/91.0.4472.88 Mobile Safari/537.36 HeyTapBrowser/45.11.4.1', 'email_password', 'zulfikri48rolog@gmail.com', 1, '2024-11-15 16:35:21', 1),
(86, '2404:c0:3811:6b4d:c9e2:3af:6f2d:6327', 'Mozilla/5.0 (Windows NT 10.0; Win64; x64) AppleWebKit/537.36 (KHTML, like Gecko) Chrome/130.0.0.0 Safari/537.36', 'email_password', 'zulfikri48rolog@gmail.com', 1, '2024-11-15 19:53:58', 1),
(87, '2404:c0:3811:6b4d:c9e2:3af:6f2d:6327', 'Mozilla/5.0 (Windows NT 10.0; Win64; x64) AppleWebKit/537.36 (KHTML, like Gecko) Chrome/130.0.0.0 Safari/537.36', 'email_password', 'baginfolog@gmail.com', 9, '2024-11-15 20:01:34', 1),
(88, '2404:c0:3811:6b4d:1:0:e3ce:ec48', 'Mozilla/5.0 (Linux; U; Android 14; in-id; RMX3686 Build/UKQ1.230924.001) AppleWebKit/537.36 (KHTML, like Gecko) Chrome/91.0.4472.88 Mobile Safari/537.36 HeyTapBrowser/45.11.4.1', 'email_password', 'zulfikri48rolog@gmail.com', 1, '2024-11-15 20:52:19', 1),
(89, '2404:c0:3811:6b4d:c37:7dc1:142d:7d4', 'Mozilla/5.0 (Windows NT 10.0; Win64; x64) AppleWebKit/537.36 (KHTML, like Gecko) Chrome/130.0.0.0 Safari/537.36', 'email_password', 'zulfikri48rolog@gmail.com', 1, '2024-11-16 08:39:07', 1),
(90, '2404:c0:3811:6b4d:1:0:e3ce:ec48', 'Mozilla/5.0 (Linux; U; Android 14; in-id; RMX3686 Build/UKQ1.230924.001) AppleWebKit/537.36 (KHTML, like Gecko) Chrome/91.0.4472.88 Mobile Safari/537.36 HeyTapBrowser/45.11.4.1', 'email_password', 'zulfikri48rolog@gmail.com', 1, '2024-11-16 09:17:20', 1),
(91, '2404:c0:3811:6b4d:c37:7dc1:142d:7d4', 'Mozilla/5.0 (Windows NT 10.0; Win64; x64) AppleWebKit/537.36 (KHTML, like Gecko) Chrome/130.0.0.0 Safari/537.36', 'email_password', 'zulfikri48rolog@gmail.com', 1, '2024-11-16 11:31:58', 1),
(92, '2404:c0:3811:6b4d:1:0:e3ce:ec48', 'Mozilla/5.0 (Linux; U; Android 14; in-id; RMX3686 Build/UKQ1.230924.001) AppleWebKit/537.36 (KHTML, like Gecko) Chrome/91.0.4472.88 Mobile Safari/537.36 HeyTapBrowser/45.11.4.1', 'email_password', 'zulfikri48rolog@gmail.com', 1, '2024-11-16 12:00:04', 1),
(93, '2404:c0:3811:6b4d:c9cf:46e2:a021:be22', 'Mozilla/5.0 (Windows NT 10.0; Win64; x64) AppleWebKit/537.36 (KHTML, like Gecko) Chrome/130.0.0.0 Safari/537.36', 'email_password', 'zulfikri48rolog@gmail.com', 1, '2024-11-16 17:52:51', 1),
(94, '2404:c0:3811:6b4d:1:0:e3ce:ec48', 'Mozilla/5.0 (Linux; U; Android 14; in-id; RMX3686 Build/UKQ1.230924.001) AppleWebKit/537.36 (KHTML, like Gecko) Chrome/91.0.4472.88 Mobile Safari/537.36 HeyTapBrowser/45.11.4.1', 'email_password', 'zulfikri48rolog@gmail.com', 1, '2024-11-16 18:08:35', 1),
(95, '2404:c0:3811:6b4d:1:0:e3ce:ec48', 'Mozilla/5.0 (Linux; U; Android 14; in-id; RMX3686 Build/UKQ1.230924.001) AppleWebKit/537.36 (KHTML, like Gecko) Chrome/91.0.4472.88 Mobile Safari/537.36 HeyTapBrowser/45.11.4.1', 'email_password', 'zulfikri48rolog@gmail.com', 1, '2024-11-16 21:17:50', 1),
(96, '2404:c0:3d50::1e0:66d3', 'Mozilla/5.0 (Linux; U; Android 14; in-id; RMX3686 Build/UKQ1.230924.001) AppleWebKit/537.36 (KHTML, like Gecko) Chrome/91.0.4472.88 Mobile Safari/537.36 HeyTapBrowser/45.11.4.1', 'email_password', 'zulfikri48rolog@gmail.com', 1, '2024-11-18 06:15:43', 1),
(97, '125.164.45.75', 'Mozilla/5.0 (Windows NT 10.0; Win64; x64) AppleWebKit/537.36 (KHTML, like Gecko) Chrome/130.0.0.0 Safari/537.36', 'email_password', 'zulfikri48rolog@gmail.com', 1, '2024-11-18 07:29:31', 1),
(98, '2001:448a:c0c0:783:7c2a:b1c5:f083:df9f', 'Mozilla/5.0 (Windows NT 6.1; Win64; x64; rv:109.0) Gecko/20100101 Firefox/115.0', 'email_password', 'bagfaskon@gmail.com', 4, '2024-11-18 07:56:47', 1),
(99, '125.163.66.88', 'Mozilla/5.0 (Windows NT 10.0; Win64; x64) AppleWebKit/537.36 (KHTML, like Gecko) Chrome/109.0.0.0 Safari/537.36', 'email_password', 'bagpal@gmail.com', 3, '2024-11-18 08:20:10', 1),
(100, '125.163.66.88', 'Mozilla/5.0 (Windows NT 10.0; Win64; x64) AppleWebKit/537.36 (KHTML, like Gecko) Chrome/109.0.0.0 Safari/537.36', 'email_password', 'bagpal@gmail.com', 3, '2024-11-18 08:21:15', 1),
(101, '2001:448a:c0c0:677:85f6:ec1a:c7f2:1810', 'Mozilla/5.0 (Windows NT 10.0; Win64; x64) AppleWebKit/537.36 (KHTML, like Gecko) Chrome/130.0.0.0 Safari/537.36', 'email_password', 'baginfolog@gmail.com', 9, '2024-11-18 08:40:32', 1),
(102, '2404:c0:3d50::1e0:66d3', 'Mozilla/5.0 (Linux; U; Android 14; in-id; RMX3686 Build/UKQ1.230924.001) AppleWebKit/537.36 (KHTML, like Gecko) Chrome/91.0.4472.88 Mobile Safari/537.36 HeyTapBrowser/45.11.4.1', 'email_password', 'zulfikri48rolog@gmail.com', 1, '2024-11-18 09:06:29', 1),
(103, '2404:c0:3d50::1e0:66d3', 'Mozilla/5.0 (Linux; Android 14; RMX3686 Build/UKQ1.230924.001; wv) AppleWebKit/537.36 (KHTML, like Gecko) Version/4.0 Chrome/130.0.6723.107 Mobile Safari/537.36', 'email_password', 'zulfikri48rolog@gmail.com', 1, '2024-11-18 09:27:10', 1),
(104, '2001:448a:c0c0:d0:8d6:3810:9bf2:5f7f', 'Mozilla/5.0 (Windows NT 10.0; Win64; x64) AppleWebKit/537.36 (KHTML, like Gecko) Chrome/130.0.0.0 Safari/537.36', 'email_password', 'bagbekum@gmail.com', 7, '2024-11-18 10:23:55', 1),
(105, '125.163.66.88', 'Mozilla/5.0 (Windows NT 10.0; Win64; x64) AppleWebKit/537.36 (KHTML, like Gecko) Chrome/109.0.0.0 Safari/537.36', 'email_password', 'bagpal@gmail.com', 3, '2024-11-18 11:30:22', 1),
(106, '2404:c0:3d50::1e0:66d3', 'Mozilla/5.0 (Linux; Android 14; RMX3686 Build/UKQ1.230924.001; wv) AppleWebKit/537.36 (KHTML, like Gecko) Version/4.0 Chrome/130.0.6723.107 Mobile Safari/537.36', 'email_password', 'zulfikri48rolog@gmail.com', 1, '2024-11-18 13:28:10', 1),
(107, '125.163.66.88', 'Mozilla/5.0 (Windows NT 10.0; Win64; x64) AppleWebKit/537.36 (KHTML, like Gecko) Chrome/109.0.0.0 Safari/537.36', 'email_password', 'bagpal@gmail.com', 3, '2024-11-18 14:01:06', 1),
(108, '2404:c0:3d50::1e0:66d3', 'Mozilla/5.0 (Linux; Android 14; RMX3686 Build/UKQ1.230924.001; wv) AppleWebKit/537.36 (KHTML, like Gecko) Version/4.0 Chrome/130.0.6723.107 Mobile Safari/537.36', 'email_password', 'zulfikri48rolog@gmail.com', 1, '2024-11-18 15:36:38', 1),
(109, '2404:c0:3d50::1e0:66d3', 'Mozilla/5.0 (Linux; Android 14; RMX3686 Build/UKQ1.230924.001; wv) AppleWebKit/537.36 (KHTML, like Gecko) Version/4.0 Chrome/130.0.6723.107 Mobile Safari/537.36', 'email_password', 'zulfikri48rolog@gmail.com', 1, '2024-11-18 17:48:38', 1),
(110, '2404:c0:3d50::1e0:66d3', 'Mozilla/5.0 (Linux; Android 14; RMX3686 Build/UKQ1.230924.001; wv) AppleWebKit/537.36 (KHTML, like Gecko) Version/4.0 Chrome/130.0.6723.107 Mobile Safari/537.36', 'email_password', 'zulfikri48rolog@gmail.com', 1, '2024-11-18 18:01:00', 1),
(111, '2404:c0:3d50::1e0:66d3', 'Mozilla/5.0 (Linux; Android 14; RMX3686 Build/UKQ1.230924.001; wv) AppleWebKit/537.36 (KHTML, like Gecko) Version/4.0 Chrome/130.0.6723.107 Mobile Safari/537.36', 'email_password', 'zulfikri48rolog@gmail.com', 1, '2024-11-18 18:10:04', 1),
(112, '2001:448a:c0c0:783:49c1:70ea:ac4:c862', 'Mozilla/5.0 (Windows NT 6.1; Win64; x64; rv:109.0) Gecko/20100101 Firefox/115.0', 'email_password', 'bagfaskon@gmail.com', 4, '2024-11-19 07:50:03', 1),
(113, '125.163.66.88', 'Mozilla/5.0 (Windows NT 10.0; Win64; x64) AppleWebKit/537.36 (KHTML, like Gecko) Chrome/109.0.0.0 Safari/537.36', 'email_password', 'bagpal@gmail.com', 3, '2024-11-19 08:57:01', 1),
(114, '2404:c0:3d50::1e0:66d3', 'Mozilla/5.0 (Linux; Android 14; RMX3686 Build/UKQ1.230924.001; wv) AppleWebKit/537.36 (KHTML, like Gecko) Version/4.0 Chrome/130.0.6723.107 Mobile Safari/537.36', 'email_password', 'zulfikri48rolog@gmail.com', 1, '2024-11-19 09:22:48', 1),
(115, '125.163.66.88', 'Mozilla/5.0 (Windows NT 10.0; Win64; x64) AppleWebKit/537.36 (KHTML, like Gecko) Chrome/109.0.0.0 Safari/537.36', 'email_password', 'bagpal@gmail.com', 3, '2024-11-19 10:16:30', 1),
(116, '125.163.66.88', 'Mozilla/5.0 (Windows NT 10.0; Win64; x64) AppleWebKit/537.36 (KHTML, like Gecko) Chrome/109.0.0.0 Safari/537.36', 'email_password', 'bagpal@gmail.com', 3, '2024-11-19 10:35:19', 1),
(117, '125.164.45.75', 'Mozilla/5.0 (Windows NT 10.0; Win64; x64) AppleWebKit/537.36 (KHTML, like Gecko) Chrome/131.0.0.0 Safari/537.36', 'email_password', 'zulfikri48rolog@gmail.com', 1, '2024-11-19 11:00:33', 1),
(118, '125.164.45.75', 'Mozilla/5.0 (Windows NT 10.0; Win64; x64) AppleWebKit/537.36 (KHTML, like Gecko) Chrome/131.0.0.0 Safari/537.36', 'email_password', 'zulfikri48rolog@gmail.com', 1, '2024-11-19 12:21:52', 1),
(119, '2001:448a:c0c0:380:177:4a32:2065:d9b8', 'Mozilla/5.0 (Windows NT 10.0; Win64; x64) AppleWebKit/537.36 (KHTML, like Gecko) Chrome/130.0.0.0 Safari/537.36', 'email_password', 'baginfolog@gmail.com', 9, '2024-11-19 12:39:59', 1),
(120, '2001:448a:c0c0:132:fcfa:5af3:a4b9:46d9', 'Mozilla/5.0 (Windows NT 10.0; Win64; x64) AppleWebKit/537.36 (KHTML, like Gecko) Chrome/131.0.0.0 Safari/537.36', 'email_password', 'Laluatma@gmail.com', 2, '2024-11-19 14:02:41', 1),
(121, '125.164.45.75', 'Mozilla/5.0 (Windows NT 10.0; Win64; x64) AppleWebKit/537.36 (KHTML, like Gecko) Chrome/131.0.0.0 Safari/537.36', 'email_password', 'zulfikri48rolog@gmail.com', 1, '2024-11-19 14:40:06', 1),
(122, '2001:448a:c0c0:132:fcfa:5af3:a4b9:46d9', 'Mozilla/5.0 (Windows NT 10.0; Win64; x64) AppleWebKit/537.36 (KHTML, like Gecko) Chrome/131.0.0.0 Safari/537.36', 'email_password', 'Laluatma@gmail.com', 2, '2024-11-19 17:23:34', 1),
(123, '2404:c0:3d50::1fa:af11', 'Mozilla/5.0 (Windows NT 10.0; Win64; x64) AppleWebKit/537.36 (KHTML, like Gecko) Chrome/131.0.0.0 Safari/537.36', 'email_password', 'zulfikri48rolog@gmail.com', 1, '2024-11-19 20:50:35', 1),
(124, '2404:c0:3d50::1e0:66d3', 'Mozilla/5.0 (Linux; Android 14; RMX3686 Build/UKQ1.230924.001; wv) AppleWebKit/537.36 (KHTML, like Gecko) Version/4.0 Chrome/130.0.6723.107 Mobile Safari/537.36', 'email_password', 'zulfikri48rolog@gmail.com', 1, '2024-11-19 21:14:19', 1),
(125, '112.215.219.9', 'Mozilla/5.0 (Linux; Android 10; K) AppleWebKit/537.36 (KHTML, like Gecko) Chrome/131.0.0.0 Mobile Safari/537.36', 'email_password', 'Laluatma@gmail.com', 2, '2024-11-19 21:23:41', 1),
(126, '2404:c0:3d50::1e0:66d3', 'Mozilla/5.0 (Linux; Android 14; RMX3686 Build/UKQ1.230924.001; wv) AppleWebKit/537.36 (KHTML, like Gecko) Version/4.0 Chrome/130.0.6723.107 Mobile Safari/537.36', 'email_password', 'zulfikri48rolog@gmail.com', 1, '2024-11-20 08:07:49', 1),
(127, '125.164.45.75', 'Mozilla/5.0 (Windows NT 10.0; Win64; x64) AppleWebKit/537.36 (KHTML, like Gecko) Chrome/131.0.0.0 Safari/537.36', 'email_password', 'zulfikri48rolog@gmail.com', 1, '2024-11-20 08:13:53', 1),
(128, '125.163.66.88', 'Mozilla/5.0 (Windows NT 10.0; Win64; x64) AppleWebKit/537.36 (KHTML, like Gecko) Chrome/109.0.0.0 Safari/537.36', 'email_password', 'bagpal@gmail.com', 3, '2024-11-20 09:01:52', 1),
(129, '2001:448a:c0c0:783:581f:8214:44ea:ba48', 'Mozilla/5.0 (Windows NT 6.1; Win64; x64; rv:109.0) Gecko/20100101 Firefox/115.0', 'email_password', 'bagfaskon@gmail.com', 4, '2024-11-20 10:09:07', 1),
(130, '125.163.66.88', 'Mozilla/5.0 (Windows NT 10.0; Win64; x64) AppleWebKit/537.36 (KHTML, like Gecko) Chrome/109.0.0.0 Safari/537.36', 'email_password', 'bagpal@gmail.com', 3, '2024-11-20 10:37:39', 1),
(131, '140.213.126.203', 'Mozilla/5.0 (Linux; Android 10; K) AppleWebKit/537.36 (KHTML, like Gecko) Chrome/131.0.0.0 Mobile Safari/537.36', 'email_password', 'Laluatma@gmail.com', 2, '2024-11-20 14:00:31', 1),
(132, '182.0.224.83', 'Mozilla/5.0 (Linux; Android 10; K) AppleWebKit/537.36 (KHTML, like Gecko) SamsungBrowser/27.0 Chrome/125.0.0.0 Mobile Safari/537.36', 'email_password', 'bagpal@gmail.com', 3, '2024-11-20 14:04:48', 1),
(133, '125.163.66.88', 'Mozilla/5.0 (Windows NT 10.0; Win64; x64) AppleWebKit/537.36 (KHTML, like Gecko) Chrome/109.0.0.0 Safari/537.36', 'email_password', 'bagpal@gmail.com', 3, '2024-11-20 14:07:03', 1),
(134, '125.163.66.88', 'Mozilla/5.0 (Windows NT 10.0; Win64; x64) AppleWebKit/537.36 (KHTML, like Gecko) Chrome/109.0.0.0 Safari/537.36', 'email_password', 'bagpal@gmail.com', 3, '2024-11-20 14:25:13', 1),
(135, '2404:c0:3d50::1e0:66d3', 'Mozilla/5.0 (Linux; Android 14; RMX3686 Build/UKQ1.230924.001; wv) AppleWebKit/537.36 (KHTML, like Gecko) Version/4.0 Chrome/130.0.6723.107 Mobile Safari/537.36', 'email_password', 'zulfikri48rolog@gmail.com', 1, '2024-11-20 23:42:43', 1),
(136, '125.164.45.75', 'Mozilla/5.0 (Windows NT 10.0; Win64; x64) AppleWebKit/537.36 (KHTML, like Gecko) Chrome/131.0.0.0 Safari/537.36', 'email_password', 'zulfikri48rolog@gmail.com', 1, '2024-11-21 07:54:07', 1),
(137, '125.164.45.75', 'Mozilla/5.0 (Windows NT 10.0; Win64; x64) AppleWebKit/537.36 (KHTML, like Gecko) Chrome/131.0.0.0 Safari/537.36', 'email_password', 'zulfikri48rolog@gmail.com', 1, '2024-11-21 08:31:13', 1),
(138, '125.163.66.88', 'Mozilla/5.0 (Windows NT 10.0; Win64; x64) AppleWebKit/537.36 (KHTML, like Gecko) Chrome/109.0.0.0 Safari/537.36', 'email_password', 'bagpal@gmail.com', 3, '2024-11-21 09:38:34', 1),
(139, '2001:448a:c0c0:768:2140:8cf1:dcf7:48a2', 'Mozilla/5.0 (Windows NT 10.0; Win64; x64) AppleWebKit/537.36 (KHTML, like Gecko) Chrome/130.0.0.0 Safari/537.36', 'email_password', 'bagada@gmail.com', 5, '2024-11-21 11:25:12', 1),
(140, '125.163.66.88', 'Mozilla/5.0 (Windows NT 10.0; Win64; x64) AppleWebKit/537.36 (KHTML, like Gecko) Chrome/109.0.0.0 Safari/537.36', 'email_password', 'bagpal@gmail.com', 3, '2024-11-21 14:36:10', 1),
(141, '125.164.40.33', 'Mozilla/5.0 (Windows NT 10.0; Win64; x64) AppleWebKit/537.36 (KHTML, like Gecko) Chrome/109.0.0.0 Safari/537.36', 'email_password', 'bagpal@gmail.com', 3, '2024-11-22 08:55:23', 1),
(142, '2001:448a:50c2:1a24:1763:6c09:a114:c6d7', 'Mozilla/5.0 (Linux; Android 10; K) AppleWebKit/537.36 (KHTML, like Gecko) SamsungBrowser/27.0 Chrome/125.0.0.0 Mobile Safari/537.36', 'email_password', 'bagpal@gmaul.com', NULL, '2024-11-25 14:45:20', 0),
(143, '2001:448a:50c2:1a24:1763:6c09:a114:c6d7', 'Mozilla/5.0 (Linux; Android 10; K) AppleWebKit/537.36 (KHTML, like Gecko) SamsungBrowser/27.0 Chrome/125.0.0.0 Mobile Safari/537.36', 'email_password', 'bagpal@gmail.com', 3, '2024-11-25 14:45:44', 1),
(144, '125.164.40.33', 'Mozilla/5.0 (Windows NT 10.0; Win64; x64; rv:132.0) Gecko/20100101 Firefox/132.0', 'email_password', 'bagpal@gmail.com', 3, '2024-11-25 14:50:39', 1),
(145, '125.164.40.33', 'Mozilla/5.0 (Windows NT 10.0; Win64; x64; rv:132.0) Gecko/20100101 Firefox/132.0', 'email_password', 'bagpal@gmail.com', 3, '2024-11-25 15:31:22', 1),
(146, '182.0.226.191', 'Mozilla/5.0 (Linux; Android 10; K) AppleWebKit/537.36 (KHTML, like Gecko) SamsungBrowser/27.0 Chrome/125.0.0.0 Mobile Safari/537.36', 'email_password', 'bagpal@gmail.com', 3, '2024-11-26 11:27:36', 1),
(147, '125.164.40.33', 'Mozilla/5.0 (Windows NT 10.0; Win64; x64; rv:132.0) Gecko/20100101 Firefox/132.0', 'email_password', 'bagpal@gmail.com', 3, '2024-11-26 11:28:45', 1),
(148, '140.213.127.42', 'Mozilla/5.0 (Windows NT 10.0; Win64; x64) AppleWebKit/537.36 (KHTML, like Gecko) Chrome/131.0.0.0 Safari/537.36', 'email_password', 'zulfikri48rolog@gmail.com', 1, '2024-11-26 13:50:43', 1),
(149, '36.84.9.112', 'Mozilla/5.0 (Windows NT 10.0; Win64; x64) AppleWebKit/537.36 (KHTML, like Gecko) Chrome/131.0.0.0 Safari/537.36', 'email_password', 'Laluatma@gmail.com', 2, '2024-11-26 20:46:01', 1),
(150, '140.213.126.115', 'Mozilla/5.0 (Linux; Android 10; K) AppleWebKit/537.36 (KHTML, like Gecko) Chrome/131.0.0.0 Mobile Safari/537.36', 'email_password', 'Laluatma@gmail.com', 2, '2024-11-27 09:31:09', 1),
(151, '2001:448a:50c2:67ae:dcad:8299:b606:117d', 'Mozilla/5.0 (Windows NT 10.0; Win64; x64) AppleWebKit/537.36 (KHTML, like Gecko) Chrome/131.0.0.0 Safari/537.36', 'email_password', 'Laluatma@gmail.com', 2, '2024-11-27 18:00:30', 1),
(152, '125.163.62.184', 'Mozilla/5.0 (Windows NT 10.0; Win64; x64) AppleWebKit/537.36 (KHTML, like Gecko) Chrome/131.0.0.0 Safari/537.36', 'email_password', 'Laluatma@gmail.com', 2, '2024-11-27 22:36:03', 1),
(153, '140.213.150.93', 'Mozilla/5.0 (Linux; Android 14; RMX3686 Build/UKQ1.230924.001; wv) AppleWebKit/537.36 (KHTML, like Gecko) Version/4.0 Chrome/130.0.6723.107 Mobile Safari/537.36', 'email_password', 'zulfikri48rolog@gmail.com', 1, '2024-11-28 09:04:40', 1),
(154, '125.164.40.33', 'Mozilla/5.0 (Windows NT 10.0; Win64; x64) AppleWebKit/537.36 (KHTML, like Gecko) Chrome/109.0.0.0 Safari/537.36', 'email_password', 'bagpal@gmail.com', 3, '2024-11-28 09:29:55', 1),
(155, '125.164.40.33', 'Mozilla/5.0 (Windows NT 10.0; Win64; x64) AppleWebKit/537.36 (KHTML, like Gecko) Chrome/109.0.0.0 Safari/537.36', 'email_password', 'bagpal@gmail.com', 3, '2024-11-28 12:17:48', 1),
(156, '2001:448a:50c2:b44d:6050:c387:c973:bddf', 'Mozilla/5.0 (Linux; Android 10; K) AppleWebKit/537.36 (KHTML, like Gecko) SamsungBrowser/27.0 Chrome/125.0.0.0 Mobile Safari/537.36', 'email_password', 'bagpal@gmail.com', 3, '2024-11-29 11:42:54', 1),
(157, '125.164.37.116', 'Mozilla/5.0 (Linux; Android 10; K) AppleWebKit/537.36 (KHTML, like Gecko) SamsungBrowser/27.0 Chrome/125.0.0.0 Mobile Safari/537.36', 'email_password', 'bagpal@gmail.com', NULL, '2024-11-29 13:47:45', 0),
(158, '125.164.37.116', 'Mozilla/5.0 (Linux; Android 10; K) AppleWebKit/537.36 (KHTML, like Gecko) SamsungBrowser/27.0 Chrome/125.0.0.0 Mobile Safari/537.36', 'email_password', 'bagpal@gmail.com', 3, '2024-11-29 13:47:53', 1),
(159, '125.164.34.238', 'Mozilla/5.0 (Windows NT 10.0; Win64; x64) AppleWebKit/537.36 (KHTML, like Gecko) Chrome/131.0.0.0 Safari/537.36', 'email_password', 'Laluatma@gmail.com', 2, '2024-11-29 13:55:29', 1),
(160, '140.213.150.186', 'Mozilla/5.0 (Linux; Android 14; RMX3686 Build/UKQ1.230924.001; wv) AppleWebKit/537.36 (KHTML, like Gecko) Version/4.0 Chrome/130.0.6723.107 Mobile Safari/537.36', 'email_password', 'zulfikri48rolog@gmail.com', 1, '2024-11-29 19:45:53', 1),
(161, '140.213.150.186', 'Mozilla/5.0 (Linux; Android 10; K) AppleWebKit/537.36 (KHTML, like Gecko) Chrome/131.0.0.0 Mobile Safari/537.36', 'email_password', 'zulfikri48rolog@gmail.com', 1, '2024-11-29 19:47:14', 1),
(162, '140.213.150.80', 'Mozilla/5.0 (Linux; Android 10; K) AppleWebKit/537.36 (KHTML, like Gecko) Chrome/131.0.0.0 Mobile Safari/537.36', 'email_password', 'Laluatma@gmail.com', 2, '2024-11-29 21:13:31', 1),
(163, '125.163.62.234', 'Mozilla/5.0 (Windows NT 10.0; Win64; x64) AppleWebKit/537.36 (KHTML, like Gecko) Chrome/131.0.0.0 Safari/537.36', 'email_password', 'Laluatma@gmail.com', 2, '2024-11-30 13:07:21', 1),
(164, '125.163.62.234', 'Mozilla/5.0 (Linux; Android 10; K) AppleWebKit/537.36 (KHTML, like Gecko) Chrome/131.0.0.0 Mobile Safari/537.36', 'email_password', 'Laluatma@gmail.com', 2, '2024-11-30 13:09:26', 1),
(165, '2001:448a:50c2:709:8111:a5b2:2c87:830c', 'Mozilla/5.0 (Windows NT 10.0; Win64; x64) AppleWebKit/537.36 (KHTML, like Gecko) Chrome/131.0.0.0 Safari/537.36', 'email_password', 'Laluatma@gmail.com', 2, '2024-11-30 22:39:07', 1),
(166, '140.213.126.134', 'Mozilla/5.0 (Linux; Android 14; RMX3686 Build/UKQ1.230924.001; wv) AppleWebKit/537.36 (KHTML, like Gecko) Version/4.0 Chrome/130.0.6723.107 Mobile Safari/537.36', 'email_password', 'zulfikri48rolog@gmail.com', 1, '2024-12-01 10:12:17', 1),
(167, '2001:448a:50c2:41f1:907:6271:bfcc:a475', 'Mozilla/5.0 (Windows NT 10.0; Win64; x64) AppleWebKit/537.36 (KHTML, like Gecko) Chrome/131.0.0.0 Safari/537.36', 'email_password', 'Laluatma@gmail.com', 2, '2024-12-01 17:34:17', 1),
(168, '2001:448a:50c2:41f1:907:6271:bfcc:a475', 'Mozilla/5.0 (Windows NT 10.0; Win64; x64) AppleWebKit/537.36 (KHTML, like Gecko) Chrome/131.0.0.0 Safari/537.36', 'email_password', 'Laluatma@gmail.com', 2, '2024-12-01 22:19:16', 1),
(169, '203.78.121.32', 'Mozilla/5.0 (Linux; Android 14; RMX3686 Build/UKQ1.230924.001; wv) AppleWebKit/537.36 (KHTML, like Gecko) Version/4.0 Chrome/130.0.6723.107 Mobile Safari/537.36', 'email_password', 'zulfikri48rolog@gmail.com', 1, '2024-12-02 08:18:54', 1),
(170, '203.78.121.32', 'Mozilla/5.0 (Linux; Android 14; RMX3686 Build/UKQ1.230924.001; wv) AppleWebKit/537.36 (KHTML, like Gecko) Version/4.0 Chrome/130.0.6723.107 Mobile Safari/537.36', 'email_password', 'zulfikri48rolog@gmail.com', 1, '2024-12-02 08:20:23', 1),
(171, '125.163.66.38', 'Mozilla/5.0 (Windows NT 10.0; Win64; x64) AppleWebKit/537.36 (KHTML, like Gecko) Chrome/131.0.0.0 Safari/537.36', 'email_password', 'Laluatma@gmail.com', 2, '2024-12-02 08:24:41', 1),
(172, '203.78.121.32', 'Mozilla/5.0 (Linux; U; Android 14; in-id; RMX3686 Build/UKQ1.230924.001) AppleWebKit/537.36 (KHTML, like Gecko) Chrome/91.0.4472.88 Mobile Safari/537.36 HeyTapBrowser/45.11.5.1', 'email_password', 'zulfikri48rolog@gmail.com', 1, '2024-12-02 08:49:53', 1),
(173, '125.167.147.97', 'Mozilla/5.0 (Windows NT 10.0; Win64; x64) AppleWebKit/537.36 (KHTML, like Gecko) Chrome/109.0.0.0 Safari/537.36', 'email_password', 'bagpal@gmail.com', 3, '2024-12-02 09:06:03', 1),
(174, '2001:448a:c0c0:374:e98c:809a:5bb1:6b58', 'Mozilla/5.0 (Windows NT 10.0; Win64; x64) AppleWebKit/537.36 (KHTML, like Gecko) Chrome/131.0.0.0 Safari/537.36', 'email_password', 'bagada@gmail.com', 5, '2024-12-02 09:44:19', 1),
(175, '125.163.66.38', 'Mozilla/5.0 (Windows NT 10.0; Win64; x64) AppleWebKit/537.36 (KHTML, like Gecko) Chrome/131.0.0.0 Safari/537.36', 'email_password', 'bagbekum@gmail.com', 7, '2024-12-02 10:05:38', 1),
(176, '125.163.66.38', 'Mozilla/5.0 (Windows NT 10.0; Win64; x64) AppleWebKit/537.36 (KHTML, like Gecko) Chrome/131.0.0.0 Safari/537.36', 'email_password', 'bagbekum@gmail.com', 7, '2024-12-02 11:31:57', 1),
(177, '125.163.56.130', 'Mozilla/5.0 (Windows NT 10.0; Win64; x64) AppleWebKit/537.36 (KHTML, like Gecko) Chrome/131.0.0.0 Safari/537.36', 'email_password', 'zulfikri48rolog@gmail.com', 1, '2024-12-02 13:59:33', 1),
(178, '112.215.219.228', 'Mozilla/5.0 (Windows NT 10.0; Win64; x64) AppleWebKit/537.36 (KHTML, like Gecko) Chrome/131.0.0.0 Safari/537.36', 'email_password', 'zulfikri48rolog@gmail.com', 1, '2024-12-02 16:29:53', 1),
(179, '112.215.220.114', 'Mozilla/5.0 (Linux; Android 10; K) AppleWebKit/537.36 (KHTML, like Gecko) Chrome/131.0.0.0 Mobile Safari/537.36', 'email_password', 'Laluatma@gmail.com', 2, '2024-12-02 17:39:41', 1),
(180, '203.78.114.199', 'Mozilla/5.0 (Linux; Android 10; K) AppleWebKit/537.36 (KHTML, like Gecko) Chrome/131.0.0.0 Mobile Safari/537.36', 'email_password', 'Laluatma@gmail.com', 2, '2024-12-02 21:25:50', 1),
(181, '140.213.127.87', 'Mozilla/5.0 (Linux; Android 10; K) AppleWebKit/537.36 (KHTML, like Gecko) Chrome/131.0.0.0 Mobile Safari/537.36', 'email_password', 'zulfikri48rolog@gmail.com', 1, '2024-12-02 23:56:49', 1),
(182, '203.78.121.253', 'Mozilla/5.0 (Linux; Android 10; K) AppleWebKit/537.36 (KHTML, like Gecko) Chrome/131.0.0.0 Mobile Safari/537.36', 'email_password', 'Laluatma@gmail.com', 2, '2024-12-03 01:01:54', 1),
(183, '203.78.114.62', 'Mozilla/5.0 (Linux; Android 10; K) AppleWebKit/537.36 (KHTML, like Gecko) Chrome/131.0.0.0 Mobile Safari/537.36', 'email_password', 'zulfikri48rolog@gmail.com', 1, '2024-12-03 07:24:01', 1),
(184, '140.213.126.163', 'Mozilla/5.0 (Linux; Android 10; K) AppleWebKit/537.36 (KHTML, like Gecko) Chrome/131.0.0.0 Mobile Safari/537.36', 'email_password', 'Laluatma@gmail.com', 2, '2024-12-03 07:28:19', 1),
(185, '125.167.147.97', 'Mozilla/5.0 (Windows NT 10.0; Win64; x64) AppleWebKit/537.36 (KHTML, like Gecko) Chrome/109.0.0.0 Safari/537.36', 'email_password', 'bagpal@gmail.com', 3, '2024-12-03 08:10:39', 1),
(186, '125.167.147.97', 'Mozilla/5.0 (Windows NT 10.0; Win64; x64) AppleWebKit/537.36 (KHTML, like Gecko) Chrome/109.0.0.0 Safari/537.36', 'email_password', 'bagpal@gmail.com', 3, '2024-12-03 08:15:57', 1),
(187, '112.215.220.155', 'Mozilla/5.0 (Linux; Android 10; K) AppleWebKit/537.36 (KHTML, like Gecko) Chrome/131.0.0.0 Mobile Safari/537.36', 'email_password', 'zulfikri48rolog@gmail.com', 1, '2024-12-03 08:31:50', 1),
(188, '125.167.147.97', 'Mozilla/5.0 (Windows NT 10.0; Win64; x64) AppleWebKit/537.36 (KHTML, like Gecko) Chrome/109.0.0.0 Safari/537.36', 'email_password', 'bagpal@gmail.com', 3, '2024-12-03 11:03:41', 1),
(189, '125.167.147.97', 'Mozilla/5.0 (Windows NT 10.0; Win64; x64) AppleWebKit/537.36 (KHTML, like Gecko) Chrome/109.0.0.0 Safari/537.36', 'email_password', 'bagpal@gmail.com', 3, '2024-12-03 13:52:24', 1),
(190, '203.78.114.207', 'Mozilla/5.0 (Linux; Android 10; K) AppleWebKit/537.36 (KHTML, like Gecko) Chrome/131.0.0.0 Mobile Safari/537.36', 'email_password', 'zulfikri48rolog@gmail.com', 1, '2024-12-03 18:05:17', 1),
(191, '203.78.121.159', 'Mozilla/5.0 (Linux; Android 10; K) AppleWebKit/537.36 (KHTML, like Gecko) Chrome/131.0.0.0 Mobile Safari/537.36', 'email_password', 'zulfikri48rolog@gmail.com', 1, '2024-12-03 23:00:44', 1),
(192, '203.78.121.59', 'Mozilla/5.0 (Linux; Android 10; K) AppleWebKit/537.36 (KHTML, like Gecko) Chrome/131.0.0.0 Mobile Safari/537.36', 'email_password', 'zulfikri48rolog@gmail.com', 1, '2024-12-04 08:02:34', 1),
(193, '125.163.56.130', 'Mozilla/5.0 (Windows NT 10.0; Win64; x64) AppleWebKit/537.36 (KHTML, like Gecko) Chrome/131.0.0.0 Safari/537.36', 'email_password', 'zulfikri48rolog@gmail.com', 1, '2024-12-04 08:45:42', 1),
(194, '125.167.147.97', 'Mozilla/5.0 (Windows NT 10.0; Win64; x64) AppleWebKit/537.36 (KHTML, like Gecko) Chrome/109.0.0.0 Safari/537.36', 'email_password', 'bagpal@gmail.com', 3, '2024-12-04 09:38:37', 1),
(195, '112.215.219.70', 'Mozilla/5.0 (Linux; Android 10; K) AppleWebKit/537.36 (KHTML, like Gecko) Chrome/131.0.0.0 Mobile Safari/537.36', 'email_password', 'zulfikri48rolog@gmail.com', 1, '2024-12-04 14:03:41', 1),
(196, '125.163.66.38', 'Mozilla/5.0 (Windows NT 10.0; Win64; x64) AppleWebKit/537.36 (KHTML, like Gecko) Chrome/131.0.0.0 Safari/537.36', 'email_password', 'zulfikri48rolog@gmail.com', 1, '2024-12-04 14:05:53', 1),
(197, '125.163.66.38', 'Mozilla/5.0 (Windows NT 10.0; Win64; x64) AppleWebKit/537.36 (KHTML, like Gecko) Chrome/131.0.0.0 Safari/537.36', 'email_password', 'Laluatma@gmail.com', 2, '2024-12-04 14:55:18', 1),
(198, '140.213.127.210', 'Mozilla/5.0 (Linux; Android 10; K) AppleWebKit/537.36 (KHTML, like Gecko) Chrome/131.0.0.0 Mobile Safari/537.36', 'email_password', 'zulfikri48rolog@gmail.com', 1, '2024-12-04 18:46:42', 1),
(199, '125.167.147.97', 'Mozilla/5.0 (Windows NT 10.0; Win64; x64) AppleWebKit/537.36 (KHTML, like Gecko) Chrome/109.0.0.0 Safari/537.36', 'email_password', 'bagpal@gmail.com', 3, '2024-12-05 08:48:23', 1),
(200, '140.213.150.212', 'Mozilla/5.0 (Linux; Android 10; K) AppleWebKit/537.36 (KHTML, like Gecko) Chrome/131.0.0.0 Mobile Safari/537.36', 'email_password', 'zulfikri48rolog@gmail.com', 1, '2024-12-05 08:54:51', 1),
(201, '112.215.219.216', 'Mozilla/5.0 (Linux; Android 10; K) AppleWebKit/537.36 (KHTML, like Gecko) Chrome/131.0.0.0 Mobile Safari/537.36', 'email_password', 'zulfikri48rolog@gmail.com', 1, '2024-12-05 13:11:12', 1),
(202, '140.213.127.235', 'Mozilla/5.0 (Linux; Android 10; K) AppleWebKit/537.36 (KHTML, like Gecko) Chrome/131.0.0.0 Mobile Safari/537.36', 'email_password', 'zulfikri48rolog@gmail.com', 1, '2024-12-06 07:59:08', 1),
(203, '125.167.147.97', 'Mozilla/5.0 (Windows NT 10.0; Win64; x64) AppleWebKit/537.36 (KHTML, like Gecko) Chrome/109.0.0.0 Safari/537.36', 'email_password', 'bagpal@gmail.com', 3, '2024-12-06 09:19:36', 1),
(204, '125.163.66.38', 'Mozilla/5.0 (Windows NT 10.0; Win64; x64) AppleWebKit/537.36 (KHTML, like Gecko) Chrome/131.0.0.0 Safari/537.36', 'email_password', 'Laluatma@gmail.com', 2, '2024-12-06 09:49:02', 1),
(205, '125.167.147.97', 'Mozilla/5.0 (Windows NT 10.0; Win64; x64) AppleWebKit/537.36 (KHTML, like Gecko) Chrome/109.0.0.0 Safari/537.36', 'email_password', 'bagpal@gmail.com', 3, '2024-12-06 10:04:10', 1),
(206, '125.167.147.97', 'Mozilla/5.0 (Windows NT 10.0; Win64; x64; rv:133.0) Gecko/20100101 Firefox/133.0', 'email_password', 'bagpal@gmail.com', 3, '2024-12-06 10:06:24', 1),
(207, '182.0.248.92', 'Mozilla/5.0 (Linux; Android 10; K) AppleWebKit/537.36 (KHTML, like Gecko) SamsungBrowser/27.0 Chrome/125.0.0.0 Mobile Safari/537.36', 'email_password', 'bagpal@gmail.com', 3, '2024-12-06 10:09:50', 1),
(208, '125.163.66.38', 'Mozilla/5.0 (Windows NT 10.0; Win64; x64) AppleWebKit/537.36 (KHTML, like Gecko) Chrome/131.0.0.0 Safari/537.36', 'email_password', 'zulfikri48rolog@gmail.com', 1, '2024-12-06 11:37:15', 1),
(209, '140.213.126.76', 'Mozilla/5.0 (Linux; Android 10; K) AppleWebKit/537.36 (KHTML, like Gecko) Chrome/131.0.0.0 Mobile Safari/537.36', 'email_password', 'zulfikri48rolog@gmail.com', 1, '2024-12-06 11:43:37', 1),
(210, '125.167.147.97', 'Mozilla/5.0 (Windows NT 10.0; Win64; x64; rv:133.0) Gecko/20100101 Firefox/133.0', 'email_password', 'bagpal@gmail.com', 3, '2024-12-06 15:11:15', 1),
(211, '125.163.66.38', 'Mozilla/5.0 (Windows NT 10.0; Win64; x64) AppleWebKit/537.36 (KHTML, like Gecko) Chrome/131.0.0.0 Safari/537.36', 'email_password', 'zulfikri48rolog@gmail.com', 1, '2024-12-06 15:16:53', 1),
(212, '203.78.114.186', 'Mozilla/5.0 (Linux; Android 10; K) AppleWebKit/537.36 (KHTML, like Gecko) Chrome/131.0.0.0 Mobile Safari/537.36', 'email_password', 'zulfikri48rolog@gmail.com', 1, '2024-12-06 15:42:00', 1),
(213, '203.78.114.186', 'Mozilla/5.0 (Linux; Android 10; K) AppleWebKit/537.36 (KHTML, like Gecko) Chrome/131.0.0.0 Mobile Safari/537.36', 'email_password', 'zulfikri48rolog@gmail.com', 1, '2024-12-06 15:45:15', 1),
(214, '112.215.220.162', 'Mozilla/5.0 (Windows NT 10.0; Win64; x64) AppleWebKit/537.36 (KHTML, like Gecko) Chrome/131.0.0.0 Safari/537.36', 'email_password', 'zulfikri48rolog@gmail.com', 1, '2024-12-06 20:07:15', 1),
(215, '112.215.219.10', 'Mozilla/5.0 (Linux; Android 10; K) AppleWebKit/537.36 (KHTML, like Gecko) Chrome/131.0.0.0 Mobile Safari/537.36', 'email_password', 'zulfikri48rolog@gmail.com', 1, '2024-12-07 07:39:06', 1),
(216, '140.213.127.236', 'Mozilla/5.0 (Linux; Android 10; K) AppleWebKit/537.36 (KHTML, like Gecko) Chrome/131.0.0.0 Mobile Safari/537.36', 'email_password', 'zulfikri48rolog@gmail.com', 1, '2024-12-07 11:48:27', 1),
(217, '140.213.127.170', 'Mozilla/5.0 (Linux; Android 10; K) AppleWebKit/537.36 (KHTML, like Gecko) Chrome/131.0.0.0 Mobile Safari/537.36', 'email_password', 'zulfikri48rolog@gmail.com', 1, '2024-12-08 15:44:28', 1),
(218, '125.163.65.54', 'Mozilla/5.0 (Windows NT 10.0; Win64; x64) AppleWebKit/537.36 (KHTML, like Gecko) Chrome/109.0.0.0 Safari/537.36', 'email_password', 'bagpal@gmail.com', 3, '2024-12-09 08:12:20', 1),
(219, '112.215.219.25', 'Mozilla/5.0 (Linux; Android 10; K) AppleWebKit/537.36 (KHTML, like Gecko) Chrome/131.0.0.0 Mobile Safari/537.36', 'email_password', 'zulfikri48rolog@gmail.com', 1, '2024-12-09 08:25:43', 1),
(220, '125.164.42.83', 'Mozilla/5.0 (Windows NT 10.0; Win64; x64) AppleWebKit/537.36 (KHTML, like Gecko) Chrome/131.0.0.0 Safari/537.36', 'email_password', 'zulfikri48rolog@gmail.com', 1, '2024-12-09 08:26:22', 1);
INSERT INTO `auth_logins` (`id`, `ip_address`, `user_agent`, `id_type`, `identifier`, `user_id`, `date`, `success`) VALUES
(221, '125.163.65.54', 'Mozilla/5.0 (Windows NT 10.0; Win64; x64) AppleWebKit/537.36 (KHTML, like Gecko) Chrome/109.0.0.0 Safari/537.36', 'email_password', 'bagpal@gmail.com', 3, '2024-12-09 08:29:11', 1),
(222, '125.163.65.54', 'Mozilla/5.0 (Windows NT 10.0; Win64; x64) AppleWebKit/537.36 (KHTML, like Gecko) Chrome/109.0.0.0 Safari/537.36', 'email_password', 'bagpal@gmail.com', 3, '2024-12-09 08:59:28', 1),
(223, '125.163.59.120', 'Mozilla/5.0 (Windows NT 10.0; Win64; x64) AppleWebKit/537.36 (KHTML, like Gecko) Chrome/131.0.0.0 Safari/537.36', 'email_password', 'Laluatma@gmail.com', 2, '2024-12-09 09:31:05', 1),
(224, '125.163.65.54', 'Mozilla/5.0 (Windows NT 10.0; Win64; x64) AppleWebKit/537.36 (KHTML, like Gecko) Chrome/131.0.0.0 Safari/537.36', 'email_password', 'bagpal@gmail.com', 3, '2024-12-09 12:04:25', 1),
(225, '125.163.59.120', 'Mozilla/5.0 (Windows NT 10.0; Win64; x64) AppleWebKit/537.36 (KHTML, like Gecko) Chrome/131.0.0.0 Safari/537.36', 'email_password', 'Laluatma@gmail.com', 2, '2024-12-09 13:30:53', 1),
(226, '125.163.65.54', 'Mozilla/5.0 (Windows NT 10.0; Win64; x64; rv:133.0) Gecko/20100101 Firefox/133.0', 'email_password', 'bagpal@gmail.com', 3, '2024-12-09 13:50:32', 1),
(227, '125.163.71.47', 'Mozilla/5.0 (Windows NT 10.0; Win64; x64) AppleWebKit/537.36 (KHTML, like Gecko) Chrome/131.0.0.0 Safari/537.36', 'email_password', 'bagpal@gmail.com', 3, '2024-12-10 08:59:20', 1),
(228, '125.163.71.47', 'Mozilla/5.0 (Windows NT 10.0; Win64; x64; rv:133.0) Gecko/20100101 Firefox/133.0', 'email_password', 'bagpal@gmail.com', 3, '2024-12-10 08:59:27', 1),
(229, '125.163.71.47', 'Mozilla/5.0 (Windows NT 10.0; Win64; x64) AppleWebKit/537.36 (KHTML, like Gecko) Chrome/109.0.0.0 Safari/537.36', 'email_password', 'bagpal@gmail.com', 3, '2024-12-10 09:41:49', 1),
(230, '125.163.71.47', 'Mozilla/5.0 (Windows NT 10.0; Win64; x64) AppleWebKit/537.36 (KHTML, like Gecko) Chrome/109.0.0.0 Safari/537.36', 'email_password', 'bagpal@gmail.com', 3, '2024-12-10 11:37:57', 1),
(231, '114.122.139.127', 'Mozilla/5.0 (iPhone; CPU iPhone OS 16_6 like Mac OS X) AppleWebKit/605.1.15 (KHTML, like Gecko) Version/16.6 Mobile/15E148 Safari/604.1', 'email_password', 'bagpal@gmail.com', 3, '2024-12-10 15:55:11', 1),
(232, '125.163.59.120', 'Mozilla/5.0 (Linux; Android 10; K) AppleWebKit/537.36 (KHTML, like Gecko) Chrome/131.0.0.0 Mobile Safari/537.36', 'email_password', 'Laluatma@gmail.com', 2, '2024-12-11 08:08:17', 1),
(233, '125.163.71.47', 'Mozilla/5.0 (Windows NT 10.0; Win64; x64) AppleWebKit/537.36 (KHTML, like Gecko) Chrome/131.0.0.0 Safari/537.36', 'email_password', 'bagpal@gmail.com', 3, '2024-12-11 08:39:52', 1),
(234, '125.163.71.47', 'Mozilla/5.0 (Windows NT 10.0; Win64; x64) AppleWebKit/537.36 (KHTML, like Gecko) Chrome/109.0.0.0 Safari/537.36', 'email_password', 'bagpal@gmail.com', 3, '2024-12-11 10:33:46', 1),
(235, '2404:c0:3822:487:1:0:308b:8b14', 'Mozilla/5.0 (Linux; Android 10; K) AppleWebKit/537.36 (KHTML, like Gecko) Chrome/131.0.0.0 Mobile Safari/537.36', 'email_password', 'zulfikri48rolog@gmail.com', 1, '2024-12-11 11:19:57', 1),
(236, '125.163.71.47', 'Mozilla/5.0 (Windows NT 10.0; Win64; x64) AppleWebKit/537.36 (KHTML, like Gecko) Chrome/109.0.0.0 Safari/537.36', 'email_password', 'bagpal@gmail.com', 3, '2024-12-11 11:24:50', 1),
(237, '2404:c0:3822:487:1:0:308b:8b14', 'Mozilla/5.0 (Linux; Android 10; K) AppleWebKit/537.36 (KHTML, like Gecko) Chrome/131.0.0.0 Mobile Safari/537.36', 'email_password', 'zulfikri48rolog@gmail.com', 1, '2024-12-12 07:34:36', 1),
(238, '125.164.42.83', 'Mozilla/5.0 (Windows NT 10.0; Win64; x64) AppleWebKit/537.36 (KHTML, like Gecko) Chrome/131.0.0.0 Safari/537.36', 'email_password', 'zulfikri48rolog@gmail.com', 1, '2024-12-12 07:47:02', 1),
(239, '36.93.24.58', 'Mozilla/5.0 (Windows NT 10.0; Win64; x64) AppleWebKit/537.36 (KHTML, like Gecko) Chrome/131.0.0.0 Safari/537.36', 'email_password', 'Laluatma@gmail.com', 2, '2024-12-12 07:55:10', 1),
(240, '125.163.71.47', 'Mozilla/5.0 (Windows NT 10.0; Win64; x64) AppleWebKit/537.36 (KHTML, like Gecko) Chrome/131.0.0.0 Safari/537.36', 'email_password', 'bagpal@gmail.com', 3, '2024-12-12 08:09:40', 1),
(241, '125.163.71.47', 'Mozilla/5.0 (Windows NT 10.0; Win64; x64) AppleWebKit/537.36 (KHTML, like Gecko) Chrome/109.0.0.0 Safari/537.36', 'email_password', 'bagpal@gmail.com', 3, '2024-12-12 14:33:44', 1),
(242, '114.122.166.12', 'Mozilla/5.0 (Windows NT 10.0; Win64; x64) AppleWebKit/537.36 (KHTML, like Gecko) Chrome/131.0.0.0 Safari/537.36', 'email_password', 'bagpal@gmail.com', 3, '2024-12-12 19:12:29', 1),
(243, '125.163.71.47', 'Mozilla/5.0 (Windows NT 10.0; Win64; x64) AppleWebKit/537.36 (KHTML, like Gecko) Chrome/109.0.0.0 Safari/537.36', 'email_password', 'bagpal@gmail.com', 3, '2024-12-13 09:11:29', 1),
(244, '125.163.71.47', 'Mozilla/5.0 (Windows NT 10.0; Win64; x64) AppleWebKit/537.36 (KHTML, like Gecko) Chrome/131.0.0.0 Safari/537.36', 'email_password', 'bagpal@gmail.com', 3, '2024-12-13 10:11:28', 1),
(245, '125.163.71.47', 'Mozilla/5.0 (Linux; Android 10; K) AppleWebKit/537.36 (KHTML, like Gecko) SamsungBrowser/27.0 Chrome/125.0.0.0 Mobile Safari/537.36', 'email_password', 'bagpal@gmail.com', 3, '2024-12-13 10:48:31', 1),
(246, '114.122.133.166', 'Mozilla/5.0 (iPhone; CPU iPhone OS 16_6 like Mac OS X) AppleWebKit/605.1.15 (KHTML, like Gecko) Version/16.6 Mobile/15E148 Safari/604.1', 'email_password', 'bagpal@gmail.com', 3, '2024-12-13 13:12:12', 1),
(247, '125.163.71.47', 'Mozilla/5.0 (Windows NT 10.0; Win64; x64) AppleWebKit/537.36 (KHTML, like Gecko) Chrome/109.0.0.0 Safari/537.36', 'email_password', 'bagpal@gmail.com', 3, '2024-12-13 14:23:28', 1),
(248, '2404:c0:3825:3fcd:94dd:d7c7:d71f:f2a8', 'Mozilla/5.0 (Windows NT 10.0; Win64; x64) AppleWebKit/537.36 (KHTML, like Gecko) Chrome/131.0.0.0 Safari/537.36', 'email_password', 'zulfikri48rolog@gmail.com', 1, '2024-12-14 10:19:35', 1),
(249, '2404:c0:3825:3fcd:1:0:462c:27af', 'Mozilla/5.0 (Linux; Android 10; K) AppleWebKit/537.36 (KHTML, like Gecko) Chrome/131.0.0.0 Mobile Safari/537.36', 'email_password', 'zulfikri48rolog@gmail.com', 1, '2024-12-14 13:12:55', 1),
(250, '2404:c0:3825:3fcd:1:0:462c:27af', 'Mozilla/5.0 (Linux; Android 10; K) AppleWebKit/537.36 (KHTML, like Gecko) Chrome/131.0.0.0 Mobile Safari/537.36', 'email_password', 'zulfikri48rolog@gmail.com', 1, '2024-12-14 20:07:35', 1),
(251, '2404:c0:3812:5778:1:0:7cd0:71c4', 'Mozilla/5.0 (Linux; Android 10; K) AppleWebKit/537.36 (KHTML, like Gecko) Chrome/131.0.0.0 Mobile Safari/537.36', 'email_password', 'zulfikri48rolog@gmail.com', 1, '2024-12-15 13:31:14', 1),
(252, '2404:c0:3812:5778:c75:5035:c3a:b1a5', 'Mozilla/5.0 (Windows NT 10.0; Win64; x64) AppleWebKit/537.36 (KHTML, like Gecko) Chrome/131.0.0.0 Safari/537.36', 'email_password', 'zulfikri48rolog@gmail.com', 1, '2024-12-15 13:51:54', 1),
(253, '2404:c0:3812:5778:c75:5035:c3a:b1a5', 'Mozilla/5.0 (Windows NT 10.0; Win64; x64) AppleWebKit/537.36 (KHTML, like Gecko) Chrome/131.0.0.0 Safari/537.36', 'email_password', 'zulfikri48rolog@gmail.com', 1, '2024-12-15 16:40:09', 1),
(254, '2404:c0:3812:5778:c75:5035:c3a:b1a5', 'Mozilla/5.0 (Windows NT 10.0; Win64; x64) AppleWebKit/537.36 (KHTML, like Gecko) Chrome/131.0.0.0 Safari/537.36', 'email_password', 'zulfikri48rolog@gmail.com', 1, '2024-12-15 16:46:24', 1),
(255, '2404:c0:3812:5778:1:0:7cd0:71c4', 'Mozilla/5.0 (Linux; Android 10; K) AppleWebKit/537.36 (KHTML, like Gecko) Chrome/131.0.0.0 Mobile Safari/537.36', 'email_password', 'zulfikri48rolog@gmail.com', 1, '2024-12-15 16:54:00', 1),
(256, '2404:c0:3812:5778:3163:ac7:cac4:7cff', 'Mozilla/5.0 (Windows NT 10.0; Win64; x64) AppleWebKit/537.36 (KHTML, like Gecko) Chrome/131.0.0.0 Safari/537.36', 'email_password', 'zulfikri48rolog@gmail.com', 1, '2024-12-15 19:01:12', 1),
(257, '2404:c0:3812:5778:1:0:7cd0:71c4', 'Mozilla/5.0 (Linux; Android 10; K) AppleWebKit/537.36 (KHTML, like Gecko) Chrome/131.0.0.0 Mobile Safari/537.36', 'email_password', 'zulfikri48rolog@gmail.com', 1, '2024-12-15 19:20:40', 1),
(258, '2404:c0:3812:5778:1:0:7cd0:71c4', 'Mozilla/5.0 (Linux; Android 10; K) AppleWebKit/537.36 (KHTML, like Gecko) Chrome/131.0.0.0 Mobile Safari/537.36', 'email_password', 'zulfikri48rolog@gmail.com', 1, '2024-12-16 00:45:42', 1),
(259, '2404:c0:3812:5778:1:0:7cd0:71c4', 'Mozilla/5.0 (Linux; Android 10; K) AppleWebKit/537.36 (KHTML, like Gecko) Chrome/131.0.0.0 Mobile Safari/537.36', 'email_password', 'zulfikri48rolog@gmail.com', 1, '2024-12-16 01:19:01', 1),
(260, '2404:c0:3812:5778:dd90:9404:c2f3:9c08', 'Mozilla/5.0 (Windows NT 10.0; Win64; x64) AppleWebKit/537.36 (KHTML, like Gecko) Chrome/131.0.0.0 Safari/537.36', 'email_password', 'zulfikri48rolog@gmail.com', 1, '2024-12-16 01:20:11', 1),
(261, '2404:c0:3812:5778:1:0:7cd0:71c4', 'Mozilla/5.0 (Linux; Android 10; K) AppleWebKit/537.36 (KHTML, like Gecko) Chrome/131.0.0.0 Mobile Safari/537.36', 'email_password', 'zulfikri48rolog@gmail.com', 1, '2024-12-16 05:46:17', 1),
(262, '125.163.71.47', 'Mozilla/5.0 (Windows NT 10.0; Win64; x64) AppleWebKit/537.36 (KHTML, like Gecko) Chrome/109.0.0.0 Safari/537.36', 'email_password', 'bagpal@gmail.com', 3, '2024-12-16 07:43:46', 1),
(263, '125.163.71.47', 'Mozilla/5.0 (Windows NT 10.0; Win64; x64) AppleWebKit/537.36 (KHTML, like Gecko) Chrome/109.0.0.0 Safari/537.36', 'email_password', 'zulfikri48@gmail.com', NULL, '2024-12-16 07:45:00', 0),
(264, '125.163.71.47', 'Mozilla/5.0 (Windows NT 10.0; Win64; x64) AppleWebKit/537.36 (KHTML, like Gecko) Chrome/109.0.0.0 Safari/537.36', 'email_password', 'bagpal@gmail.com', 3, '2024-12-16 08:16:32', 1),
(265, '125.163.56.94', 'Mozilla/5.0 (Windows NT 10.0; Win64; x64) AppleWebKit/537.36 (KHTML, like Gecko) Chrome/131.0.0.0 Safari/537.36', 'email_password', 'zulfikri48rolog@gmail.com', 1, '2024-12-16 08:21:20', 1),
(266, '125.163.71.47', 'Mozilla/5.0 (Windows NT 10.0; Win64; x64; rv:133.0) Gecko/20100101 Firefox/133.0', 'email_password', 'bagpal@gmail.com', NULL, '2024-12-16 08:48:01', 0),
(267, '125.163.71.47', 'Mozilla/5.0 (Windows NT 10.0; Win64; x64; rv:133.0) Gecko/20100101 Firefox/133.0', 'email_password', 'bagpal@gmail.com', 3, '2024-12-16 08:48:15', 1),
(268, '125.163.71.47', 'Mozilla/5.0 (Windows NT 10.0; Win64; x64) AppleWebKit/537.36 (KHTML, like Gecko) Chrome/109.0.0.0 Safari/537.36', 'email_password', 'bagpal@gmail.com', 3, '2024-12-16 09:04:31', 1),
(269, '2404:c0:3812:5778:1:0:7cd0:71c4', 'Mozilla/5.0 (Linux; Android 10; K) AppleWebKit/537.36 (KHTML, like Gecko) Chrome/131.0.0.0 Mobile Safari/537.36', 'email_password', 'zulfikri48rolog@gmail.com', 1, '2024-12-16 11:03:39', 1),
(270, '125.163.56.94', 'Mozilla/5.0 (Windows NT 10.0; Win64; x64) AppleWebKit/537.36 (KHTML, like Gecko) Chrome/131.0.0.0 Safari/537.36', 'email_password', 'zulfikri48rolog@gmail.com', 1, '2024-12-16 11:35:51', 1),
(271, '2001:448a:c0c0:dc1:497c:ebe2:8a90:4de0', 'Mozilla/5.0 (Windows NT 10.0; Win64; x64) AppleWebKit/537.36 (KHTML, like Gecko) Chrome/131.0.0.0 Safari/537.36', 'email_password', 'Laluatma@gmail.com', 2, '2024-12-16 12:39:32', 1),
(272, '125.163.71.47', 'Mozilla/5.0 (Windows NT 10.0; Win64; x64; rv:133.0) Gecko/20100101 Firefox/133.0', 'email_password', 'bagpal@gmail.com', 3, '2024-12-16 13:05:36', 1),
(273, '2001:448a:c0c0:dc1:497c:ebe2:8a90:4de0', 'Mozilla/5.0 (Windows NT 10.0; Win64; x64) AppleWebKit/537.36 (KHTML, like Gecko) Chrome/131.0.0.0 Safari/537.36', 'email_password', 'Laluatma@gmail.com', 2, '2024-12-16 14:37:49', 1),
(274, '2001:448a:c0c0:dc1:610b:3d7e:62af:6fdc', 'Mozilla/5.0 (Windows NT 10.0; Win64; x64) AppleWebKit/537.36 (KHTML, like Gecko) Chrome/131.0.0.0 Safari/537.36', 'email_password', 'bagada@gmail.com', 5, '2024-12-16 14:39:14', 1),
(275, '2404:c0:3812:5778:1:0:7cd0:71c4', 'Mozilla/5.0 (Linux; Android 10; K) AppleWebKit/537.36 (KHTML, like Gecko) Chrome/131.0.0.0 Mobile Safari/537.36', 'email_password', 'zulfikri48rolog@gmail.com', 1, '2024-12-16 14:45:57', 1),
(276, '2001:448a:c0c0:dc1:7508:1e7e:ef84:bc51', 'Mozilla/5.0 (Windows NT 10.0; Win64; x64) AppleWebKit/537.36 (KHTML, like Gecko) Chrome/131.0.0.0 Safari/537.36', 'email_password', 'zulfikri48rolog@gmail.com', 1, '2024-12-16 16:12:12', 1),
(277, '2001:448a:c0c0:dc1:1dd3:f737:90d0:97d4', 'Mozilla/5.0 (Linux; Android 10; K) AppleWebKit/537.36 (KHTML, like Gecko) Chrome/131.0.0.0 Mobile Safari/537.36', 'email_password', 'Laluatma@gmail.com', 2, '2024-12-16 16:18:57', 1),
(278, '114.122.166.177', 'Mozilla/5.0 (iPhone; CPU iPhone OS 16_6 like Mac OS X) AppleWebKit/605.1.15 (KHTML, like Gecko) Version/16.6 Mobile/15E148 Safari/604.1', 'email_password', 'bagpal@gmail.com', 3, '2024-12-17 08:16:43', 1),
(279, '125.163.71.47', 'Mozilla/5.0 (Windows NT 10.0; Win64; x64; rv:133.0) Gecko/20100101 Firefox/133.0', 'email_password', 'bagpal@gmail.com', 3, '2024-12-17 08:51:55', 1),
(280, '2404:c0:3816:59a0:1:0:8833:a51f', 'Mozilla/5.0 (Linux; Android 10; K) AppleWebKit/537.36 (KHTML, like Gecko) Chrome/131.0.0.0 Mobile Safari/537.36', 'email_password', 'zulfikri48rolog@gmail.com', 1, '2024-12-17 09:27:46', 1),
(281, '125.163.67.35', 'Mozilla/5.0 (Windows NT 10.0; Win64; x64) AppleWebKit/537.36 (KHTML, like Gecko) Chrome/131.0.0.0 Safari/537.36', 'email_password', 'zulfikri48rolog@gmail.com', 1, '2024-12-17 09:30:16', 1),
(282, '36.93.24.58', 'Mozilla/5.0 (Windows NT 10.0; Win64; x64) AppleWebKit/537.36 (KHTML, like Gecko) Chrome/131.0.0.0 Safari/537.36', 'email_password', 'subbagrenmin@gmail.com', 11, '2024-12-17 09:31:56', 1),
(283, '125.163.71.47', 'Mozilla/5.0 (Windows NT 10.0; Win64; x64) AppleWebKit/537.36 (KHTML, like Gecko) Chrome/109.0.0.0 Safari/537.36', 'email_password', 'bagpal@gmail.com', 3, '2024-12-17 09:40:05', 1),
(284, '2404:c0:3816:59a0:1:0:8833:a51f', 'Mozilla/5.0 (Linux; Android 10; K) AppleWebKit/537.36 (KHTML, like Gecko) Chrome/131.0.0.0 Mobile Safari/537.36', 'email_password', 'zulfikri48rolog@gmail.com', 1, '2024-12-17 12:34:17', 1),
(285, '125.163.71.47', 'Mozilla/5.0 (Windows NT 10.0; Win64; x64) AppleWebKit/537.36 (KHTML, like Gecko) Chrome/109.0.0.0 Safari/537.36', 'email_password', 'bagpal@gmail.com', 3, '2024-12-17 12:44:21', 1),
(286, '125.163.71.47', 'Mozilla/5.0 (Windows NT 10.0; Win64; x64; rv:133.0) Gecko/20100101 Firefox/133.0', 'email_password', 'bagpal@gmail.com', 3, '2024-12-18 09:42:10', 1),
(287, '125.163.71.47', 'Mozilla/5.0 (Windows NT 10.0; Win64; x64) AppleWebKit/537.36 (KHTML, like Gecko) Chrome/109.0.0.0 Safari/537.36', 'email_password', 'bagpal@gmail.com', 3, '2024-12-18 11:09:03', 1),
(288, '2404:c0:3816:59a0:1:0:8833:a51f', 'Mozilla/5.0 (Linux; Android 10; K) AppleWebKit/537.36 (KHTML, like Gecko) Chrome/131.0.0.0 Mobile Safari/537.36', 'email_password', 'zulfikri48rolog@gmail.com', 1, '2024-12-18 13:39:35', 1),
(289, '125.163.67.35', 'Mozilla/5.0 (Windows NT 10.0; Win64; x64) AppleWebKit/537.36 (KHTML, like Gecko) Chrome/131.0.0.0 Safari/537.36', 'email_password', 'zulfikri48rolog@gmail.com', 1, '2024-12-19 09:34:35', 1),
(290, '2404:c0:3817:3027:1:0:9283:906d', 'Mozilla/5.0 (Linux; Android 10; K) AppleWebKit/537.36 (KHTML, like Gecko) Chrome/131.0.0.0 Mobile Safari/537.36', 'email_password', 'zulfikri48rolog@gmail.com', 1, '2024-12-19 09:36:40', 1),
(291, '125.163.71.47', 'Mozilla/5.0 (Windows NT 10.0; Win64; x64) AppleWebKit/537.36 (KHTML, like Gecko) Chrome/109.0.0.0 Safari/537.36', 'email_password', 'bagpal@gmail.com', 3, '2024-12-19 10:10:01', 1),
(292, '2001:448a:c0c0:733:dca:f811:defc:36f0', 'Mozilla/5.0 (Windows NT 10.0; Win64; x64) AppleWebKit/537.36 (KHTML, like Gecko) Chrome/131.0.0.0 Safari/537.36', 'email_password', 'Laluatma@gmail.com', 2, '2024-12-19 10:23:10', 1),
(293, '125.163.71.47', 'Mozilla/5.0 (Windows NT 10.0; Win64; x64) AppleWebKit/537.36 (KHTML, like Gecko) Chrome/131.0.0.0 Safari/537.36', 'email_password', 'bagpal@gmail.com', 3, '2024-12-19 11:21:44', 1),
(294, '125.163.71.47', 'Mozilla/5.0 (Windows NT 10.0; Win64; x64) AppleWebKit/537.36 (KHTML, like Gecko) Chrome/109.0.0.0 Safari/537.36', 'email_password', 'bagpal@gmail.com', 3, '2024-12-20 08:21:49', 1),
(295, '2001:448a:c0c0:f08:edb8:75c7:f46c:dde6', 'Mozilla/5.0 (Windows NT 10.0; Win64; x64) AppleWebKit/537.36 (KHTML, like Gecko) Chrome/131.0.0.0 Safari/537.36', 'email_password', 'bagada@gmail.com', 5, '2024-12-20 08:38:06', 1),
(296, '125.163.71.47', 'Mozilla/5.0 (Windows NT 10.0; Win64; x64) AppleWebKit/537.36 (KHTML, like Gecko) Chrome/109.0.0.0 Safari/537.36', 'email_password', 'bagpal@gmail.com', 3, '2024-12-20 10:17:21', 1),
(297, '125.163.71.47', 'Mozilla/5.0 (Windows NT 10.0; Win64; x64) AppleWebKit/537.36 (KHTML, like Gecko) Chrome/109.0.0.0 Safari/537.36', 'email_password', 'bagpal@gmail.com', 3, '2024-12-20 11:05:49', 1),
(298, '125.163.67.35', 'Mozilla/5.0 (Windows NT 10.0; Win64; x64) AppleWebKit/537.36 (KHTML, like Gecko) Chrome/131.0.0.0 Safari/537.36', 'email_password', 'zulfikri48rolog@gmail.com', 1, '2024-12-20 13:03:03', 1),
(299, '182.0.226.196', 'Mozilla/5.0 (Linux; Android 10; K) AppleWebKit/537.36 (KHTML, like Gecko) SamsungBrowser/27.0 Chrome/125.0.0.0 Mobile Safari/537.36', 'email_password', 'bagpal@gmail.com', 3, '2024-12-20 13:11:32', 1),
(300, '125.163.60.247', 'Mozilla/5.0 (Windows NT 10.0; Win64; x64) AppleWebKit/537.36 (KHTML, like Gecko) Chrome/131.0.0.0 Safari/537.36', 'email_password', 'Laluatma@gmail.com', 2, '2024-12-20 13:15:48', 1),
(301, '36.93.24.58', 'Mozilla/5.0 (Windows NT 10.0; Win64; x64) AppleWebKit/537.36 (KHTML, like Gecko) Chrome/131.0.0.0 Safari/537.36', 'email_password', 'Laluatma@gmail.com', 2, '2024-12-20 13:23:02', 1),
(302, '140.213.150.45', 'Mozilla/5.0 (Linux; Android 10; K) AppleWebKit/537.36 (KHTML, like Gecko) Chrome/131.0.0.0 Mobile Safari/537.36', 'email_password', 'Laluatma@gmail.com', 2, '2024-12-20 13:24:57', 1),
(303, '140.213.150.45', 'Mozilla/5.0 (Linux; Android 10; K) AppleWebKit/537.36 (KHTML, like Gecko) Chrome/131.0.0.0 Mobile Safari/537.36', 'email_password', 'Laluatma@gmail.com', 2, '2024-12-20 13:27:03', 1),
(304, '114.122.137.139', 'Mozilla/5.0 (Linux; Android 10; K) AppleWebKit/537.36 (KHTML, like Gecko) SamsungBrowser/27.0 Chrome/125.0.0.0 Mobile Safari/537.36', 'email_password', 'Laluatma@gmail.com', NULL, '2024-12-20 13:29:38', 0),
(305, '114.122.137.139', 'Mozilla/5.0 (Linux; Android 10; K) AppleWebKit/537.36 (KHTML, like Gecko) SamsungBrowser/27.0 Chrome/125.0.0.0 Mobile Safari/537.36', 'email_password', 'Laluatma@gmail.com', 2, '2024-12-20 13:29:48', 1),
(306, '125.163.71.47', 'Mozilla/5.0 (Windows NT 10.0; Win64; x64) AppleWebKit/537.36 (KHTML, like Gecko) Chrome/109.0.0.0 Safari/537.36', 'email_password', 'bagpal@gmail.com', 3, '2024-12-20 13:37:58', 1),
(307, '203.78.114.177', 'Mozilla/5.0 (Linux; Android 10; K) AppleWebKit/537.36 (KHTML, like Gecko) Chrome/131.0.0.0 Mobile Safari/537.36', 'email_password', 'Laluatma@gmail.com', 2, '2024-12-20 17:04:22', 1),
(308, '140.213.126.228', 'Mozilla/5.0 (Linux; Android 10; K) AppleWebKit/537.36 (KHTML, like Gecko) Chrome/131.0.0.0 Mobile Safari/537.36', 'email_password', 'Laluatma@gmail.com', 2, '2024-12-21 14:44:46', 1),
(309, '2404:c0:3d50::342:b156', 'Mozilla/5.0 (Linux; Android 10; K) AppleWebKit/537.36 (KHTML, like Gecko) Chrome/131.0.0.0 Mobile Safari/537.36', 'email_password', 'zulfikri48rolog@gmail.com', 1, '2024-12-22 12:14:32', 1),
(310, '2404:c0:3c50::71:631f', 'Mozilla/5.0 (Windows NT 10.0; Win64; x64) AppleWebKit/537.36 (KHTML, like Gecko) Chrome/131.0.0.0 Safari/537.36', 'email_password', 'zulfikri48rolog@gmail.com', 1, '2024-12-22 12:15:35', 1),
(311, '2001:448a:50c2:fae6:c8e0:bbbc:71b:75cf', 'Mozilla/5.0 (Windows NT 10.0; Win64; x64) AppleWebKit/537.36 (KHTML, like Gecko) Chrome/131.0.0.0 Safari/537.36', 'email_password', 'Laluatma@gmail.com', 2, '2024-12-22 18:33:34', 1),
(312, '125.163.67.35', 'Mozilla/5.0 (Windows NT 10.0; Win64; x64) AppleWebKit/537.36 (KHTML, like Gecko) Chrome/131.0.0.0 Safari/537.36', 'email_password', 'zulfikri48rolog@gmail.com', 1, '2024-12-23 09:04:47', 1),
(313, '125.163.71.47', 'Mozilla/5.0 (Windows NT 10.0; Win64; x64) AppleWebKit/537.36 (KHTML, like Gecko) Chrome/109.0.0.0 Safari/537.36', 'email_password', 'bagpal@gmail.com', 3, '2024-12-23 09:36:52', 1),
(314, '125.163.67.168', 'Mozilla/5.0 (Windows NT 10.0; Win64; x64) AppleWebKit/537.36 (KHTML, like Gecko) Chrome/131.0.0.0 Safari/537.36', 'email_password', 'Laluatma@gmail.com', 2, '2024-12-23 09:36:59', 1),
(315, '125.163.67.168', 'Mozilla/5.0 (Windows NT 10.0; Win64; x64; rv:133.0) Gecko/20100101 Firefox/133.0', 'email_password', 'bagpal@gmail.com', 3, '2024-12-23 10:11:28', 1),
(316, '125.163.71.47', 'Mozilla/5.0 (Windows NT 10.0; Win64; x64) AppleWebKit/537.36 (KHTML, like Gecko) Chrome/109.0.0.0 Safari/537.36', 'email_password', 'bagpal@gmail.com', 3, '2024-12-23 11:39:32', 1),
(317, '125.163.67.168', 'Mozilla/5.0 (Windows NT 10.0; Win64; x64) AppleWebKit/537.36 (KHTML, like Gecko) Chrome/131.0.0.0 Safari/537.36', 'email_password', 'Laluatma@gmail.com', 2, '2024-12-23 12:30:21', 1),
(318, '2001:448a:50c2:23f5:ce0e:1ed1:5c6b:7ca5', 'Mozilla/5.0 (Linux; Android 10; K) AppleWebKit/537.36 (KHTML, like Gecko) SamsungBrowser/27.0 Chrome/125.0.0.0 Mobile Safari/537.36', 'email_password', 'bagpal@gmail.com', 3, '2024-12-23 16:08:57', 1),
(319, '125.163.67.168', 'Mozilla/5.0 (Linux; Android 10; K) AppleWebKit/537.36 (KHTML, like Gecko) Chrome/131.0.0.0 Mobile Safari/537.36', 'email_password', 'Laluatma@gmail.com', 2, '2024-12-23 16:47:45', 1),
(320, '125.163.67.35', 'Mozilla/5.0 (Windows NT 10.0; Win64; x64) AppleWebKit/537.36 (KHTML, like Gecko) Chrome/131.0.0.0 Safari/537.36', 'email_password', 'zulfikri48rolog@gmail.com', 1, '2024-12-24 08:26:44', 1),
(321, '2404:c0:3c50::85:a2a6', 'Mozilla/5.0 (Linux; Android 10; K) AppleWebKit/537.36 (KHTML, like Gecko) Chrome/131.0.0.0 Mobile Safari/537.36', 'email_password', 'zulfikri48rolog@gmail.com', 1, '2024-12-24 09:10:12', 1),
(322, '125.164.39.82', 'Mozilla/5.0 (Windows NT 10.0; Win64; x64; rv:133.0) Gecko/20100101 Firefox/133.0', 'email_password', 'bagpal@gmail.com', 3, '2024-12-24 09:32:17', 1),
(323, '125.164.39.82', 'Mozilla/5.0 (Windows NT 10.0; Win64; x64) AppleWebKit/537.36 (KHTML, like Gecko) Chrome/109.0.0.0 Safari/537.36', 'email_password', 'bagpal@gmail.com', 3, '2024-12-24 09:43:28', 1),
(324, '2404:c0:3c50::85:a2a6', 'Mozilla/5.0 (Linux; Android 10; K) AppleWebKit/537.36 (KHTML, like Gecko) Chrome/131.0.0.0 Mobile Safari/537.36', 'email_password', 'zulfikri48rolog@gmail.com', 1, '2024-12-24 11:47:35', 1),
(325, '2404:c0:3d50::36e:1986', 'Mozilla/5.0 (Windows NT 10.0; Win64; x64) AppleWebKit/537.36 (KHTML, like Gecko) Chrome/131.0.0.0 Safari/537.36', 'email_password', 'zulfikri48rolog@gmail.com', 1, '2024-12-24 22:31:14', 1),
(326, '2404:c0:3c50::85:a2a6', 'Mozilla/5.0 (Linux; Android 10; K) AppleWebKit/537.36 (KHTML, like Gecko) Chrome/131.0.0.0 Mobile Safari/537.36', 'email_password', 'zulfikri48rolog@gmail.com', 1, '2024-12-24 22:39:07', 1),
(327, '2001:448a:50c2:da3f:579a:aff1:2ce1:9377', 'Mozilla/5.0 (Linux; Android 10; K) AppleWebKit/537.36 (KHTML, like Gecko) SamsungBrowser/27.0 Chrome/125.0.0.0 Mobile Safari/537.36', 'email_password', 'bagpal@gmail.com', 3, '2024-12-25 10:12:41', 1),
(328, '2404:c0:3c50::9a:fe98', 'Mozilla/5.0 (Windows NT 10.0; Win64; x64) AppleWebKit/537.36 (KHTML, like Gecko) Chrome/131.0.0.0 Safari/537.36', 'email_password', 'zulfikri48rolog@gmail.com', 1, '2024-12-25 23:55:47', 1),
(329, '125.164.46.113', 'Mozilla/5.0 (Windows NT 10.0; Win64; x64) AppleWebKit/537.36 (KHTML, like Gecko) Chrome/131.0.0.0 Safari/537.36', 'email_password', 'Laluatma@gmail.com', 2, '2024-12-26 08:18:23', 1),
(330, '2404:c0:3c50::a0:ee0a', 'Mozilla/5.0 (Windows NT 10.0; Win64; x64) AppleWebKit/537.36 (KHTML, like Gecko) Chrome/131.0.0.0 Safari/537.36', 'email_password', 'zulfikri48rolog@gmail.com', 1, '2024-12-26 14:01:25', 1),
(331, '2404:c0:3c50::85:a2a6', 'Mozilla/5.0 (Linux; Android 10; K) AppleWebKit/537.36 (KHTML, like Gecko) Chrome/131.0.0.0 Mobile Safari/537.36', 'email_password', 'zulfikri48rolog@gmail.com', 1, '2024-12-26 14:03:12', 1);

-- --------------------------------------------------------

--
-- Table structure for table `auth_permissions_users`
--

CREATE TABLE `auth_permissions_users` (
  `id` int(11) UNSIGNED NOT NULL,
  `user_id` int(11) UNSIGNED NOT NULL,
  `permission` varchar(255) NOT NULL,
  `created_at` datetime NOT NULL
) ENGINE=InnoDB DEFAULT CHARSET=utf8mb3 COLLATE=utf8mb3_general_ci;

-- --------------------------------------------------------

--
-- Table structure for table `auth_remember_tokens`
--

CREATE TABLE `auth_remember_tokens` (
  `id` int(11) UNSIGNED NOT NULL,
  `selector` varchar(255) NOT NULL,
  `hashedValidator` varchar(255) NOT NULL,
  `user_id` int(11) UNSIGNED NOT NULL,
  `expires` datetime NOT NULL,
  `created_at` datetime NOT NULL,
  `updated_at` datetime NOT NULL
) ENGINE=InnoDB DEFAULT CHARSET=utf8mb3 COLLATE=utf8mb3_general_ci;

--
-- Dumping data for table `auth_remember_tokens`
--

INSERT INTO `auth_remember_tokens` (`id`, `selector`, `hashedValidator`, `user_id`, `expires`, `created_at`, `updated_at`) VALUES
(3, '05e2250deeb3fc5f0b3871cb', 'a1fb39913b9cd28fba9c33e8bc8b630f440fdc815e305c555ee332159e529a27', 6, '2025-01-16 10:36:18', '2024-11-13 11:53:06', '2024-12-17 10:36:18'),
(25, '28b421f8c735257824dce544', '8d3a1573cc914864535b98eb38f7280d5727457cd3931d71ba4ff03410c12451', 3, '2025-01-19 10:17:21', '2024-12-20 10:17:21', '2024-12-20 10:17:21');

-- --------------------------------------------------------

--
-- Table structure for table `auth_token_logins`
--

CREATE TABLE `auth_token_logins` (
  `id` int(11) UNSIGNED NOT NULL,
  `ip_address` varchar(255) NOT NULL,
  `user_agent` varchar(255) DEFAULT NULL,
  `id_type` varchar(255) NOT NULL,
  `identifier` varchar(255) NOT NULL,
  `user_id` int(11) UNSIGNED DEFAULT NULL,
  `date` datetime NOT NULL,
  `success` tinyint(1) NOT NULL
) ENGINE=InnoDB DEFAULT CHARSET=utf8mb3 COLLATE=utf8mb3_general_ci;

-- --------------------------------------------------------

--
-- Table structure for table `bangunan`
--

CREATE TABLE `bangunan` (
  `id_bangunan` int(11) NOT NULL,
  `id_satker` int(11) DEFAULT NULL,
  `gedung` varchar(200) NOT NULL,
  `unit` varchar(100) NOT NULL,
  `penghuni` varchar(100) NOT NULL,
  `kondisi` enum('Baik','Rusak Ringan','Rusak Berat','') NOT NULL,
  `ket` text NOT NULL
) ENGINE=InnoDB DEFAULT CHARSET=utf8mb4 COLLATE=utf8mb4_general_ci;

--
-- Dumping data for table `bangunan`
--

INSERT INTO `bangunan` (`id_bangunan`, `id_satker`, `gedung`, `unit`, `penghuni`, `kondisi`, `ket`) VALUES
(18, 38, 'Kantor Polda NTB induk  luas 3,000 M2', '1 UNIT', '-', 'Baik', 'perolehan tahun 2000'),
(19, 38, 'Kantor Polda NTB Sayap kiri luas  1,200 m2', '1 UNIT', '-', 'Baik', 'perolehan tahun 2003'),
(20, 38, 'Kantor Polda NTB Sayap kanan luas  1,200 ', '1 UNIT', '-', 'Baik', 'perolehan tahun 2003'),
(21, 38, 'Kantor Polda NTB lama (belakang) luas  900 m2', '1 UNIT', '-', 'Baik', 'perolehan tahun 1968'),
(22, 38, 'Kantor Polda NTB lama (depan) luas  415 m2', '1 UNIT', '-', 'Baik', 'perolehan tahun 1996'),
(23, 38, 'Kantor SPKT Polda NTB luas  200  m2', '1 UNIT', '-', 'Baik', 'perolehan tahun 2013'),
(24, 38, 'Kantor Ditreskrimsus luas  930  m2', '1 UNIT', '-', 'Baik', 'perolehan tahun 2012'),
(25, 38, 'Kantor Dit Reskrimum luas  475  m2', '1 UNIT', '-', 'Baik', 'perolehan tahun 2001'),
(26, 38, 'Kantor Dit Tahti/Rutan luas  900  m2', '1 UNIT', '-', 'Baik', 'perolehan tahun 2016'),
(27, 38, 'Kantor Dit Narkoba luas  96 m2', '1 UNIT', '-', 'Baik', 'perolehan tahun 1997'),
(28, 38, 'Garasi Bus Logistik  80 m2', '1 UNIT', '-', 'Baik', 'perolehan tahun 2004'),
(29, 38, 'Tempat Parkir Pejabat utama  100 m2', '1 UNIT', '-', 'Baik', 'perolehan tahun 2002'),
(30, 38, 'Kantor Kemala Bhayangkari luas  320 m2', '1', '-', 'Baik', 'perolehan tahun 2018'),
(31, 38, 'Tempat wudu Masjid Polda luas  15 m2', '1 UNIT', '-', 'Baik', 'perolehan tahun 1974'),
(32, 38, 'Tempat Pendidikan Alquran luas  30 m2', '1 UNIT', '-', 'Baik', 'perolehan tahun 2002'),
(33, 38, 'Pos jaga Yanma (depan) luas  20 m2', '1 UNIT', '-', 'Baik', 'perolehan tahun 2002'),
(34, 38, 'Gudang Korsik luas  98 m2', '1 UNIT', '-', 'Baik', 'perolehan tahun 1995'),
(35, 38, 'TK Bhayangkari luas  380 m2', '1 UNIT', '-', 'Baik', 'perolehan tahun 1962'),
(36, 38, 'Bengkel Logistik luas  225 m2', '1 UNIT', '-', 'Baik', 'perolehan tahun 1992'),
(37, 38, 'Bangunan lapangan tenis  luas  25 m2', '1 UNIT', '-', 'Baik', 'perolehan tahun 1976'),
(38, 38, 'Mushalla luas  42 m2', '1 UNIT', '-', 'Baik', 'perolehan tahun 2001'),
(39, 38, 'Masjid Baitusallam  luas  400 m2', '1 UNIT', '-', 'Baik', 'perolehan tahun 1989'),
(40, 38, 'Hanggar Helikopter luas  415 m2', '1 UNIT', '-', 'Baik', 'perolehan tahun 2005'),
(41, 38, 'Pos Jaga PJR luas  36 m2', '1 UNIT', '-', 'Baik', 'perolehan tahun 1968'),
(42, 38, 'Gudang Logistik luas  198 m2', '1 UNIT', '-', 'Baik', 'perolehan tahun 1969'),
(43, 38, 'Gedung pertemuan luas  585 m2', '1 UNIT', '-', 'Baik', 'perolehan tahun 1992'),
(44, 38, 'Tempat parkir Sasana Dharma luas  75 m2', '1 UNIT', '-', 'Baik', 'perolehan tahun 2000'),
(45, 38, 'Koperasi Polda NTB luas  45 m2', '1 UNIT', '-', 'Baik', 'perolehan tahun 1992'),
(46, 38, 'Kanel anjing (SATWA) luas  316 m2', '1 UNIT', '-', 'Baik', 'perolehan tahun 2006'),
(47, 38, 'Kantor YBB luas  54 m2', '1 UNIT', '-', 'Baik', 'perolehan tahun 1976'),
(48, 38, 'Pura Pacupati Shindu luas  150 m2', '1 UNIT', '-', 'Baik', 'perolehan tahun 1997'),
(49, 38, 'Rumjab Kapolda T.  250 M2', '1 UNIT', 'KAPOLDA NTB', 'Baik', 'perolehan tahun 1961'),
(50, 38, 'Rumjab Wakapolda T.  130 M2', '1 UNIT', 'WAKAPOLDA NTB', 'Baik', 'perolehan tahun 1962'),
(51, 38, 'Rumjab Irwasda T.  130 M2', '1 UNIT', 'IRWASDA POLDA NTB', 'Baik', 'perolehan tahun 1962'),
(52, 38, 'Rumjab Karo Ops T. 70 M2', '1 UNIT', 'KARO OPS POLDA NTB', 'Baik', 'perolehan tahun 1962'),
(53, 38, 'Rumjab Dir Lantas T. 70 ', '1 UNIT', 'DIR LANTAS POLDA NTB', 'Baik', 'perolehan tahun 1962'),
(54, 38, 'Rumjab Karolog T. 70 M2', '1 UNIT', 'KARO LOG POLDA NTB', 'Baik', 'perolehan tahun 1962'),
(55, 38, 'Rumjab Dir Reskrimum T. 70 M2', '1 UNIT', 'DIR RESKRIMUM POLDA NTB', 'Baik', 'perolehan tahun 1962'),
(56, 38, 'Rumjab Karo SDM  T. 70 M2', '1 UNIT', 'KARO SDM POLDA NTB', 'Baik', 'perolehan tahun 1962'),
(57, 38, 'Rumjab Karorena T. 70M2', '1 UNIT', 'KARO RENA POLDA NTB ', 'Baik', 'perolehan tahun 1962'),
(58, 38, 'RUNJAB Pamen Jl. Catur Prasetya (Mapolda NTB) T. 54 M2', '9 UNIT', 'PAMEN POLDA NTB', 'Baik', 'perolehan tahun 1976'),
(59, 38, 'RUNJAB PAMEN POLDA NTB Jl. Catur Prasetya (Mapolda NTB) T. 45 M2', '20 UNIT ', 'PAMEN POLDA NTB', 'Rusak Ringan', 'perolehan tahun 1968'),
(60, 38, 'Rumdim Bintara Polda NTB Jl. Catur Prasetya (Mapolda NTB) T. 38 M2', '8 UNIT', 'BINTARA POLDA NTB', 'Rusak Ringan', 'perolehan tahun 1968'),
(61, 38, 'Rumdin Bintara T. 54 M2 Jl. Trunojoyo Ampenan ', '1 UNIT', 'BINTARA POLDA NTB', 'Rusak Ringan', 'perolehan tahun 1998'),
(62, 38, 'Rumdin Bintara T. 45 M2 Jl. Trunojoyo Ampenan', '4 UNIT', 'BINTARA POLDA NTB', 'Rusak Ringan', 'perolehan tahun 1998'),
(63, 38, 'Rumdin Bintara T. 38 M2 Jl. Majapahit Ampenan (Bambu Runcing)', '5 UNIT', 'BINTARA POLDA NTB', 'Rusak Ringan', 'perolehan tahun 1968'),
(64, 38, 'Rumdin Pamen T. 45 M2 Jl. Majapahit Ampenan', '13 UNIT', 'PAMEN POLDA NTB', 'Rusak Ringan', 'perolehan tahun 1968'),
(65, 38, 'Rumjab Dir Polair T. 70 M2', '1 UNIT', 'DIR POL AIR PLDA NTB', 'Baik', 'perolehan tahun 1962'),
(66, 38, 'Rumdin Pamen T. 45 M2 Jln Tribrata, Ampenan', '5 UNIT', 'PAMEN POLDA NTB', 'Rusak Ringan', 'perolehan tahun 1968'),
(67, 38, 'Rumdin Pamen T. 70 M2 Jln. Surakarta Rambut Dewi Mataram', '6 UNIT', 'PAMEN POLDA NTB', 'Rusak Ringan', 'perolehan tahun 1998'),
(68, 38, 'Rumdin Bintara T. 54 Jln. Surakarta Rambut Dewi Mataram', '12 UNIT ', 'BINTARA POLDA NTB', 'Rusak Ringan', 'perolehan tahun 1998'),
(69, 38, 'Rumdin Bintara T. 45 Jln. Surakarta Rambut Dewi Mataram', '20 UNIT', 'BINTARA POLDA NTB', 'Rusak Ringan', 'perolehan tahun 1998'),
(70, 38, 'Rumdin Bintara T. 54 Jln. Sultan Hasanudin, Cakranegara', '5 UNIT', 'BINTARA POLDA NTB', 'Rusak Ringan', 'perolehan tahun 1997'),
(71, 38, 'Rumdin Bintara T. 45 Jln. Sultan Hasanudin, Cakranegara', '11 UNIT', 'BINTARA POLDA NTB', 'Rusak Ringan', 'perolehan tahun 1997'),
(72, 38, 'Rusun Jln Majapahit, Taman Sari, Ampenan T. 38 M2', '47 UNIT', 'BINTARA POLDA NTB', 'Baik', 'perolehan tahun 2015'),
(73, 38, 'Mess Polwan T. 70 Jln Bhayangkara Polda NTB', '1 UNIT', 'BINTARA POLDA NTB', 'Baik', 'perolehan tahun 1962'),
(74, 38, 'Mess Perwira T. 90 Jl. Catur Prasetya (Mapolda NTB) ', '1 UNIT', 'PAMA POLDA NTB', 'Baik', 'perolehan tahun 1975'),
(75, 26, 'Gedung kantor Dit Polairud  T. 180 M2 Jl. Pantai cemara, Kec. Lembar, Lombok Barat', '1 UNIT', '-', 'Baik', 'perolehan tahun 2001'),
(76, 26, 'Jl. Pantai cemara, Kec. Lembar, Lombok Barat T. 85 Jl. Pantai cemara, Kec. Lembar, Lombok Barat', '1 UNIT', '-', 'Baik', 'perolehan tahun 2001'),
(77, 26, 'Garasi Jl. Pantai cemara, Kec. Lembar, Lombok Barat T. 67 M2', '1 UNIT', '-', 'Baik', 'perolehan tahun 2004'),
(78, 26, 'Garasi Jl. Pantai cemara, Kec. Lembar, Lombok Barat T. 28 M2', '1 UNIT', '-', 'Baik', 'perolehan tahun 2003'),
(79, 26, 'Pos jaga Unit Kayangan  T. 40 Jl. Sambelia ,Kayangan, Lotim', '1 UNIT', '-', 'Baik', 'perolehan tahun 2003'),
(80, 26, 'Pos jaga Unit Tano T. 40 Poto Tano, Alas, Sumbawa', '1 UNIT', '-', 'Baik', 'perolehan tahun 2003'),
(81, 26, 'Rumdin T. 36 M2 Jl. Pantai cemara, Lombok Barat', '3 UNIT', 'BINTARA POLDA NTB', 'Rusak Ringan', 'perolehan tahun 2021'),
(82, 27, 'Gedung Kantor Sat Brimob  Polda NTB T. 900 M2 Jl. Industri/skip Ampenan Selatan, Ampenan', '1 UNIT', '-', 'Baik', 'perolehan tahun 2013'),
(83, 27, 'Garasi EOD	T. 85 M2\' Jl. Industri/skip Ampenan Selatan, Ampenan', '1 UNIT', '-', 'Baik', 'perolehan tahun 2007'),
(84, 27, 'Aula Sat Brimob Polda NTB	T.	200	 M2\' Jl. Industri/skip Ampenan Selatan, Ampenan', '1 UNIT', '-', 'Baik', 'perolehan tahun 2013'),
(85, 27, 'Masjid Al-Ikhlas Sat Brimob Polda NTB	T.	209	 M2\'  Jl. Industri/skip Ampenan Selatan, Ampenan', '1 UNIT', '-', 'Baik', 'perolehan tahun 1998'),
(86, 27, 'Pura Teratai Siwa Gangga Sat Brimob	T.	250	 M2\'  Jl. Industri/skip Ampenan Selatan, Ampenan', '1 UNIT', '-', 'Baik', 'perolehan tahun 2016'),
(87, 27, 'Garasi Sat Brimob Polda NTB	T.	270	 M2\' Jl. Industri/skip Ampenan Selatan, Ampenan', '1 UNIT', '-', 'Baik', 'perolehan tahun 2017'),
(88, 27, 'Garasi Sat Brimob Polda NTB	T.	580	 M2\' Jl. Industri/skip Ampenan Selatan, Ampenan', '1 UNIT', '-', 'Baik', 'perolehan tahun 2017'),
(89, 27, 'Tower mountenering	T.	60	 M2\' Jl. Industri/skip Ampenan Selatan, Ampenan', '1 UNIT', '-', 'Baik', 'perolehan tahun 2004'),
(90, 27, 'Gudang Sat Brimob Polda NTB	T.	150	 M2\' Jl. Industri/skip Ampenan Selatan, Ampenan', '1 UNIT', '-', 'Baik', 'perolehan tahun 2006'),
(91, 27, 'Gudang Sat Brimob Polda NTB	T.	32	 M2\' Jl. Industri/skip Ampenan Selatan, Ampenan', '1 UNIT', '-', 'Baik', 'perolehan tahun 2009'),
(92, 27, 'Gudang Yanma Sat Brimob Polda NTB	T.	80	 M2\' Jl. Industri/skip Ampenan Selatan, Ampenan', '1 UNIT', '-', 'Baik', 'perolehan tahun 2005'),
(93, 27, 'Gedung Poliklinik	T.	36	 M2\' Jl. Industri/skip Ampenan Selatan, Ampenan', '1 UNIT', '-', 'Baik', 'perolehan tahun 1998'),
(94, 27, 'Pos Penjagaan Sat Brimob Polda NTB	T.	66	 M2\' Jl. Industri/skip Ampenan Selatan, Ampenan', '1 UNIT', '-', 'Baik', 'perolehan tahun 1998'),
(95, 27, 'Gedung Kantor Kompi 1 Yon A Mataram	T.	256	 M2\' Jl. Industri/skip Ampenan Selatan, Ampenan', '1 UNIT', '-', 'Baik', 'perolehan tahun 1998'),
(96, 27, 'Gedung Kantor Kompi 1 Yon A Mataram	T.	120	 M2\' Jl. Industri/skip Ampenan Selatan, Ampenan', '1 UNIT', '-', 'Baik', 'perolehan tahun 2023'),
(97, 27, 'Gedung Kantor Kompi 4 Yon A Lombok Barat	T.	450	 M2\' Desa Gapuk, Kec. Gerung, Lobar', '1 UNIT', '-', 'Baik', 'perolehan tahun 2023'),
(98, 27, 'Gedung Kantor Kompi 3 Yon A Lotara	T.	450	 M2\' Desa gumantar, Kayangan, Lotara', '1 UNIT', '-', 'Baik', 'perolehan tahun 2019'),
(99, 27, 'Gedung Kantor Kompi 3 Yon A Lotara	T.	20	 M2\' Desa gumantar, Kayangan, Lotara', '1 UNIT', '-', 'Baik', 'perolehan tahun 2019'),
(100, 27, 'Gedung Kantor Kompi 3 Yon A Lotara	T.	20	 M2\' Desa gumantar, Kayangan, Lotara', '1 UNIT', '-', 'Baik', 'perolehan tahun 2019'),
(101, 27, 'Gedung Kantor Kompi 3 Yon A Lotara	T.	20	 M2\' Desa gumantar, Kayangan, Lotara', '1 UNIT', '-', 'Baik', 'perolehan tahun 2019'),
(102, 27, 'Gedung Kantor Kompi 3 Yon A Lotara	T.	90	 M2\' Desa gumantar, Kayangan, Lotara', '1 UNIT', '-', 'Baik', 'perolehan tahun 2019'),
(103, 27, 'Gedung Kantor Kompi 2 Yon A Loteng	T.	450	 M2\' Jl. Pariwisata, Desa rembitan, Pujut Loteng', '1 UNIT', '-', 'Baik', 'perolehan tahun 2014'),
(104, 27, 'Kantor Subden 2 Den Gegana	T.	72	 M2\' Jl. Pariwisata, Desa rembitan, Pujut Loteng', '1 UNIT', '-', 'Baik', 'perolehan tahun 2019'),
(105, 27, 'Mushalla Kompi 2 Yon A Loteng	T.	120	 M2\' Jl. Pariwisata, Desa rembitan, Pujut Loteng', '1 UNIT', '-', 'Baik', 'perolehan tahun 2015'),
(106, 27, 'Gedung Kantor Kompi 3 Yon B Lotim	T.	450	 M2\' Desa Songak, Kec. Sakra Lotim', '1 UNIT', '-', 'Baik', 'perolehan tahun 2019'),
(107, 27, 'Gedung Kantor Kompi 2 Yon B Sumbawa Brt	T.	450	 M2\' ', '1 UNIT', '-', 'Baik', 'perolehan tahun 2023'),
(108, 27, 'Mushalla Kompi 2 Yon B Sumbawa Barat	T.	60	 M2\' Jl. Lintas Taliwang-Jereweh ', '1 UNIT', '-', 'Baik', 'perolehan tahun '),
(109, 27, 'Gedung Kantor Kompi 1 Yon B Sumbawa	T.	450	 M2\' Jl. Moyo hilir, Kec. Moyo, Sumbawa ', '1 UNIT', '-', 'Baik', 'perolehan tahun 2006'),
(110, 27, 'Gudang senjata T.90 Kompi 1 Yon B Sumbawa	T.	90	 M2\' Jl. Moyo hilir, Kec. Moyo, Sumbawa ', '1 UNIT', '-', 'Baik', 'perolehan tahun 2006'),
(111, 27, 'Garasi Kompi 1 Yon B Sumbawa	T.	152	 M2\' Jl. Moyo hilir, Kec. Moyo, Sumbawa ', '1 UNIT', '-', 'Baik', 'perolehan tahun 2015'),
(112, 27, 'Mushalla Kompi 1 Yon B  Sumbawa	T.	225	 M2\' Jl. Moyo hilir, Kec. Moyo, Sumbawa ', '1 UNIT', '-', 'Baik', 'perolehan tahun 2012'),
(113, 27, 'Pos Jaga Kompi 1 Yon B Sumbawa	T.	42	 M2\' Jl. Moyo hilir, Kec. Moyo, Sumbawa ', '1 UNIT', '-', 'Baik', 'perolehan tahun 2016'),
(114, 27, 'Pos Jaga Kompi 1 Yon B Sumbawa	T.	12	 M2\' Jl. Moyo hilir, Kec. Moyo, Sumbawa ', '1 UNIT', '-', 'Baik', 'perolehan tahun 2019'),
(115, 27, 'Toilet Kompi 1 Yon B Sumbawa	T.	5	 M2\' Jl. Moyo hilir, Kec. Moyo, Sumbawa ', '1 UNIT', '-', 'Baik', 'perolehan tahun 2016'),
(116, 27, 'Gedung Kantor Kompi 1 Yon C Bima	T.	450	 M2\' Jl. Pelita, Kel. Sambina\'e, Mpunda, Kota Bima', '1 UNIT', '-', 'Baik', 'perolehan tahun 2006'),
(117, 27, 'Gudang senjata T.90	T.	90	 M2\' Jl. Pelita, Kel. Sambina\'e, Mpunda, Kota Bima', '1 UNIT', '-', 'Baik', 'perolehan tahun 2006'),
(118, 27, 'Garasi Kompi 1 Yon C Bima	T.	280	 M2\' Jl. Pelita, Kel. Sambina\'e, Mpunda, Kota Bima', '1 UNIT', '-', 'Baik', 'perolehan tahun Jl. Pelita, Kel. Sambina\'e, Mpunda, Kota Bima'),
(119, 27, 'Mushalla Kompi 1 Yon C Bima	T.	168	 M2\' Jl. Pelita, Kel. Sambina\'e, Mpunda, Kota Bima', '1 UNIT', '-', 'Baik', 'perolehan tahun 2009'),
(120, 27, 'Pos Penjagaan Kompi 1 Yon C  Bima	T.	36	 M2\' Jl. Pelita, Kel. Sambina\'e, Mpunda, Kota Bima', '1 UNIT', '-', 'Baik', 'perolehan tahun 2016'),
(121, 27, 'Rumdin Dansat Brimob Polda NTB	T.	 60 	 M2\' Jl. Industri/skip Ampenan Selatan, Ampenan', '1 UNIT', 'DANSAT BRIMOB', 'Baik', 'perolehan tahun 2018'),
(122, 27, 'Rumdin perwira Sat Brimob Polda NTB	T.	 45 	 M2\' Jl. Industri/skip Ampenan Selatan, Ampenan', '16 UNIT', 'PAMA BRIMOB POLDA NTB', 'Baik', 'perolehan tahun 2002'),
(123, 27, 'Rumdin Bintara Sat Brimob Polda NTB	T.	 36 	 M2\' Jl. Industri/skip Ampenan Selatan, Ampenan', '33 UNIT', 'BINTARA BRIMOB POLDA NTB', 'Baik', 'perolehan tahun 1998'),
(124, 27, 'Flat sat Brimob Polda NTB	T.	 1,285 	 M2\' Jl. Industri/skip Ampenan Selatan, Ampenan', '1 UNIT', 'BINTARA BRIMOB POLDA NTB', 'Baik', 'perolehan tahun 2005'),
(125, 27, 'Rumdin Bintara Kompi 3 Yon A Lotara	T.	 45 	 M2\' Desa gumantar, Kayangan, Lotara', '10 UNIT', 'BINTARA BRIMOB POLDA NTB', 'Baik', 'perolehan tahun 2022'),
(126, 27, 'Rumdin Kompi 2 Yon A Loteng	T.	 54 	 M2\' Jl. Pariwisata, Ds. rembitan, Pujut Loteng', '1 UNIT', 'DANKI BRIMOB ', 'Baik', 'perolehan tahun 2013'),
(127, 27, 'Rumdin Kompi 2 Yon A Loteng	T.	 45 	 M2\' Jl. Pariwisata, Ds. rembitan, Pujut Loteng', '2 UNIT', 'PAMA BRIMOB OLDA NTB', 'Baik', 'perolehan tahun 2013'),
(128, 27, 'Barak Kompi 2 Yon A Loteng	T.	 475 	 M2\' Jl. Pariwisata, Ds. rembitan, Pujut Loteng', '1 UNIT', 'BINTARA BRIMOB POLDA NTB', 'Baik', 'perolehan tahun 2014'),
(129, 27, 'Flat Kompi 2 Yon A Loteng	T.	 1,685 	 M2\' Jl. Pariwisata, Ds. rembitan, Pujut Loteng', '1 UNIT', 'BINTARA BRIMOB POLDA NTB', 'Baik', 'perolehan tahun 2013'),
(130, 27, 'Barak bujang T. 475 Kompi 1 Yon B Sumbawa	T.	 475 	 M2\' Jl. Moyo hilir, Kec. Moyo, Sumbawa ', '1 UNIT', 'BINTARA BRIMOB POLDA NTB', 'Baik', 'perolehan tahun 2006'),
(131, 27, 'Rumjab Danki Kompi 1 Yon B Sumbawa	T.	 54 	 M2\' Jl. Moyo hilir, Kec. Moyo, Sumbawa ', '1 UNIT', 'DANKI BRIMOB', 'Baik', 'perolehan tahun 2008'),
(132, 27, 'Rumdin Bintara Kompi 1 Yon B Sumbawa	T.	 36 	 M2\' Jl. Moyo hilir, Kec. Moyo, Sumbawa ', '9 UNIT', 'BINTARA BRIMOB POLDA NTB', 'Baik', 'perolehan tahun 2008'),
(133, 27, 'Rusus Kompi 2 Yon C Dompu	T.	 36 	 M2\' Jl .Abu Bakar, Desa Matua, Woja Dompu ', '2 UNIT', 'BINTARA BRIMOB POLDA NTB', 'Baik', 'perolehan tahun 2016'),
(134, 27, 'Rusus Kompi 2 Yon C Dompu	T.	 45 	 M2\' Jl .Abu Bakar, Desa Matua, Woja Dompu ', '2 UNIT', 'PAMA BRIMOB OLDA NTB', 'Baik', 'perolehan tahun 2016'),
(135, 27, 'Barak Kompi 2 Yon C Dompu	T.	 475 	 M2\' Kec Woja, Dompu ', '1 UNIT', 'BINTARA BRIMOB POLDA NTB', 'Baik', 'perolehan tahun 2015'),
(136, 27, 'Rumdin Kompi 1 Yon C Bima	T.	 54 	 M2\' Jl. Pelita, Sambina\'e, Mpunda, Kota Bima', '1 UNIT', 'DANKI BRIMOB', 'Baik', 'perolehan tahun 2019'),
(137, 27, 'Rumdin Kompi 1 Yon C Bima	T.	 50 	 M2\' Jl. Pelita, Sambina\'e, Mpunda, Kota Bima', '1 UNIT', 'PAMA BRIMOB OLDA NTB', 'Baik', 'perolehan tahun 2008'),
(138, 27, 'Rumdin Bintara Kompi 1 Yon C Bima	T.	 36 	 M2\' Jl. Pelita, Sambina\'e, Mpunda, Kota Bima', '10 UNIT', 'BINTARA BRIMOB POLDA NTB', 'Baik', 'perolehan tahun 2008'),
(139, 27, 'Rumdin Bintara Kompi 1 Yon C Bima	T.	 45 	 M2\' Jl. Pelita, Sambina\'e, Mpunda, Kota Bima', '2 UNIT', 'BINTARA POLDA NTB', 'Baik', 'perolehan tahun 2019'),
(140, 27, 'Barak bujang T. 475 Kompi 1 Yon C Bima	T.	 475 	 M2\' Jl. Pelita Sambinae Bima', '1 UNIT', 'BINTARA BRIMOB POLDA NTB', 'Baik', 'perolehan tahun 2006'),
(141, 40, 'Rumjab Ka SPN	T.	 130 	 M2\' ', '1 UNIT', 'KA SPN', 'Baik', 'perolehan tahun 2005'),
(142, 40, 'Rumjab Waka SPN	T.	 90 	 M2\' ', '1 UNIT', 'WK SPN', 'Baik', 'perolehan tahun 2005'),
(143, 40, 'Rumdin Pamen	T.	 70 	 M2\' ', '4 UNIT', 'PAMEN SPN ', 'Baik', 'perolehan tahun 2005'),
(144, 40, 'Rumdin Pama	T.	 54 	 M2\' ', '10 UNIT', 'PAMA SPN', 'Baik', 'perolehan tahun 2005'),
(145, 40, 'Rumdin Pama	T.	 45 	 M2\' ', '8 UNIT', 'PAMA SPN', 'Baik', 'perolehan tahun 2005'),
(146, 40, 'Rumdin Pama	T.	 38 	 M2\' ', '34 UNIT', 'PAMA SPN', 'Baik', 'perolehan tahun 2007'),
(147, 40, 'Rumdin Bintara	T.	 38 	 M2\' ', '50 UNIT', 'BINTARA SPN', 'Rusak Berat', 'perolehan tahun 2005'),
(148, 40, 'Mess	T.	 520 	 M2\' ', '1 UNIT', 'PAMA SPN', 'Baik', 'perolehan tahun 2005'),
(149, 40, 'Guest  House	T.	 300 	 M2\' ', '1 UNIT', 'PAMA SPN', 'Baik', 'perolehan tahun 2005'),
(150, 40, 'Barak Siswa	T.	 520 	 M2\' ', '10 UNIT', 'SISWA SPN', 'Baik', 'perolehan tahun 2005'),
(151, 40, 'Polseklat	T.	 190 	 M2\' ', '1 UNIT', '-', 'Baik', 'perolehan tahun 2005'),
(152, 40, 'Gedung Utama SPN	T.	 1,280 	 M2\' ', '1 UNIT', '-', 'Baik', 'perolehan tahun 2004'),
(153, 40, 'Kelas sedang	T.	 341 	 M2\' ', '4 UNIT', '-', 'Baik', 'perolehan tahun 2004'),
(154, 40, 'Kelas Besar	T.	 750 	 M2\' ', '1 UNIT', '-', 'Baik', 'perolehan tahun 2005'),
(155, 40, 'Kelas sedang	T.	 341 	 M2\' ', '3 UNIT', '-', 'Baik', 'perolehan tahun 2007'),
(156, 40, 'Gudang Bekum	T.	 250 	 M2\' ', '1 UNIT', '-', 'Baik', 'perolehan tahun 2004'),
(157, 40, 'Gudang Amunisi	T.	 150 	 M2\' ', '1 UNIT', '-', 'Baik', 'perolehan tahun 2004'),
(158, 40, 'Gudang BMP	T.	 90 	 M2\' ', '1 UNIT', '-', 'Baik', 'perolehan tahun 2004'),
(159, 40, 'Koperasi/Kantin	T.	 190 	 M2\' ', '1 UNIT', '-', 'Baik', 'perolehan tahun 2005'),
(160, 40, 'Perpustakaan	T.	 350 	 M2\' ', '1 UNIT', '-', 'Baik', 'perolehan tahun 2005'),
(161, 40, 'Aula	T.	 620 	 M2\' ', '1 UNIT', '-', 'Baik', 'perolehan tahun 2005'),
(162, 40, 'Poliklinik	T.	 190 	 M2\' ', '1 UNIT', '-', 'Baik', 'perolehan tahun 2003'),
(163, 40, 'Bengharlap	T.	 200 	 M2\' ', '1 UNIT', '-', 'Baik', 'perolehan tahun 2007'),
(164, 40, 'gedung Dojo	T.	 400 	 M2\' ', '1 UNIT', '-', 'Baik', 'perolehan tahun 2005'),
(165, 40, 'lapangan sepakbola	T.	 10,000 	 M2\' ', '1 UNIT', '-', 'Baik', 'perolehan tahun 2007'),
(166, 40, 'Lapangan Tembak	T.	 5,000 	 M2\' ', '1 UNIT', '-', 'Baik', 'perolehan tahun 2007'),
(167, 40, 'Lapangan Tembak	T.	 1,000 	 M2\' ', '1 UNIT', '-', 'Baik', 'perolehan tahun 2007'),
(168, 40, 'lapangan halang rintang	T.	 2,000 	 M2\' ', '1 UNIT', '-', 'Baik', 'perolehan tahun 2007'),
(169, 40, 'Lapangan Tenis	T.	 423 	 M2\' ', '1 UNIT', '-', 'Baik', 'perolehan tahun 2009'),
(170, 40, 'Lapangan Voly 	T.	 300 	 M2\' ', '1 UNIT', '-', 'Baik', 'perolehan tahun 2009'),
(171, 40, 'Bangunan Lapangan Tembak	T.	 500 	 M2\' ', '1 UNIT', '-', 'Baik', 'perolehan tahun 2019'),
(172, 40, 'Masjid	T.	 400 	 M2\' ', '1 UNIT', '-', 'Baik', 'perolehan tahun 2004'),
(173, 40, 'Pura	T.	 80 	 M2\' ', '1 UNIT', '-', 'Baik', 'perolehan tahun 2007'),
(174, 40, 'Gereja	T.	 25 	 M2\' ', '1 UNIT', '-', 'Baik', 'perolehan tahun 2019'),
(175, 40, 'Monumen 	T.	 8 	 M2\' ', '1 UNIT', '-', 'Baik', 'perolehan tahun 2007'),
(176, 40, 'Ruang makan	T.	 723 	 M2\' ', '1 UNIT', '-', 'Baik', 'perolehan tahun 2003'),
(177, 40, 'Ruang makan	T.	 723 	 M2\' ', '1 UNIT', '-', 'Baik', 'perolehan tahun 2007'),
(178, 40, 'Rumdin Bintara	T.	 38 	 M2\'', '12 UNIT', 'BINTARA SPN', 'Baik', 'perolehan tahun 2005'),
(179, 35, 'Gedung Presisi Biddokkes Polda NTB T. 450 M2', '1 UNIT', '-', 'Baik', 'perolehan tahun 2021'),
(180, 42, 'Bangunan Rumah sakit (Bangunan Induk) T. 3284', '1 UNIT', '-', 'Baik', 'perolehan tahun 2004'),
(181, 42, 'Bangunan Perawatan Vip T. 710 M2', '1 UNIT', '-', 'Baik', 'perolehan tahun 2021'),
(182, 42, 'Bangunan Selasar (Koridor) luas 10 M2', '1 UNIT', '-', 'Baik', 'perolehan tahun 2018'),
(183, 42, 'Bangunan Instalasi Pengolahan Air Limbah T. 50 M2', '1 UNIT', '-', 'Baik', 'perolehan tahun 2018'),
(184, 42, 'Bangunan IGD T. 80 M2', '1 UNIT', '-', 'Baik', 'perolehan tahun 2007'),
(185, 42, 'Bangunan Dapur Rumkit T. 62 M2', '1 UNIT', '-', 'Baik', 'perolehan tahun 1998'),
(186, 42, 'Bangunan Ruang Otopsi T. 50 M2', '1 UNIT', '-', 'Baik', 'perolehan tahun 1992'),
(187, 44, 'Gedung Kantor Polres Mataram T. 1,700 M2', '1 UNIT', '-', 'Baik', 'perolehan tahun 1950'),
(188, 44, 'Kantor & asrama Polres Mataram T. 170 M2', '1 UNIT', '-', 'Rusak Berat', 'perolehan tahun 2006'),
(189, 44, 'Kantor Satpas SIM Polres Mataram T. 100 M2', '1 UNIT', '-', 'Baik', 'perolehan tahun 2016'),
(190, 44, 'Gedung RPK Polres Mataram	T. 279 M2', '1 UNIT', '-', 'Baik', 'perolehan tahun 2018'),
(191, 44, 'Gedung pertemuan Polres Mataram		T. 80 M2', '1 UNIT', '-', 'Rusak Ringan', 'perolehan tahun 1950'),
(192, 44, 'Garasi Polres Mataram		 T. 72 M2 ', '1 UNIT', '-', 'Rusak Ringan', 'perolehan tahun 1981'),
(193, 44, 'Garasi Polres Mataram		T.  85 M2', '1 UNIT', '-', 'Baik', 'perolehan tahun 1981'),
(194, 44, 'Musholla Polrers Mataram		T. 125 M2', '1 UNIT', '-', 'Baik', 'perolehan tahun 1996'),
(195, 44, 'Gudang Logistik Polres Mataram		 T. 88 M2', '1 UNIT', '-', 'Rusak Berat', 'perolehan tahun 1980'),
(196, 44, 'Gedung Kantor Polsek Cakranegara		T.  13,000 M2', '1 UNIT', '-', 'Rusak Ringan', 'perolehan tahun 1962'),
(197, 44, 'Bangunan Reskrim Polsek Cakranegara		 T. 72 M2', '1 UNIT', '-', 'Baik', 'perolehan tahun 2010'),
(198, 44, 'Gedung Pertemuan Polsek Cakranegara		 T. 65 M2', '1 UNIT', '-', 'Baik', 'perolehan tahun 1986'),
(199, 44, 'Musholla Polsek Cakranegara		T. 120 M2 ', '1 UNIT', '-', 'Baik', 'perolehan tahun 1984'),
(200, 44, 'Pura Polsek Cakranegara		LUAS 110 M2', '1 UNIT', '-', 'Baik', 'perolehan tahun 1947'),
(201, 44, 'Aula Polsek Cakranegara		 T. 52 M2', '1 UNIT', '-', 'Baik', 'perolehan tahun 2017'),
(202, 44, 'Gedung kantor Polsek Mataram		T. 850 M2 ', '1 UNIT', '-', 'Rusak Ringan', 'perolehan tahun 1987'),
(203, 44, 'Gedung kantor Polsek Ampenan		T. 1,800 M2 ', '1 UNIT', '-', 'Rusak Ringan', 'perolehan tahun 1982'),
(204, 44, 'Gedung kantor Polsek Ampenan		T. 84 M2', '1 UNIT', '-', 'Baik', 'perolehan tahun 2010'),
(205, 44, 'Gedung kantor Polsubsektor Pagutan		T. 1,300 M2', '1 UNIT', '-', 'Rusak Ringan', 'perolehan tahun 1950'),
(206, 44, 'Gedung kantor Polsek Selaparang		T. 170 M2 ', '1 UNIT', '-', 'Rusak Ringan', 'perolehan tahun 2023'),
(207, 44, 'Gedung kantor Polsek Narmada		T. 2,300 M2 ', '1 UNIT', '-', 'Rusak Ringan', 'perolehan tahun 1950'),
(208, 44, 'Gedung kantor Polsek Narmada		T. 135 M2', '1 UNIT', '-', 'Baik', 'perolehan tahun 2013'),
(209, 44, 'Gedung kantor Polsek Gunung Sari		T. 170 M2', '1 UNIT', '-', 'Baik', 'perolehan tahun 2011'),
(210, 44, 'Gedung kantor Polsek Lingsar		T.  206 M2', '1 UNIT', '-', 'Rusak Ringan', 'perolehan tahun 2006'),
(211, 44, 'Gedung kantor Polsek Lingsar		T. 170 M2', '1 UNIT', '-', 'Baik', 'perolehan tahun 2011'),
(212, 44, 'Pos Pol Sekarbela		T.  100 M2', '1 UNIT', '-', 'Baik', 'perolehan tahun 2018'),
(213, 44, 'Pos Penghamanan Sektor Cakranegara		T. 70 M2', '1 UNIT', '-', 'Baik', 'perolehan tahun 2018'),
(214, 44, 'Rumjab Kapolres Mataram		T. 70 M2', '1 UNIT', 'KAPOLRESTA MATARAM', 'Baik', 'perolehan tahun 1984'),
(215, 44, 'Asrama Bintara Polres Mataram		T.  36 M2', '1 UNIT', 'BINTARA POLRESTA MATARAM', 'Baik', 'perolehan tahun 1947'),
(216, 44, 'Rumdin Wakapolres Mataram		T.  36 M2', '1 UNIT', 'WAKAPOLRESTA MATARAM', 'Baik', 'perolehan tahun 1982'),
(217, 44, 'Rumdin Perwira Polres Mataram		T. 36 M2', '6 UNIT', 'PAMA POLRESTA MATARAM', 'Baik', 'perolehan tahun 1982'),
(218, 44, 'Asrama Bintara Polres Mataram		T.  31 M2', '7 UNIT', 'BINTARA POLRESTA MATARAM', 'Rusak Ringan', 'perolehan tahun 1984'),
(219, 44, 'Rusun (Flat)		T. 864 M2', '1 UNIT', 'BINTARA POLRESTA MATARAM', 'Baik', 'perolehan tahun 2015'),
(220, 44, 'Rusun (Flat)		T. 504 M2', '1 UNIT', 'BINTARA POLDA NTB', 'Baik', 'perolehan tahun 2018'),
(221, 44, 'Rumdin Polsek Ampenan		T. 36 M2', '4 UNIT', 'BINTARA POLSEK AMPENAN', 'Baik', 'perolehan tahun -'),
(222, 44, 'Asrama Polsek Sandubaya		T.  31 M2', '15 UNIT', 'BINTARA POLSEK SANDUBYA', 'Rusak Ringan', 'perolehan tahun 1984'),
(223, 44, 'Rumdin Polsek Narmada		T.  54 M2', '1 UNIT', 'KAPOLSEK NARMADA', 'Baik', 'perolehan tahun 2019'),
(224, 44, 'Rumdin Polsek Narmada		T.  36 M2', '1 UNIT', 'BINTARA POLSEK NARMADA', 'Rusak Ringan', 'perolehan tahun 2019'),
(225, 44, 'Rumdin Polsek Narmada		 T. 30 M2', '1 UNIT', 'BINTARA POLSEK NARMADA', 'Rusak Ringan', 'perolehan tahun --'),
(226, 44, 'Rumdin Polsek Narmada		T.  96 M2', '1 UNIT', 'BINTARA POLSEK NARMADA', 'Rusak Ringan', 'perolehan tahun --'),
(227, 44, 'Rumdin Polsek Narmada		T.  45 M2', '1 UNIT', 'BINTARA POLSEK NARMADA', 'Rusak Ringan', 'perolehan tahun --'),
(228, 44, 'Rumdin Polsek Gunung Sari		 T. 54 M2', '1 UNIT', 'KAPOLSEK GUNUNG SARI', 'Baik', 'perolehan tahun 2013'),
(229, 44, 'Rumdin Polsek Gunung Sari		 T. 54 M2', '1 UNIT', 'BINTARA POLSEK GUNUNG SARI', 'Baik', 'perolehan tahun 2019'),
(230, 44, 'Rumdin Polsek Lingsar		T.  54 M2', '1 UNIT', 'BINTARA POLSEK LINGSAR', 'Baik', 'perolehan tahun 2013'),
(231, 45, 'Gedung Kantor Polres Lobar		 T. 930 M2', '1 UNIT', '-', 'Baik', 'perolehan tahun 2006'),
(232, 45, 'Gedung Kantor Laka Lantas Polres Lobar		T. 80 M2', '1 UNIT', '-', 'Baik', 'perolehan tahun 2008'),
(233, 45, 'Gedung Arsip SIM Polres Lobar		 T. 63 M2', '1 UNIT', '-', 'Baik', 'perolehan tahun 2009'),
(234, 45, 'Gedung Kantor SPK, Sabhara,P3D, telematika		T. 195 M2', '1 UNIT', '-', 'Baik', 'perolehan tahun 2008'),
(235, 45, 'Gedung Ruang Uji Simulator SIM Res Lobar		T.  70 M2 ', '1 UNIT', '-', 'Baik', 'perolehan tahun 2013'),
(236, 45, 'Gedung Satpas SIM Polres Lobar		 T. 1,225 M2', '1 UNIT', '-', 'Baik', 'perolehan tahun 2021'),
(237, 45, 'Musholla Polres Lobar		T. 121 M2', '1 UNIT', '-', 'Rusak Berat', 'perolehan tahun 2008'),
(238, 45, 'Garasi Patwal Lantas Polres Lobar		T. 52 M2', '1 UNIT', '-', 'Baik', 'perolehan tahun 2013'),
(239, 45, 'Gedung Serbaguna Polres Lobar		T. 200 M2', '1 UNIT', '-', 'Baik', 'perolehan tahun 2014'),
(240, 45, 'Gedung Kantor Narkoba, Polair, unit PPA Res Lobar		T. 212 M2', '1 UNIT', '-', 'Baik', 'perolehan tahun 2015'),
(241, 45, 'Gedung Kantor Sat Intelkam Polres Lobar		 T. 100 M2', '1 UNIT', '-', 'Baik', 'perolehan tahun 2016'),
(242, 45, 'Gedung kantor Sie Propam Polres Lobar		T. 80 M2', '1 UNIT', '-', 'Baik', 'perolehan tahun 2019'),
(243, 45, 'Gedung Kantor dan Barak PolresLobar		 T. 475 M2', '1 UNIT', '-', 'Baik', 'perolehan tahun 2006'),
(244, 45, 'Gedung Kantor Polsek Sekotong		T. 170 M2', '1 UNIT', '-1', 'Baik', 'perolehan tahun 2003'),
(245, 45, 'Garasi SPK Polsek Sekotong		T. 77 M2', '1 UNIT', '-', 'Baik', 'perolehan tahun 2013'),
(246, 45, 'Gedung Kantor Polsek Lembar		T. 170 M2', '1 UNIT', '-', 'Baik', 'perolehan tahun 2014'),
(247, 45, 'Gedung Kantor Polsek Gerung		T.  240 M2', '1 UNIT', '-', 'Rusak Ringan', 'perolehan tahun 1984'),
(248, 45, 'Gedung Kantor Polsek Kediri		 T. 135 M2', '1 UNIT', '-', 'Rusak Ringan', 'perolehan tahun 1982'),
(249, 45, 'Gedung Kantor Polsek Kediri		T. 42 M2', '1 UNIT', '--', 'Rusak Ringan', 'perolehan tahun 1971'),
(250, 45, 'Gedung Kantor Polsek Kuripan		T. 500 M2', '1 UNIT', '-', 'Baik', 'perolehan tahun 2021'),
(251, 45, 'Musholla Polsek Kediri		T. 90 M2', '1 UNIT', '-', 'Baik', 'perolehan tahun 1989'),
(252, 45, 'Gedung Kantor Polsek Labuapi		T. 106 M2', '1 UNIT', '-', 'Baik', 'perolehan tahun 2005'),
(253, 45, 'Gedung Kantor Polsek Senggigi		T. 126 M2', '1 UNIT', '-', 'Baik', 'perolehan tahun 2001'),
(254, 45, 'Rumjab Kapolres		T.  90 M2', '1 UNIT', 'KAPOLRES LOMBOK BARAT', 'Baik', 'perolehan tahun 2006'),
(255, 45, 'Rumdin Polres Lobar		T.  304 M2', '1 UNIT', 'BINTARA POLRES LOBAR', 'Baik', 'perolehan tahun 2008'),
(256, 45, 'Rusun Polres Lobar		T.  1,440 M2', '1 UNIT', 'BINTARA POLRES LOBAR', 'Baik', 'perolehan tahun 2021'),
(257, 45, 'Rumdin Polsek Sekotong		 T. 54 M2', '1 UNIT', 'KAPOLSEK SEKOTONG', 'Baik', 'perolehan tahun 2003'),
(258, 45, 'Rumdin Polsek Sekotong		T.  90 M2', '1 UNIT', 'BINTARA POLSEK SEKOTONG', 'Baik', 'perolehan tahun 2003'),
(259, 45, 'Rumdin Polsek Sekotong		T. 152 M2', '1 UNIT', 'BINTARA POLSEK SEKOTONG', 'Baik', 'perolehan tahun 2003'),
(260, 45, 'Rumdin Polsek Gerung		T. 81 M2', '1 UNIT', 'KAPOLSEK GERUNG', 'Rusak Ringan', 'perolehan tahun 1962'),
(261, 45, 'Rumdin Polsek Gerung		T.  54 M2', '1 UNIT', 'BINTARA POLSEK GERUNG', 'Rusak Ringan', 'perolehan tahun 1985'),
(262, 45, 'Rumdin Polsek Gerung		T. 216 M2', '1 UNIT', 'BINTARA POLSEK GERUNG', 'Rusak Ringan', 'perolehan tahun 1985'),
(263, 45, 'Rumdin Polsek Gerung		T. 216 M2', '1 UNIT', 'BINTARA POLSEK GERUNG', 'Rusak Ringan', 'perolehan tahun 1986'),
(264, 45, 'Rumdin Polsek Gerung		T.  72 M2', '1 UNIT', 'BINTARA POLSEK GERUNG', 'Rusak Ringan', 'perolehan tahun 1962'),
(265, 45, 'Rumdin Polsek Gerung		T.  144 M2', '1 UNIT', 'BINTARA POLSEK GERUNG', 'Baik', 'perolehan tahun 1985'),
(266, 45, 'Rumdin Polsek Gerung		T. 144 M2', '1 UNIT', 'BINTARA POLSEK GERUNG', 'Baik', 'perolehan tahun 1985'),
(267, 45, 'Rumdin Polsek Gerung		T. 144 M2', '1 UNIT', 'BINTARA POLSEK GERUNG', 'Baik', 'perolehan tahun 1985'),
(268, 45, 'Rumdin Polsek Gerung		T. 144 M2', '1 UNIT', 'BINTARA POLSEK GERUNG', 'Baik', 'perolehan tahun 1985'),
(269, 45, 'Rumdin Polsek Kediri		T. 42 M2', '1 UNIT', 'KAPOLSEK KEDIRI', 'Rusak Ringan', 'perolehan tahun 1971'),
(270, 45, 'Rumdin Polsek Kediri		T.  72 M2', '1 UNIT', 'BINTARA POLSEK KEDIRI', 'Rusak Ringan', 'perolehan tahun 1971'),
(271, 45, 'Rumdin Polsek Kediri		T. 72 M2', '1 UNIT', 'BINTARA POLSEK KEDIRI', 'Baik', 'perolehan tahun 1971'),
(272, 45, 'Rumdin Polsek Kediri		T. 144 M2', '1 UNIT', 'BINTARA POLSEK KEDIRI', 'Rusak Ringan', 'perolehan tahun 1982'),
(273, 45, 'Rumdin Polsek Batu Layar		T. 45 M2', '1 UNIT', 'KAPOLSEK BATU LAYAR', 'Baik', 'perolehan tahun 1986'),
(274, 45, 'Rumdin Polsek Batu Layar		T.  36 M2', '1 UNIT', 'BINTARA POLSEK BATU LAYAR', 'Baik', 'perolehan tahun 2019'),
(275, 45, 'Rumdin Polsek Lembar		T. 36 M2', '1 UNIT', 'BINTARA POLSEK LEMBAR', 'Baik', 'perolehan tahun 2019'),
(276, 46, 'Gedung Kantor Polres Lotara		T. 2,100 M2', '1 UNIT', '-', 'Baik', 'perolehan tahun 2019'),
(277, 46, 'Gedung Kantor Polsek Pemenang		T. 170 M2', '1 UNIT', '-', 'Rusak Ringan', 'perolehan tahun 2012'),
(278, 46, 'Gedung Kantor Polsek Tanjung		 T. 620 M2', '1 UNIT', '-', 'Baik', 'perolehan tahun 2019'),
(279, 46, 'Musholla Polsek Tanjung		T. 64 M2', '1 UNIT', '-', 'Rusak Ringan', 'perolehan tahun 1980'),
(280, 46, 'Gedung Kantor Polsek Gangga		 T. 305 M2', '1 UNIT', '-', 'Baik', 'perolehan tahun 2019'),
(281, 46, 'Gedung Kantor Polsek Kayangan		T.  170 M2', '1 UNIT', '-', 'Baik', 'perolehan tahun 2012'),
(282, 46, 'Gedung Kantor Polsek Bayan		T. 135 M2', '1 UNIT', '-', 'Baik', 'perolehan tahun 2013'),
(283, 46, 'Musholla Polsek Bayan		 T. 30 M2', '1 UNIT', '-', 'Baik', 'perolehan tahun 1984'),
(284, 46, 'Rumdin Polres Lotara		T. 70 M2', '1 UNIT', 'PAMA POLRES LOTARA', 'Baik', 'perolehan tahun 2017'),
(285, 46, 'Rumdin Polres Lotara		T. 70 M2', '1 UNIT', 'PAMA POLRES LOTARA', 'Baik', 'perolehan tahun 2017'),
(286, 46, 'Rumjab Kapolres Lotara		T. 70 M2', '1 UNIT', 'KAPOLRES LOTARA', 'Baik', 'perolehan tahun 2019'),
(287, 46, 'Rumjab Wakapolres Lotara		T. 70 M2', '1 UNIT', 'WAKAPOLRES LOTARA', 'Baik', 'perolehan tahun 2019'),
(288, 46, 'Rumdin Kabag Polres Lotara		T. 54 M2', '3 UNIT', 'KABAG POLRES LOTARA', 'Baik', 'perolehan tahun 2018'),
(289, 46, 'Rumdin Kasat Polres Lotara		T. 45 M2', '6 UNIT', 'KASAT POLRES LOTARA', 'Baik', 'perolehan tahun 2018'),
(290, 46, 'Rusun Polres Lotara Lantai 1 	 T. 720 M2', '1 UNIT', 'BINTARA POLRES LOTARA', 'Baik', 'perolehan tahun 2019'),
(291, 46, 'Rusun Polres Lotara Lantai 2		 T. 720 M2', '1 UNIT', 'BINTARA POLRES LOTARA', 'Baik', 'perolehan tahun 2019'),
(292, 46, 'Rusun Polres Lotara		T.  2,450 M2', '1 UNIT', 'BINTARA POLRES LOTARA', 'Baik', 'perolehan tahun 2015'),
(293, 46, 'Rumjab Kapolsek Pemenang		 T. 54 M2', '1 UNIT', 'KAPOLSEK PEMENANG', 'Baik', 'perolehan tahun 2019'),
(294, 46, 'Rumdin Anggota Polsek Pemenang		T. 36 M2', '8 UNIT', 'ANGGOTA POLSEK PEMENANG', 'Baik', 'perolehan tahun 2019'),
(295, 46, 'Rumah RISHA		T. 36 M2', '1 UNIT', 'BINTARA POLSEK PEMENANG', 'Baik', 'perolehan tahun 2019'),
(296, 46, 'Rumjab Kapolsek Tanjung		T. 54 M2', '1 UNIT', 'KAPOLSEK TANJUNG', 'Baik', 'perolehan tahun 2019'),
(297, 46, 'Rumdin Anggota Polsek Tanjung		T. 36 M2', '8 UNIT', 'ANGGOTA POLSEK TANJUNG', 'Baik', 'perolehan tahun 2019'),
(298, 46, 'Rumjab Kapolsek Gangga		T. 54 M2', '1 UNIT', 'KAPOLSEK GANGGA', 'Baik', 'perolehan tahun 2019'),
(299, 46, 'Rumdin Anggota Polsek Gangga		T.  36 M2', '8 UNIT', 'ANGGOTA POLSEK GANGGA', 'Baik', 'perolehan tahun 2019'),
(300, 46, 'Rumdin Polsek Gangga		T. 36 M2', '1 UNIT', 'BINTARA POLSEK GANGGA', 'Baik', 'perolehan tahun 2019'),
(301, 46, 'Rumjab Kapolsek Kayangan		 T. 54 M2', '1 UNIT', 'KAPOLSEK KAYANGAN ', 'Baik', 'perolehan tahun 2019'),
(302, 46, 'Rumdin Anggota Polsek Kayangan		T. 36 M2', '8 UNIT', 'ANGGOTA POLSEK KAYANGAN', 'Baik', 'perolehan tahun 2019'),
(303, 46, 'Rumjab Kapolsek Bayan		T. 54 M2', '1 UNIT', 'KAPOLSEK BAYAN', 'Baik', 'perolehan tahun 2019'),
(304, 46, 'Rumdin Anggota Polsek Bayan		T.  36 M2', '8 UNIT', 'ANGGOTA POLSEK BAYAN', 'Baik', 'perolehan tahun 2019'),
(305, 47, 'Gedung Kantor Sat Lantas 		T.  245 M2', '1 UNIT', '-', 'Baik', 'perolehan tahun 2012'),
(306, 47, 'R. penjagaan Patwal, garasi Sat Lantas		T. 160 M2', '1 UNIT', '-', 'Baik', 'perolehan tahun 2015'),
(307, 47, 'Masjid Polres 		 T. 203 M2', '1 UNIT', '-', 'Baik', 'perolehan tahun 1975'),
(308, 47, 'Pura Polres		LUAS 152 M2', '1 UNIT', '-', 'Baik', 'perolehan tahun 1975'),
(309, 47, 'STK Bhayangkari 		T. 210 M2', '1 UNIT', '-', 'Rusak Ringan', 'perolehan tahun 1970'),
(310, 47, 'Ruang belajar TK bhayangkari		T. 64 M2', '1 UNIT', '-', 'Rusak Ringan', 'perolehan tahun 1980'),
(311, 47, 'Dapur TK bhayangkari		 T. 24 M2', '1 UNIT', '-', 'Rusak Ringan', 'perolehan tahun 1980'),
(312, 47, 'Gedung Olahraga		 T. 403 M2', '1 UNIT', '-', 'Baik', 'perolehan tahun 2006'),
(313, 47, 'Kantor Bhayangkari		T. 69 M2', '1 UNIT', '-', 'Baik', 'perolehan tahun 2007'),
(314, 47, 'Koperasi 		 T. 76 M2', '1 UNIT', '-', 'Baik', 'perolehan tahun 2007'),
(315, 47, 'Klinik Polres		T. 198 M2', '1 UNIT', '-', 'Rusak Ringan', 'perolehan tahun 1930'),
(316, 47, 'Ruang Yan SIM (loket)		T.  260 M2', '1 UNIT', '-', 'Rusak Ringan', 'perolehan tahun 2010'),
(317, 47, 'Ruang foto SIM		T.  104 M2', '1 UNIT', '-', 'Baik', 'perolehan tahun 2012'),
(318, 47, 'Kantor Polsek Praya		T. 170 M2', '1 UNIT', '-', 'Baik', 'perolehan tahun 2004'),
(319, 47, 'Mushalla Polsek Praya		T. 54 M2', '1 UNIT', '-', 'Baik', 'perolehan tahun 2007'),
(320, 47, 'Gedung Kantor Polsek Pujut		T. 170 M2', '1 UNIT', '-', 'Rusak Ringan', 'perolehan tahun 2007'),
(321, 47, 'Gedung Kantor Polsek Praya Tengah		T. 170 M2', '1 UNIT', '-', 'Baik', 'perolehan tahun 2014'),
(322, 47, 'Gedung Kantor Polsek Praya Barat Daya		T. 170 m2', '1 UNIT', '-', 'Baik', 'perolehan tahun 2011'),
(323, 47, 'Gedung Kantor Polsek Praya Barat		T. 127 M2', '1 UNIT', '-', 'Baik', 'perolehan tahun 2000'),
(324, 47, 'Pos Pol Selong Blanak		T. 132 M2', '1 UNIT', '-', 'Baik', 'perolehan tahun 2012'),
(325, 47, 'Pos Pol Batujai		T. 20 M2', '1 UNIT', '-', 'Baik', 'perolehan tahun 2015'),
(326, 47, 'Gedung Kantor Polsek Praya Timur		T. 175 M2', '1 UNIT', '-', 'Rusak Ringan', 'perolehan tahun 1970'),
(327, 47, 'Gedung Kantor Polsek Janaparia		 T. 65 M2', '1 UNIT', '-', 'Rusak Ringan', 'perolehan tahun 1960'),
(328, 47, 'Pos Polisi Blongsong		T.  20 M2', '1 UNIT', '-', 'Baik', 'perolehan tahun 2015'),
(329, 47, 'Gedung Kantor Polsek Kopang		 T. 620 M2', '1 UNIT', '-', 'Baik', 'perolehan tahun 2019'),
(330, 47, 'Gedung Kantor Polsek  Batu Kliang		T. 137 M2', '1 UNIT', '-', 'Rusak Ringan', 'perolehan tahun 1960'),
(331, 47, 'Gedung Kantor Polsek batukliang Utara		T. 170 M2', '1 UNIT', '-', 'Baik', 'perolehan tahun 2005'),
(332, 47, 'Gedung Kantor Polsek Pringgarata		T.  209 M2', '1 UNIT', '-', 'Rusak Ringan', 'perolehan tahun 1960'),
(333, 47, 'Pos Pol Bagu		T. 97 M2', '1 UNIT', '-', 'Rusak Berat', 'perolehan tahun 1980'),
(334, 47, 'Gedung Kantor Polsek Jonggat		T.  141 M2', '1 UNIT', '-', 'Baik', 'perolehan tahun 1960'),
(335, 47, 'Pos Pol Labulia		T. 36 M2', '1 UNIT', '-', 'Baik', 'perolehan tahun 2016'),
(336, 47, 'Gedung Kantor Polsek Kuta		T. 475 M2', '1 UNIT', '-', 'Baik', 'perolehan tahun 2021'),
(337, 47, 'Rumdin Kapolres		T. 184 M2', '1 UNIT', 'KAPOLRES LOTENG', 'Baik', 'perolehan tahun 1970'),
(338, 47, 'Rumdin Wakapolres		 T. 106 M2', '1 UNIT', '-', 'Rusak Ringan', 'perolehan tahun 1970'),
(339, 47, 'Rumdin (Laka)		T.  106 M2', '1 UNIT', 'UNIT LAKA LANTAS', 'Rusak Ringan', 'perolehan tahun 1930'),
(340, 47, 'Asrama Polres Loteng		T.  103 M2', '1 UNIT', 'ANGGOTA POLRES LOTENG', 'Rusak Ringan', 'perolehan tahun 1930'),
(341, 47, 'Asrama		T, 87 M2', '1 UNIT', 'ANGGOTA POLRES LOTENG', 'Rusak Ringan', 'perolehan tahun 1950'),
(342, 47, 'Rumdin Perwira blok A		 T. 252 M2', '1 UNIT', 'PAMA POLRES LOTENG', 'Rusak Ringan', 'perolehan tahun 1995'),
(343, 47, 'Rumdin Perwira blok B		T. 252 M2', '1 UNIT', 'PAMA POLRES LOTENG', 'Rusak Ringan', 'perolehan tahun 1995'),
(344, 47, 'Asrama  Polres Loteng		T. 232 M2', '1 UNIT', 'BINTARA POLRES LOTENG', 'Baik', 'perolehan tahun 1970'),
(345, 47, 'Asrama  Polres Loteng		T. 232 M2', '1 UNIT', 'BINTARA POLRES LOTENG', 'Baik', 'perolehan tahun 1970'),
(346, 47, 'Asrama  Polres Loteng		T. 232 M2', '1 UNIT', '-', 'Baik', 'perolehan tahun 1970'),
(347, 47, 'Asrama Bintara Polres Loteng		T. 112 M2', '1 UNIT', 'BINTARA POLRES LOTENG', 'Baik', 'perolehan tahun 1984'),
(348, 47, 'Asrama Bintara Polres Loteng		T. 112 M2', '1 UNIT', 'BINTARA POLRES LOTENG', 'Baik', 'perolehan tahun 1970'),
(349, 47, 'Asrama  Polres Loteng		T. 232 M2', '1 UNIT', 'BINTARA POLRES LOTENG', 'Baik', 'perolehan tahun 1970'),
(350, 47, 'Mess Perwira Polres Loteng		T. 2,000 M2', '1 UNIT', 'BINTARA POLSEK NARMADA', 'Baik', 'perolehan tahun 2004'),
(351, 47, 'Rumah Penjaga TK		T. 24 M2', '1 UNIT', 'PENJAGA TK', 'Baik', 'perolehan tahun 1970'),
(352, 47, 'Rumdin Kapolsek Praya		T.  80 M2', '1 UNIT', 'KAPOLSEK PRAYA', 'Baik', 'perolehan tahun 2004'),
(353, 47, 'Rumdin Polsek Praya		T. 152 M2', '1 UNIT', 'ANGGOTA POLSEK PRAYA', 'Baik', 'perolehan tahun 2004'),
(354, 47, 'Rumdin Polsek Praya		T. 152 M2', '1 UNIT', 'ANGGOTA POLSEK PRAYA', 'Baik', 'perolehan tahun 2004'),
(355, 47, 'Rumdin Polsek Praya		T. 152 M2', '1 UNIT', 'ANGGOTA POLSEK PRAYA', 'Baik', 'perolehan tahun 2004'),
(356, 47, 'Rumdin Bintara Polsek Pujut		T. 76 M2', '1 UNIT', 'BINTARA POLSEK PUJUT', 'Baik', 'perolehan tahun 2012'),
(357, 47, 'Rumdin Kapolsek Praya Tengah		T. 54 M2', '1 UNIT', 'KAPOLSEK PRAYA TENGAH', 'Baik', 'perolehan tahun 2015'),
(358, 47, 'Rumdin Polsek Praya Tengah		T. 152 M2', '1 UNIT', 'ANGGOTA POLSEK PRAYA TENGAH', 'Baik', 'perolehan tahun 2015'),
(359, 47, 'Rumdin Kapolsek Praya Barat Daya		T. 54 M2', '1 UNIT', 'KAPOLSEK PRAYA BARAT DAYA', 'Baik', 'perolehan tahun 2012'),
(360, 47, 'Rumdin Polsek Praya Barat Daya		T. 76 M2', '1 UNIT', 'ANGGOTA POLSEK PRAYA BARAT DAYA', 'Baik', 'perolehan tahun 2012'),
(361, 47, 'Rumdin Kapolsek Praya Barat		T. 70 M2', '1 UNIT', 'KAPOLSEK PRAYA BARAT', 'Rusak Ringan', 'perolehan tahun 2000'),
(362, 47, 'Rumdin Polsek Praya Barat		T. 102 M2', '1 UNIT', 'ANGGOTA POLSEK PRAYA BARAT', 'Rusak Berat', 'perolehan tahun 2000'),
(363, 47, 'Rumdin Kapolsek Praya Timur		T. 40 M2', '1 UNIT', 'KAPOLSEK PRAYA TIMUR', 'Rusak Ringan', 'perolehan tahun 1970'),
(364, 47, 'Rumdin Polsek Praya Timur		T.  52 M2', '1 UNIT', 'ANGGOTA POLSEK PRAYA TIMUR', 'Rusak Ringan', 'perolehan tahun 1999'),
(365, 47, 'Rumdin Polsek Praya Timur		T. 185 M2', '1 UNIT', 'ANGGOTA POLSEK PRAYA TIMUR', 'Rusak Berat', 'perolehan tahun 1999'),
(366, 47, 'Rumdin Polsek Janapria		T. 67 M2', '1 UNIT', 'ANGGOTA POLSEK JANAPRIA', 'Rusak Berat', 'perolehan tahun 1960'),
(367, 47, 'Rumdin Polsek Janapria		T. 36 M2', '2 UNIT', 'ANGGOTA POLSEK JANAPRIA', 'Rusak Ringan', 'perolehan tahun 2019'),
(368, 47, 'Rumdin BA Polsek Janapria		T. 40 M2', '1 UNIT', 'ANGGOTA POLSEK JANAPRIA', 'Rusak Berat', 'perolehan tahun 1960'),
(369, 47, 'Rumdin Kapolsek Kopang		T. 54 M2', '1 UNIT', 'KAPOLSEK KOPANG', 'Baik', 'perolehan tahun 2019'),
(370, 47, 'Rumdin Polsek Kopang		T. 159 M2', '1 UNIT', 'ANGGOTA POLSEK KOPANG', 'Rusak Berat', 'perolehan tahun 1962'),
(371, 47, 'Rumdin Polsek Batukliang		T. 65 M2', '1 UNIT', 'ANGGOTA POLSEK BATUKLIANG', 'Rusak Berat', 'perolehan tahun 1962'),
(372, 47, 'Rumdin Polsek Batukliang		T. 65 M2', '1 UNIT', 'ANGGOTA POLSEK BATUKLIANG', 'Rusak Ringan', 'perolehan tahun 1960'),
(373, 47, 'Rumdin Polsek Batukliang Utara		T. 54 M2', '1 UNIT', 'ANGGOTA POLSEK BATU KLIANG UTARA', 'Baik', 'perolehan tahun 2006'),
(374, 47, 'Rumdin Polsek Batukliang Utara		T. 38 M2', '4 UNIT', 'ANGGOTA POLSEK BATU KLIANG UTARA', 'Baik', 'perolehan tahun 2006'),
(375, 47, 'Rumdin Kapolsek Pringgarata		T. 54 M2', '1 UNIT', 'KAPOLSEK PRINGGARATA', 'Baik', 'perolehan tahun 2017'),
(376, 47, 'Rumdin Polsek Pringgarata		T. 38 M2', '4 UNIT', 'ANGGOTA POLSEK PRINGGARATA', 'Baik', 'perolehan tahun 2017'),
(377, 47, 'Rumdin Ba Polsek Jonggat		T. 99 M2', '1 UNIT', 'ANGGOTA POLSEK JONGGAT', 'Rusak Ringan', 'perolehan tahun 1960'),
(378, 47, 'Rumdin Kapolsek Jonggat		T.  99 M2', '1 UNIT', 'KAPOLSEK JONGGAT', 'Rusak Ringan', 'perolehan tahun 1960'),
(379, 47, 'Rusun Polsek Kuta 2 lantai		T. 648 M2', '1 UNIT', 'ANGGOTA POLSEK KUTA', 'Baik', 'perolehan tahun 2023'),
(380, 48, 'Gedung kantor Polres Lotim		T. 950 M2', '1 UNIT', '-', 'Rusak Ringan', 'perolehan tahun 1994'),
(381, 48, 'Poliklinik Polres Lotim		T. 103 M2', '1 UNIT', '-', 'Rusak Ringan', 'perolehan tahun 1969'),
(382, 48, 'Kantor Sat Reskrim Polres Lotim		T. 522 M2', '1 UNIT', '-', 'Baik', 'perolehan tahun 2001'),
(383, 48, 'Kantor Logistik Polres Lotim		T.  88 M2', '1 UNIT', '-', 'Baik', 'perolehan tahun 2001'),
(384, 48, 'Kantor Sat Lantas Polres Lotim		T. 447 M2', '1 UNIT', '-', 'Rusak Ringan', 'perolehan tahun 1950'),
(385, 48, 'Gedung Dharma Bhayangkara Res Lotim		 T. 300 M2', '1 UNIT', '-', 'Baik', 'perolehan tahun 1996'),
(386, 48, 'Gedung Pelayanan Satu Pintu Res Lotim		T. 4,160 M2', '1 UNIT', '-', 'Baik', 'perolehan tahun 2024'),
(387, 48, 'Pertokoan/koperasi Polres Lotim		T. 40 M2', '1 UNIT', '-', 'Rusak Ringan', 'perolehan tahun 2008'),
(388, 48, 'TK Bhayangkari Polres Lotim		T. 160 M2', '1 UNIT', '-', 'Baik', 'perolehan tahun 1966'),
(389, 48, 'Garasi Polres lotim		T. 100 M2', '1 UNIT', '-', 'Rusak Ringan', 'perolehan tahun 2004'),
(390, 48, 'Garasi Polres lotim		T. 60 M2', '1 UNIT', '-', 'Baik', 'perolehan tahun 2008'),
(391, 47, 'Garasi Polres lotim		T. 105 M2', '1 UNIT', '-', 'Baik', 'perolehan tahun 2008'),
(392, 48, 'Penjagaan dan SPKT Polres Lotim		 T. 40 M2', '1 UNIT', '-', 'Baik', 'perolehan tahun 2009'),
(393, 48, 'Garasi Polres Lotim		T. 170 M2', '1 UNIT', '-', 'Baik', 'perolehan tahun 2014'),
(394, 48, 'Ruang Uji Simulator SIM		 ', '1 UNIT', '-', 'Baik', 'perolehan tahun 2013'),
(395, 48, 'Masjid Polres Lotim		 T. 378 M2', '1 UNIT', '-', 'Rusak Ringan', 'perolehan tahun 1964'),
(396, 48, 'Mushalla Polres Lotim		T. 48 M2', '1 UNIT', '-', 'Baik', 'perolehan tahun 1996'),
(397, 48, 'Gereja Polres Lotim		T. 148 M2', '1 UNIT', '-', 'Baik', 'perolehan tahun 1964'),
(398, 48, 'Pura Polres Lotim		LUAS  100 M2', '1 UNIT', '-', 'Rusak Ringan', 'perolehan tahun 1964'),
(399, 48, 'Lapangan Tenis Polres Lotim		 LUAS 72 M2', '1 UNIT', '-', 'Rusak Ringan', 'perolehan tahun 1996'),
(400, 48, 'Lapangan Volly Polres Lotim		LUAS  50 M2', '1 UNIT', '-', 'Rusak Ringan', 'perolehan tahun 1971'),
(401, 48, ' Gedung Kantor Polsek Sembalun 		T.  170 M2', '1 UNIT', '-', 'Baik', 'perolehan tahun 2005'),
(402, 48, ' Gedung Kantor Polsek Sembalun Lama 		T.  54 M2', '1 UNIT', '-', 'Rusak Ringan', 'perolehan tahun 2000'),
(403, 48, ' Gedung Kantor Polsek Suela 		T. 170 M2', '1 UNIT', '-', 'Baik', 'perolehan tahun 2014'),
(404, 48, ' Gedung Kantor Polsek Terara 		T. 63 M2', '1 UNIT', '-', 'Baik', 'perolehan tahun 1971'),
(405, 48, ' Mushalla Polsek Terara 		LUAS  24 M2', '1 UNIT', '-', 'Baik', 'perolehan tahun 2002'),
(406, 48, ' Gedung Kantor Polsek Sikur 		T. 113 M2', '1 UNIT', '-', 'Rusak Ringan', 'perolehan tahun 1973'),
(407, 48, ' Gedung Kantor Polsek Masbagik 		T. 178 M2', '1 UNIT', '-', 'Baik', 'perolehan tahun 1964'),
(408, 48, ' Musholla Polsek Masbagik 		T. 24 M2', '1 UNIT', '-', 'Baik', 'perolehan tahun 2001'),
(409, 48, ' Gedung Kantor Polsek Aik Mel 		T. 75 M2', '1 UNIT', '-', 'Rusak Ringan', 'perolehan tahun 1971'),
(410, 48, ' Musholla Polsek Aik Mel 		T. 20 M2', '1 UNIT', '-', 'Baik', 'perolehan tahun 1999'),
(411, 48, ' Gedung Kantor Polsek Pringgabaya 		T. 620 M2', '1 UNIT', '-', 'Baik', 'perolehan tahun 2019'),
(412, 48, ' Musholla Polsek Pringgabaya 		 T. 169 M2', '1 UNIT', '-', 'Baik', 'perolehan tahun 2001'),
(413, 48, ' Polsek KP3 Kayangan  		T.  96 M2', '1 UNIT', '-', 'Rusak Ringan', 'perolehan tahun 1991'),
(414, 48, ' Gedung Kantor Polsek Sambelia 		T. 125 M2', '1 UNIT', '-', 'Baik', 'perolehan tahun 1992'),
(415, 48, ' Gedung Kantor Polsek Sambelia Lama 		T. 80 M2', '1 UNIT', '-', 'Baik', 'perolehan tahun 1971'),
(416, 48, ' Gedung Kantor Polsek Sukamulia 		T. 59 M2', '1 UNIT', '-', 'Rusak Ringan', 'perolehan tahun 1971'),
(417, 48, ' Gedung Kantor Polsek Sakra 		T.  75 M2', '1 UNIT', '-', 'Baik', 'perolehan tahun 1971'),
(418, 48, ' Musholla Polsek Sakra 		T. 100 M2', '1 UNIT', '-', 'Baik', 'perolehan tahun 2002'),
(419, 48, ' Gedung Kantor Polsek Keruak 		T. 113 M2', '1 UNIT', '-', 'Rusak Ringan', 'perolehan tahun 1971'),
(420, 48, ' Musholla Polsek Keruak 		T. 24 M2', '1 UNIT', '-', 'Baik', 'perolehan tahun 2002'),
(421, 48, ' Gedung Kantor Polsek Montong Gading 		T. 170 M2', '1 UNIT', '-', 'Baik', 'perolehan tahun 2014'),
(422, 48, ' Gedung Kantor Polsek Labuhan Haji 		T. 352 M2', '1 UNIT', '-', 'Baik', 'perolehan tahun 1966'),
(423, 48, ' Gedung Kantor Polsek Labuhan Haji 		T. 143 M2', '1 UNIT', '-', 'Baik', 'perolehan tahun 1995'),
(424, 48, ' Gedung Kantor Polsek Jerowaru 		T. 170 M2', '1 UNIT', '-', 'Baik', 'perolehan tahun 2007'),
(425, 48, ' Pos Pol Pene 		T. 54 M2', '1 UNIT', '-', 'Baik', 'perolehan tahun 1998'),
(426, 48, ' Gedung Kantor Polsek Sakra Timur 		T. 170 M2', '1 UNIT', '-', 'Baik', 'perolehan tahun 2018'),
(427, 48, ' Gedung Kantor Polsek Sakra Barat 		T 170 M2', '1 UNIT', '-', 'Baik', 'perolehan tahun 2013'),
(428, 48, ' Gedung Kantor Polsek Selong 		T. 170 M2', '1 UNIT', '-', 'Baik', 'perolehan tahun 2017'),
(429, 48, ' Polsek Suralaga 		T.  305 M2', '1 UNIT', '-', 'Baik', 'perolehan tahun 2020'),
(430, 48, ' Polsek Wanasaba 		T. 192 M2', '1 UNIT', '-', 'Baik', 'perolehan tahun 2018'),
(431, 48, ' Gedung Kantor Polsubsektor Kuwang Wai 		T. 121 M2', '1 UNIT', '-', 'Baik', 'perolehan tahun 2023'),
(432, 48, 'Rumjab Kapolres Lotim		 T. 203 M2', '1 UNIT', 'KAPOLRES LOTIM', 'Rusak Ringan', 'perolehan tahun 1950'),
(433, 48, 'Rumjab Wakapolres Lotim	T.	 161 M2', '1 UNIT', 'WAKAPOLRES LOTIM', 'Rusak Ringan', 'perolehan tahun 1950'),
(434, 48, 'Rumdin Kabag Ops	T.	 222 	 M2\' ', '1 UNIT', 'KABAG OPS POLRES LOTIM', 'Rusak Ringan', 'perolehan tahun 1950'),
(435, 48, 'Rumdin Kabag Min Polres Lotim	T.	 222 	 M2\' ', '1 UNIT', 'KABAG MIN/SDM POLRES LOTIM', 'Rusak Ringan', 'perolehan tahun 1950'),
(436, 48, 'Rumdin Kasat  Polres Lotim	T.	 175 	 M2\' ', '4 UNIT', 'KASAT POLRES LOTIM', 'Rusak Ringan', 'perolehan tahun 1950'),
(437, 48, 'Rumdin Kasat Intelkam Polres Lantas	T.	 161 	 M2\' ', '1 UNIT', 'KASAT INTEL RES LOTIM', 'Rusak Ringan', 'perolehan tahun 1950'),
(438, 48, 'Rumdin Polres Lotim	T.	 347 	 M2\' ', '1 UNIT', 'ANGGOTA RES LOTIM', 'Rusak Ringan', 'perolehan tahun 1950'),
(439, 48, 'Rumdin Polres Lotim	T.	 243 	 M2\' ', '1 UNIT', 'ANGGOTA RES LOTIM', 'Rusak Ringan', 'perolehan tahun 1950'),
(440, 48, 'Rumdin Polres Lotim	T.	 48 	 M2\' ', '1 UNIT', 'ANGGOTA RES LOTIM', 'Rusak Ringan', 'perolehan tahun 1965'),
(441, 48, 'Rumdin Polres Lotim	T.	 36 	 M2\' ', '1 UNIT', 'ANGGOTA RES LOTIM', 'Rusak Ringan', 'perolehan tahun 1980'),
(442, 48, 'Rumdin Polres Lotim	T.	 203 	 M2\' ', '2 UNIT', 'ANGGOTA RES LOTIM', 'Rusak Ringan', 'perolehan tahun 1950'),
(443, 48, 'Rumdin Polres Lotim	T.	 198 	 M2\' ', '1 UNIT', 'ANGGOTA RES LOTIM', 'Rusak Ringan', 'perolehan tahun 1950'),
(444, 48, 'Rumdin Polres Lotim	T.	 421 	 M2\' ', '3 UNIT', 'ANGGOTA RES LOTIM', 'Rusak Ringan', 'perolehan tahun 1950'),
(445, 48, 'Rumdin Polres Lotim	T.	 372 	 M2\' ', '2 UNIT', 'ANGGOTA RES LOTIM', 'Rusak Ringan', 'perolehan tahun 1985'),
(446, 48, 'Rumdin Polres Lotim	T.	 347 	 M2\' ', '1 UNIT', 'ANGGOTA RES LOTIM', 'Rusak Ringan', 'perolehan tahun 1950'),
(447, 48, 'Rumdin Polres Lotim	T.	 243 	 M2\' ', '1 UNIT', 'ANGGOTA RES LOTIM', 'Rusak Ringan', 'perolehan tahun 1950'),
(448, 48, 'Rumdin Polres Lotim	T.	 203 	 M2\' ', '2 UNIT', 'ANGGOTA RES LOTIM', 'Rusak Ringan', 'perolehan tahun 1950'),
(449, 48, 'Rumdin Polres Lotim	T.	 198 	 M2\' ', '1 UNIT', 'ANGGOTA RES LOTIM', 'Rusak Ringan', 'perolehan tahun 1950'),
(450, 48, 'Barak UPS Samapta	T.	 525 	 M2\' ', '1 UNIT', 'ANGGOTA RES LOTIM', 'Baik', 'perolehan tahun 2015'),
(451, 48, 'Barak Siswa	T.	 103 	 M2\' ', '1 UNIT', 'ANGGOTA RES LOTIM', 'Rusak Ringan', 'perolehan tahun 1950'),
(452, 48, 'Rumdin Polsek Sembalun	T.	 54 	 M2\' ', '1 UNIT', 'ANGGOTA POLSEK SEMBALUN', 'Baik', 'perolehan tahun 2006'),
(453, 48, 'Rumdin Polsek Sembalun	T.	 38 	 M2\' ', '2 UNIT', 'ANGGOTA POLSEK SEMBALUN', 'Baik', 'perolehan tahun 2006'),
(454, 48, ' Rumdin Polsek Terara 	T.	 220 	 M2\' ', '2 UNIT', 'ANGGOTA POLSEK TERARA', 'Rusak Ringan', 'perolehan tahun 1971'),
(455, 48, ' Rumdin Polsek Terara 	T.	 57 	 M2\' ', '1 UNIT', 'ANGGOTA POLSEK TERARA', 'Baik', 'perolehan tahun 1971'),
(456, 48, ' Rumdin Polsek Sikur 	T.	 92 	 M2\' ', '2 UNIT', 'ANGGOTA POLSEK SIKUR', 'Rusak Ringan', 'perolehan tahun 1971'),
(457, 48, ' Rumdin Polsek Sikur 	T.	 56 	 M2\' ', '2 UNIT', 'ANGGOTA POLSEK SIKUR', 'Baik', 'perolehan tahun 2001'),
(458, 48, ' Rumdin Polsek Sikur 	T.	 47 	 M2\' ', '2 UNIT', 'ANGGOTA POLSEK SIKUR', 'Rusak Ringan', 'perolehan tahun 1971'),
(459, 48, ' Rumdin Polsek Masbagik 	T.	 329 	 M2\' ', '2 UNIT', 'ANGGOTA POLSEK MASBAGIK', 'Rusak Ringan', 'perolehan tahun 1964'),
(460, 48, ' Rumdin Polsek Masbagik 	T.	 219 	 M2\' ', '2 UNIT', 'ANGGOTA POLSEK MASBAGIK', 'Rusak Ringan', 'perolehan tahun 1964'),
(461, 48, ' Rumdin Polsek Masbagik 	T.	 110 	 M2\' ', '2 UNIT', 'ANGGOTA POLSEK MASBAGIK', 'Rusak Ringan', 'perolehan tahun 1964'),
(462, 48, ' Rumdin Polsek Masbagik 	T.	 90 	 M2\' ', '1 UNIT', 'ANGGOTA POLSEK MASBAGIK', 'Rusak Berat', 'perolehan tahun 1964');
INSERT INTO `bangunan` (`id_bangunan`, `id_satker`, `gedung`, `unit`, `penghuni`, `kondisi`, `ket`) VALUES
(463, 48, ' Rumdin Polsek Masbagik 	T.	 36 	 M2\' ', '2 UNIT', 'ANGGOTA POLSEK MASBAGIK', 'Baik', 'perolehan tahun 2019'),
(464, 48, ' Rusus Polsek Masbagik 	T.	 45 	 M2\' ', '1 UNIT', 'ANGGOTA POLSEK MASBAGIK', 'Baik', 'perolehan tahun 2016'),
(465, 48, ' Rusus Polsek Masbagik 	T.	 36 	 M2\' ', '1 UNIT', 'ANGGOTA POLSEK MASBAGIK', 'Baik', 'perolehan tahun 2016'),
(466, 48, ' Rumdin Polsek Aik Mel 	T.	 153 	 M2\' ', '2 UNIT', 'ANGGOTA POLSEK MASBAGIK', 'Rusak Berat', 'perolehan tahun 1971'),
(467, 48, ' Rumdin Polsek Aik Mel 	T.	 60 	 M2\' ', '2 UNIT', 'ANGGOTA POLSEK MASBAGIK', 'Baik', 'perolehan tahun 1999'),
(468, 48, ' Rumdin Polsek Aik Mel 	T.	 57 	 M2\' ', '1 UNIT', 'ANGGOTA POLSEK AIK MEL', 'Rusak Berat', 'perolehan tahun 1971'),
(469, 48, ' Rumdin Polsek Pringgabaya 	T.	 219 	 M2\' ', '1 UNIT', 'ANGGOTA PRINGGABAYA', 'Rusak Ringan', 'perolehan tahun 1964'),
(470, 48, ' Rumdin Polsek Pringgabaya 	T.	 219 	 M2\' ', '1 UNIT', 'ANGGOTA POLSEK PRINGABAYA', 'Rusak Ringan', 'perolehan tahun 1991'),
(471, 48, ' Rumdin Polsek Pringgabaya 	T.	 219 	 M2\' ', '1 UNIT', 'ANGGOTA POLSEK PRINGABAYA', 'Rusak Ringan', 'perolehan tahun 1964'),
(472, 48, ' Rumdin Polsek Pringgabaya 	T.	 110 	 M2\' ', '2 UNIT', 'ANGGOTA POLSEK PRINGABAYA', 'Rusak Ringan', 'perolehan tahun 1964'),
(473, 48, ' Rumdin Polsek Pringgabaya 	T.	 54 	 M2\' ', '1 UNIT', 'ANGGOTA POLSEK PRINGABAYA', 'Baik', 'perolehan tahun 2019'),
(474, 48, ' Rumdin Polsek Sambelia 	T.	 102 	 M2\' ', '1 UNIT', 'ANGGOTA POLSEK SAMBALIA', 'Rusak Berat', 'perolehan tahun 1971'),
(475, 48, ' Rumdin Polsek Sambelia 	T.	 56 	 M2\' ', '1 UNIT', 'ANGGOTA POLSEK SAMBALIA', 'Rusak Berat', 'perolehan tahun 1971'),
(476, 48, ' Rumdin Polsek Sambelia 	T.	 54 	 M2\' ', '1 UNIT', 'ANGGOTA POLSEK SAMBALIA', 'Rusak Ringan', 'perolehan tahun 1992'),
(477, 48, ' Rumdin Polsek Sambelia 	T.	 38 	 M2\' ', '1 UNIT', 'ANGGOTA POLSEK SAMBALIA', 'Baik', 'perolehan tahun 1992'),
(478, 48, ' Rumdin Polsek Sukamulia 	T.	 185 	 M2\' ', '2 UNIT', 'ANGGOTA POLSEK SUKAMULIA', 'Rusak Berat', 'perolehan tahun 1971'),
(479, 48, ' Rumdin Polsek Sukamulia 	T.	 63 	 M2\' ', '1 UNIT', 'ANGGOTA POLSEK SUKAMULIA', 'Rusak Ringan', 'perolehan tahun 1971'),
(480, 48, ' Rumdin Polsek Sakra 	T.	 139 	 M2\' ', '1 UNIT', 'ANGGOTA POLSEK SAKRA', 'Rusak Ringan', 'perolehan tahun 2002'),
(481, 48, ' Rumdin Polsek Sakra 	T.	 71 	 M2\' ', '1 UNIT', 'ANGGOTA POLSEK SAKRA', 'Rusak Ringan', 'perolehan tahun 1971'),
(482, 48, ' Rumdin Polsek Keruak 	T.	 189 	 M2\' ', '1 UNIT', 'ANGGOTA POLSEK KERUAK', 'Rusak Ringan', 'perolehan tahun 2002'),
(483, 48, ' Rumdin Polsek Keruak 	T.	 189 	 M2\' ', '1 UNIT', 'ANGGOTA POLSEK KERUAK', 'Rusak Ringan', 'perolehan tahun 1971'),
(484, 48, ' Rumdin Polsek Keruak 	T.	 47 	 M2\' ', '2 UNIT', 'ANGGOTA POLSEK KERUAK', 'Rusak Ringan', 'perolehan tahun 1971'),
(485, 48, ' Rumdin Polsek Labuhan Haji 	T.	 190 	 M2\' ', '2 UNIT', 'ANGGOTA POLSEK LABUAN HAJI', 'Rusak Ringan', 'perolehan tahun 1966'),
(486, 48, ' Rumdin Polsek Labuhan Haji 	T.	 352 	 M2\' ', '2 UNIT', 'ANGGOTA POLSEK LABUAN HAJI', 'Baik', 'perolehan tahun 1995'),
(487, 48, ' Rumdin Polsek Labuhan Haji 	T.	 54 	 M2\' ', '1 UNIT', 'ANGGOTA POLSEK LABUAN HAJI', 'Baik', 'perolehan tahun 1995'),
(488, 48, ' Rumdin Polsek Labuhan Haji 	T.	 54 	 M2\' ', '1 UNIT', 'ANGGOTA POLSEK LABUAN HAJI', 'Baik', 'perolehan tahun 2015'),
(489, 48, ' Rumdin Polsek Jerowaru 	T.	 38 	 M2\' ', '1 UNIT', 'ANGGOTA POLSEK JEROWARU', 'Baik', 'perolehan tahun 2014'),
(490, 48, ' Rumdin Polsek Sakra Timur 	T.	 38 	 M2\' ', '1 UNIT', 'ANGGOTA POLSEK SAKRA TIMUR', 'Baik', 'perolehan tahun 2017'),
(491, 48, ' Rumdin Polsek Sakra Timur 	T.	 54 	 M2\' ', '1 UNIT', 'ANGGOTA POLSEK SAKRA TIMUR', 'Baik', 'perolehan tahun 2018'),
(492, 48, ' Rumdin Polsek Sakra Barat 	T.	 54 	 M2\' ', '1 UNIT', 'ANGGOTA POLSEK SAKRA BARAT', 'Baik', 'perolehan tahun 2018'),
(493, 48, ' Rumdin Polsek Sakra Barat 	T.	 38 	 M2\' ', '1 UNIT', 'ANGGOTA POLSEK SAKRA BARAT', 'Baik', 'perolehan tahun 2018'),
(494, 48, ' Rumdin Polsek Selong 	T.	 54 	 M2\' ', '1 UNIT', 'ANGGOTA POLSEK SELONG', 'Baik', 'perolehan tahun 2018'),
(495, 48, ' Rumdin Polsek Selong 	T.	 38 	 M2\' ', '1 UNIT', 'ANGGOTA POLSEK SELONG', 'Baik', 'perolehan tahun 2018'),
(496, 48, ' Rumdin Polsek Suralaga 	T.	 54 	 M2\' ', '1 UNIT', 'ANGGOTA POLSEK SURALAGA', 'Baik', 'perolehan tahun 2018'),
(497, 48, ' Rumdin Polsek Suralaga 	T.	 38 	 M2\' ', '1 UNIT', 'ANGGOTA POLSEK SURALAGA', 'Baik', 'perolehan tahun 2018'),
(498, 48, ' Rumdin Polsek Wanasaba 	T.	 54 	 M2\' ', '1 UNIT', 'ANGGOTA UNIT WANASABA', 'Baik', 'perolehan tahun 2018'),
(499, 48, ' Rumdin Polsek Wanasaba 	T.	 38 	 M2\' ', '1 UNIT', 'ANGGOTA POLSEK WANASABA', 'Baik', 'perolehan tahun 2018'),
(500, 49, 'Gedung Kantor Polres Sumbawa Barat	T.	 930 	 M2\' ', '1 UNIT', '-', 'Baik', 'perolehan tahun 2009'),
(501, 49, 'Gedung BKPM Polres Sumbawa Barat	T.	 45 	 M2\' ', '1 UNIT', '-', 'Baik', 'perolehan tahun 1966'),
(502, 49, 'Gedung pelayanan Publik 	T.	 600 	 M2\' ', '1 UNIT', '-', 'Baik', 'perolehan tahun 2018'),
(503, 49, 'Kantor Resnarkoba	T.	 91 	 M2\' ', '1 UNIT', '-', 'Baik', 'perolehan tahun 2012'),
(504, 49, 'Gedung SPKT Polres Sumbawa Barat	T.	 60 	 M2\' ', '1 UNIT', '-', 'Baik', 'perolehan tahun 2012'),
(505, 49, 'Poliklinik Bhayangkara Polres Sbw Barat	T.	 306 	 M2\' ', '1 UNIT', '-', 'Baik', 'perolehan tahun 2024'),
(506, 49, 'Masjid Polres Sumbawa Barat 	T.	 154 	 M2\' ', '1 UNIT', '-', 'Baik', 'perolehan tahun 1999'),
(507, 49, 'Pura Polres Sumbawa Barat	T.	 84 	 M2\' ', '1 UNIT', '-', 'Baik', 'perolehan tahun 2008'),
(508, 49, 'Gereja Polres Sumbawa Barat	T.	 48 	 M2\' ', '1 UNIT', '-', 'Baik', 'perolehan tahun 2008'),
(509, 49, 'Pagar Pembatas Mako Polres Sumbawa Barat	T.	 100 	 M2\' ', '1 UNIT', '-', 'Baik', 'perolehan tahun 2024'),
(510, 49, 'Gedung Kantor Polsek Brang Rea	T.	 170 	 M2\' ', '1 UNIT', '-', 'Baik', 'perolehan tahun 2006'),
(511, 49, 'Pagar Pembatas Mako Polsek Brang Rea	T.	 50 	 M2\' ', '1 UNIT', '-', 'Baik', 'perolehan tahun 2024'),
(512, 49, 'Pagar Pembatas Mako Polsek Seteluk	T.	 50 	 M2\' ', '1 UNIT', '-', 'Baik', 'perolehan tahun 2024'),
(513, 49, 'Gedung Kantor Polsek Sekongkang	T.	 475 	 M2\' ', '1 UNIT', '-', 'Baik', 'perolehan tahun 2012'),
(514, 49, 'Gedung Kantor Polsek Brang Maluk	T.	 396 	 M2\' ', '1 UNIT', '-', 'Baik', 'perolehan tahun 1999'),
(515, 49, 'Mushalla Polsek Maluk	T.	 100 	 M2\' ', '1 UNIT', '-', 'Baik', 'perolehan tahun 1999'),
(516, 49, 'Gedung pertemuan Polsek Maluk	T.	 150 	 M2\' ', '1 UNIT', '-', 'Rusak Ringan', 'perolehan tahun 1999'),
(517, 49, 'Gedung Kantor Polsek Taliwang	T.	 42 	 M2\' ', '1 UNIT', '-', 'Baik', 'perolehan tahun 1975'),
(518, 49, 'Gedung Kantor Polsek Jereweh	T.	 42 	 M2\' ', '1 UNIT', '-', 'Rusak Ringan', 'perolehan tahun 1971'),
(519, 49, 'Gedung Kantor Polsek Tano	T.	 305 	 M2\' ', '1 UNIT', '-', 'Baik', 'perolehan tahun 2019'),
(520, 49, 'Rumjab Kapolres	T.	 90 	 M2\' ', '1 UNIT', 'KAPOLRES KSB', 'Baik', 'perolehan tahun 2006'),
(521, 49, 'Rumjab Wakapolres	T.	 70 	 M2\' ', '1 UNIT', 'WK POLRES KSB', 'Baik', 'perolehan tahun 2007'),
(522, 49, 'Rumdin Perwira Polres Sumbawa Barat	T.	 36 	 M2\' ', '4 UNIT', 'PERWIRA POLRES KSB', 'Baik', 'perolehan tahun 2007'),
(523, 49, 'Rusun	T.	 1,440 	 M2\' ', '1 UNIT', 'ANGGOTA POLRES KSB', 'Baik', 'perolehan tahun 2019'),
(524, 49, 'Rumdin Anggota  Polres Sumbawa Barat	T.	 7 	 M2\' ', '60 UNIT', 'ANGGOTA POLRES KSB', 'Baik', 'perolehan tahun 2011'),
(525, 49, 'Rumdin Kapolsek Brang Rea	T.	 54 	 M2\' ', '1 UNIT', 'KAPOLSEK BRANG REA', 'Baik', 'perolehan tahun 2006'),
(526, 49, 'Rumdin Polsek Brang Rea	T.	 36 	 M2\' ', '1 UNIT', 'ANGGOTA POLSEK BRANG REA', 'Baik', 'perolehan tahun 2019'),
(527, 49, 'Rumdin Kapolsek Maluk	T.	 54 	 M2\' ', '1 UNIT', 'KAPOLSEK MALUK', 'Rusak Ringan', 'perolehan tahun 1999'),
(528, 49, 'Rumdin Polsek Maluk	T.	 45 	 M2\' ', '7 UNIT', 'ANGGOTA POLSEK MALUK', 'Baik', 'perolehan tahun 1999'),
(529, 49, 'Asrama Polsek Maluk	T.	 304 	 M2\' ', '1 UNIT', 'ANGGOTA POLSEK MALUK', 'Baik', 'perolehan tahun --'),
(530, 49, 'Rumdin Kapolsek Seteluk	T.	 54 	 M2\' ', '1 UNIT', 'KAPOLSEK SETELUK', 'Baik', 'perolehan tahun 2019'),
(531, 49, 'Rumdin Polsek seteluk	T.	 36 	 M2\' ', '4 UNIT', 'ANGGOTA POLSEK SETELUK', 'Baik', 'perolehan tahun 2019'),
(532, 49, 'Rumdin Polsek seteluk	T.	 36 	 M2\' ', '1 UNIT', 'ANGGOTA POLSEK SETELUK', 'Baik', 'perolehan tahun 2023'),
(533, 49, 'Asrama Polsek Taliwang	T.	 36 	 M2\' ', '1 UNIT', 'ANGGOTA POLSEK TALIWANG', 'Baik', 'perolehan tahun 1972'),
(534, 49, 'Asrama Polsek Taliwang	T.	 27 	 M2\' ', '1 UNIT', 'ANGGOTA POLSEK TALIWANG', 'Baik', 'perolehan tahun 1984'),
(535, 49, 'Asrama Polsek Jereweh	T.	 144 	 M2\' ', '1 UNIT', 'ANGGOTA POLSEK JEREWEH', 'Rusak Ringan', 'perolehan tahun 1971'),
(536, 49, 'Rumdin Polsek Tano	T.	 54 	 M2\' ', '1 UNIT', 'ANGGOTA POLSEK TANO', 'Baik', 'perolehan tahun 2019'),
(537, 49, 'Rumdin Polsek Tano	T.	 36 	 M2\' ', '1 UNIT', 'ANGGOTA POLSEK TANO', 'Baik', 'perolehan tahun 2019'),
(538, 50, 'Kantor Polres Sumbawa	T.	 2,100 	 M2\' ', '1 UNIT', '-', 'Baik', 'perolehan tahun 2023'),
(539, 50, 'Kantor Resnarkoba Polres Sumbawa	T.	 324 	 M2\' ', '1 UNIT', '-', 'Baik', 'perolehan tahun 2021'),
(540, 50, 'Kantor Lantas pelayanan SIM	T.	 386 	 M2\' ', '1 UNIT', '-', 'Rusak Ringan', 'perolehan tahun 1952'),
(541, 50, 'Poliklinik Polres Sumbawa	T.	 71 	 M2\' ', '1 UNIT', '-', 'Baik', 'perolehan tahun 2018'),
(542, 50, 'Koperasi 1	T.	 93 	 M2\' ', '1 UNIT', '-', 'Rusak Ringan', 'perolehan tahun 1990'),
(543, 50, 'Kantor Bhayangkari 2	T.	 65 	 M2\' ', '1 UNIT', '-', 'Rusak Ringan', 'perolehan tahun 1996'),
(544, 50, 'Ruang jaga TK	T.	 19 	 M2\' ', '1 UNIT', '-', 'Rusak Ringan', 'perolehan tahun 1996'),
(545, 50, 'Masjid	T.	 341 	 M2\' ', '1 UNIT', '-', 'Rusak Ringan', 'perolehan tahun 1982'),
(546, 50, 'Tk Bhayangkari	T.	 321 	 M2\' ', '1 UNIT', '-', 'Rusak Ringan', 'perolehan tahun 1974'),
(547, 50, 'Lap tenis	LUAS.	 661 	 M2\' ', '1 UNIT', '-', 'Rusak Ringan', 'perolehan tahun 1995'),
(548, 50, 'Gedung Kantor Polsek Alas Barat	T.	 305 	 M2\' ', '1 UNIT', '-', 'Baik', 'perolehan tahun 2019'),
(549, 50, 'Gedung Kantor Polsek Alas 	T.	 620 	 M2\' ', '1 UNIT', '-', 'Baik', 'perolehan tahun 2019'),
(550, 50, 'Mushalla Polsek Alas	T.	 69 	 M2\' ', '1 UNIT', '-', 'Rusak Ringan', 'perolehan tahun 1985'),
(551, 50, 'Gedung Kantor Polsek Buer	T.	 170 	 M2\' ', '1 UNIT', '-', 'Baik', 'perolehan tahun 2015'),
(552, 50, 'Gedung Kantor Polsek Utan	T.	 95 	 M2\' ', '1 UNIT', '-', 'Rusak Ringan', 'perolehan tahun 1971'),
(553, 50, 'Gedung Kantor Polsek Utan	T.	 21 	 M2\' ', '1 UNIT', '-', 'Rusak Ringan', 'perolehan tahun 1986'),
(554, 50, 'Gedung Kantor Polsek Rhee	T.	 170 	 M2\' ', '1 UNIT', '-', 'Baik', 'perolehan tahun 2013'),
(555, 50, 'Gedung Kantor Polsek Batu Lanteh	T.	 170 	 M2\' ', '1 UNIT', '-', 'Baik', 'perolehan tahun 2014'),
(556, 50, 'Gedung Kantor Polsek Moyo Hulu	T.	 269 	 M2\' ', '1 UNIT', '-', 'Rusak Ringan', 'perolehan tahun 1983'),
(557, 50, 'Gedung Kantor Polsek Moyo Hilir	T.	 269 	 M2\' ', '1 UNIT', '-', 'Rusak Ringan', 'perolehan tahun 1983'),
(558, 50, 'Gedung Kantor Polsubsektor Lenangguar	T.	 134 	 M2\' ', '1 UNIT', '-', 'Rusak Ringan', 'perolehan tahun 1971'),
(559, 50, 'Gedung Kantor Polsek Lunyuk	T.	 195 	 M2\' ', '1 UNIT', '-', 'Rusak Ringan', 'perolehan tahun 1971'),
(560, 50, 'Gedung Kantor Polsek Lape	T.	 140 	 M2\' ', '1 UNIT', '-', 'Rusak Ringan', 'perolehan tahun 1982'),
(561, 50, 'Gedung Kantor Polsek Pelampang	T.	 73 	 M2\' ', '1 UNIT', '-', 'Rusak Ringan', 'perolehan tahun 1971'),
(562, 50, 'Gedung Kantor Polsek Labangka	T.	 170 	 M2\' ', '1 UNIT', '-', 'Baik', 'perolehan tahun 2006'),
(563, 50, 'Gedung Kantor Polsek Empang	T.	 152 	 M2\' ', '1 UNIT', '-', 'Rusak Ringan', 'perolehan tahun 1971'),
(564, 50, 'Gedung  kantor Polsubsektor Badas	T.	 170 	 M2\' ', '1 UNIT', '-', 'Baik', 'perolehan tahun 2021'),
(565, 50, 'Gedung  kantor Polsubsektor Sumbawa	T.	 170 	 M2\' ', '1 UNIT', '-', 'Baik', 'perolehan tahun 2021'),
(566, 50, 'Gedung  kantor Polsubsektor Lantung	T.	 170 	 M2\' ', '1 UNIT', '-', 'Baik', 'perolehan tahun 2024'),
(567, 50, 'Rumdin Polres Sumbawa	T.	 71 	 M2\' ', '1 UNIT', 'KAPOLRES SUMBAWA', 'Baik', 'perolehan tahun 2018'),
(568, 50, 'Rumdin Polres Sumbawa	T.	 62 	 M2\' ', '10 UNIT', 'PERWIRA POLRES SUMBAWA', 'Baik', 'perolehan tahun 2018'),
(569, 50, 'Rusun Polres Sumbawa	T.	 1,080 	 M2\' ', '1 UNIT', 'ANGGOTA POLRES SUMBAWA', 'Baik', 'perolehan tahun 2021'),
(570, 50, 'Rumdin Kapolsek Alas Barat	T.	 54 	 M2\' ', '1 UNIT', 'KAPOLSEK ALAS BARAT', 'Baik', 'perolehan tahun 2019'),
(571, 50, 'Rumdin Polsek Alas Barat	T.	 45 	 M2\' ', '1 UNIT', 'ANGGOTA POLSEK ALAS BARAT', 'Baik', 'perolehan tahun 2018'),
(572, 50, 'Rumdin Polsek Alas Barat	T.	 38 	 M2\' ', '6 UNIT', 'ANGGOTA POLSEK ALAS BARAT', 'Baik', 'perolehan tahun 2018'),
(573, 50, 'Rumdin Polsek Alas Barat	T.	 36 	 M2\' ', '7 UNIT', 'ANGGOTA POLSEK ALAS BARAT', 'Baik', 'perolehan tahun 2019'),
(574, 50, 'Rumdin Kapolsek Alas	T.	 54 	 M2\' ', '1 UNIT', 'KAPOLSEK ALAS', 'Baik', 'perolehan tahun 2019'),
(575, 50, 'Rumdin Polsek Alas	T.	 45 	 M2\' ', '1 UNIT', 'ANGGOTA POLSEK ALAS', 'Baik', 'perolehan tahun 2019'),
(576, 50, 'Rumdin Polsek Alas	T.	 38 	 M2\' ', '5 UNIT', 'ANGGOTA POLSEK ALAS', 'Baik', 'perolehan tahun 2018'),
(577, 50, 'Rumdin Polsek Alas	T.	 36 	 M2\' ', '11 UNIT', 'ANGGOTA POLSEK ALAS', 'Baik', 'perolehan tahun 2019'),
(578, 50, 'Rumdin Polsek Buer	T.	 54 	 M2\' ', '1 UNIT', 'KAPOLSEK BUER', 'Baik', 'perolehan tahun 2017'),
(579, 50, 'Rumdin Polsek Buer	T.	 45 	 M2\' ', '1 UNIT', 'ANGGOTA POLSEK BUER', 'Baik', 'perolehan tahun 2017'),
(580, 50, 'Rumdin Polsek Buer	T.	 38 	 M2\' ', '8 UNIT', 'ANGGOTA POLSEK BUER', 'Baik', 'perolehan tahun 2018'),
(581, 50, 'Rumdin Polsek Rhee	T.	 54 	 M2\' ', '1 UNIT', 'KAPOLSEK RHEE', 'Baik', 'perolehan tahun 2018'),
(582, 50, 'Rumdin Polsek Moyo Hilir	T.	 54 	 M2\' ', '1 UNIT', 'KAPOLSEK MOYO HILIR', 'Baik', 'perolehan tahun 2018'),
(583, 50, 'Rumdin Polsek Moyo Hulu	T.	 54 	 M2\' ', '1 UNIT', 'KAPOLSEK MOYO HULU', 'Baik', 'perolehan tahun 2018'),
(584, 50, 'Rumdin Polsek Moyo Hulu	T.	 152 	 M2\' ', '1 UNIT', 'ANGGOTA POLSEK MOYO HULU', 'Rusak Ringan', 'perolehan tahun 1971'),
(585, 50, 'Rumdin Polsek Lunyuk	T.	 94 	 M2\' ', '1 UNIT', 'ANGGOTA POLSEK LUNYUK', 'Baik', 'perolehan tahun 1985'),
(586, 50, 'Rumdin Polsek Lunyuk	T.	 120 	 M2\' ', '1 UNIT', 'ANGGOTA POLSEK LUNYUK', 'Rusak Ringan', 'perolehan tahun 1971'),
(587, 50, 'Rumdin Polsek Lunyuk	T.	 150 	 M2\' ', '1 UNIT', 'ANGGOTA POLSEK LUNYUK', 'Rusak Ringan', 'perolehan tahun 1985'),
(588, 50, 'Rumdin Polsek Lape	T.	 110 	 M2\' ', '1 UNIT', 'ANGGOTA POLSEK LAPE', 'Baik', 'perolehan tahun 1982'),
(589, 50, 'Rumdin Polsek Lape	T.	 144 	 M2\' ', '1 UNIT', 'ANGGOTA POLSEK LAPE', 'Rusak Ringan', 'perolehan tahun 1971'),
(590, 50, 'Rumdin Polsek Pelampang	T.	 36 	 M2\' ', '1 UNIT', 'ANGGOTA POLSEK PLAMPANG', 'Baik', 'perolehan tahun 2019'),
(591, 50, 'Rumdin Polsek Pelampang	T.	 97 	 M2\' ', '1 UNIT', 'ANGGOTA POLSEK PLAMPANG', 'Baik', 'perolehan tahun 1971'),
(593, 50, 'Rumdin Polsek Labangka	T.	 38 	 M2\' ', '4 UNIT', 'ANGGOTA POLSEK LABANGKA', 'Baik', 'perolehan tahun 2018'),
(594, 50, 'Rumdin Polsek Labangka	T.	 45 	 M2\' ', '1 UNIT', 'ANGGOTA POLSEK LABANGKA', 'Baik', 'perolehan tahun 2017'),
(595, 50, 'Rumdin Polsek Labangka	T.	 54 	 M2\' ', '1 UNIT', 'KAPOLSEK LABANGKA', 'Baik', 'perolehan tahun 2017'),
(596, 50, 'Rumdin Polsek Empang	T.	 36 	 M2\' ', '1 UNIT', 'ANGGOTA POLSEK EMPANG', 'Baik', 'perolehan tahun 2019'),
(597, 50, 'Rumdin Polsek Empang	T.	 144 	 M2\' ', '1 UNIT', 'ANGGOTA POLSEK EMPANG', 'Rusak Ringan', 'perolehan tahun 1984'),
(598, 50, 'Rumdin Polsek Empang	T.	 117 	 M2\' ', '1 UNIT', 'ANGGOTA POLSEK EMPANG', 'Rusak Ringan', 'perolehan tahun 1984'),
(599, 50, 'Rumdin Polsek Empang	T.	 162 	 M2\' ', '1 UNIT', 'ANGGOTA POLSEK EMPANG', 'Rusak Ringan', 'perolehan tahun 1984'),
(600, 50, 'Rumdin Polsek Utan	T.	 64 	 M2\' ', '1 UNIT', 'KAPOLSEK UTAN', 'Baik', 'perolehan tahun 2006'),
(601, 50, 'Rumdin Polsek Batu Lanteh 	T.	 162 	 M2\' ', '1 UNIT', 'ANGGOTA POLSEK LANTEH', 'Rusak Ringan', 'perolehan tahun 1971'),
(602, 50, 'Rumdin Polsek Ropang	T.	 198 	 M2\' ', '1 UNIT', 'ANGGOTA POLSEK ROPANG', 'Baik', 'perolehan tahun 1971'),
(603, 51, 'Gedung Kantor Polres Dompu	T.	 975 	 M2\' ', '1 UNIT', '-', 'Baik', 'perolehan tahun 1982'),
(604, 51, 'Kantor Propam Polres Dompu	T.	 200 	 M2\' ', '1 UNIT', '-', 'Rusak Berat', 'perolehan tahun 2000'),
(605, 51, 'Kantor Sat Reskrim Polres Dompu	T.	 213 	 M2\' ', '1 UNIT', '-', 'Rusak Berat', 'perolehan tahun 2007'),
(606, 51, 'Kantor Sat Intelkam Polres Dompu	T.	 200 	 M2\' ', '1 UNIT', '-', 'Rusak Berat', 'perolehan tahun 2000'),
(607, 51, 'Ruang Uji Sim Polres Dompu	T.	 36 	 M2\' ', '1 UNIT', '-', 'Baik', 'perolehan tahun 2010'),
(608, 51, 'Kantor Lantas	T.	 70 	 M2\' ', '1 UNIT', '-', 'Baik', 'perolehan tahun 2000'),
(609, 51, 'Aula Polres Dompu	T.	 184 	 M2\' ', '1 UNIT', '-', 'Baik', 'perolehan tahun 2011'),
(610, 51, 'Kopersi, TK, Poliklinik, Bhayangkari	T.	 265 	 M2\' ', '1 UNIT', '-', 'Baik', 'perolehan tahun 2014'),
(611, 51, 'Gudang BB Lantas Res Dompu 	T.	 30 	 M2\' ', '1 UNIT', '-', 'Rusak Berat', 'perolehan tahun 2000'),
(612, 51, 'Unit PPA, Tipiter, Tipikor Reskrim  Polres Dompu	T.	 73 	 M2\' ', '1 UNIT', '-', 'Rusak Ringan', 'perolehan tahun 1989'),
(613, 51, 'Satpas SIM Polres Dompu	T.	 70 	 M2\' ', '1 UNIT', '-', 'Baik', 'perolehan tahun 2014'),
(614, 51, 'Garasi Permanen	T.	 240 	 M2\' ', '1 UNIT', '-', 'Baik', 'perolehan tahun 2015'),
(615, 51, 'Garasi I	T.	 60 	 M2\' ', '1 UNIT', '-', 'Baik', 'perolehan tahun 2005'),
(616, 51, 'Garasi II	T.	 74 	 M2\' ', '1 UNIT', '-', 'Baik', 'perolehan tahun 2007'),
(617, 51, 'Garasi III	T.	 31 	 M2\' ', '1 UNIT', '-', 'Baik', 'perolehan tahun 2007'),
(618, 51, 'Masjid Polres Dompu	T.	 178 	 M2\' ', '1 UNIT', '-', 'Baik', 'perolehan tahun 2000'),
(619, 51, 'Lapangan Volley Polres	LUAS	 150 	 M2\' ', '1 UNIT', '-', 'Baik', 'perolehan tahun 1986'),
(620, 51, 'Rumah Penjaga Masjid	T.	 43 	 M2\' ', '1 UNIT', '-', 'Rusak Berat', 'perolehan tahun 2002'),
(621, 51, 'lapangan Basket Polres Dompu	T.	 240 	 M2\' ', '1 UNIT', '-', 'Baik', 'perolehan tahun 2007'),
(622, 51, 'Pos jaga Mako	T.	 40 	 M2\' ', '1 UNIT', '-', 'Baik', 'perolehan tahun 2016'),
(623, 51, 'Kantin Polres Dompu	T.	 24 	 M2\' ', '1 UNIT', '-', 'Baik', 'perolehan tahun 2007'),
(624, 51, 'Pos Pol Doropeti	T.	 90 	 M2\' ', '1 UNIT', '-', 'Baik', 'perolehan tahun 2011'),
(625, 51, 'Gedung Kantor Polsek Hu\'u	T.	 170 	 M2\' ', '1 UNIT', '-', 'Baik', 'perolehan tahun 1982'),
(626, 51, 'Lapangan Volley Polsek Hu\'u	T.	 150 	 M2\' ', '1 UNIT', '-', 'Baik', 'perolehan tahun 2002'),
(627, 51, 'Polsubsektor Lakey	T.	 90 	 M2\' ', '1 UNIT', '-', 'Baik', 'perolehan tahun 2014'),
(628, 51, 'Gedung Kantor Polsek Pajo	T.	 170 	 M2\' ', '1 UNIT', '-', 'Baik', 'perolehan tahun 2010'),
(629, 51, 'Mushalla Polsek Pajo	T.	 100 	 M2\' ', '1 UNIT', '-', 'Baik', 'perolehan tahun 2002'),
(630, 51, 'Pos Pol Lune	T.	 42 	 M2\' ', '1 UNIT', '-', 'Baik', 'perolehan tahun 2014'),
(631, 51, 'Gedung Kantor Polsek Dompu	T.	 170 	 M2\' ', '1 UNIT', '-', 'Baik', 'perolehan tahun 2013'),
(632, 51, 'Gedung Kantor Polsek Woja	T.	 130 	 M2\' ', '1 UNIT', '-', 'Rusak Berat', 'perolehan tahun 1996'),
(633, 51, 'Gedung Kantor Polsek Manggelewa	T.	 170 	 M2\' ', '1 UNIT', '-', 'Baik', 'perolehan tahun 2005'),
(634, 51, 'Pos Pol Lanci Polsek Manggelewa	T.	 30 	 M2\' ', '1 UNIT', '-', 'Baik', 'perolehan tahun 1981'),
(635, 51, 'Gedung Kantor Polsek Kempo	T.	 170 	 M2\' ', '1 UNIT', '-', 'Baik', 'perolehan tahun 2014'),
(636, 51, 'Pos Pol Songgajah	T.	 56 	 M2\' ', '1 UNIT', '-', 'Baik', 'perolehan tahun 2013'),
(637, 51, 'Gedung Kantor Polsek Kilo	T.	 170 	 M2\' ', '1 UNIT', '-', 'Baik', 'perolehan tahun 2008'),
(638, 51, 'Gedung Kantor Polsek Pekat	T.	 170 	 M2\' ', '1 UNIT', '-', 'Baik', 'perolehan tahun 2004'),
(639, 51, 'Lapangan Volley Polsek Pekat	luas  150 	 M2\' ', '1 UNIT', '-', 'Baik', 'perolehan tahun 2004'),
(640, 51, 'Rumdin Kapolres Dompu	T.	 170 	 M2\' ', '1 UNIT', 'KAPOLRES DOMPU', 'Baik', 'perolehan tahun 2018'),
(641, 51, 'Rumdin Waka dan Kasat Intelkam	T.	 108 	 M2\' ', '1 UNIT', 'KASAT POLRES DOMPU', 'Baik', 'perolehan tahun 1998'),
(642, 51, 'Rumdin Kabag Ren Polres Dompu	T.	 70 	 M2\' ', '1 UNIT', 'KABAG REN RES DOMPU', 'Baik', 'perolehan tahun 2021'),
(643, 51, 'Rumdin Polres Dompu	T.	 45 	 M2\' ', '1 UNIT', 'ANGGOTA RES DOMPU', 'Baik', 'perolehan tahun 2002'),
(644, 51, 'Rumdin Polres Dompu	T.	 180 	 M2\' ', '3 UNIT', 'ANGGOTA RES DOMPU', 'Rusak Ringan', 'perolehan tahun 1996'),
(645, 51, 'Rumdin Polres Dompu	T.	 90 	 M2\' ', '4 UNIT', 'ANGGOTA RES DOMPU', 'Rusak Ringan', 'perolehan tahun 1996'),
(646, 51, 'Rumdin Polres Dompu	T.	 144 	 M2\' ', '1 UNIT', 'ANGGOTA RES DOMPU', 'Rusak Berat', 'perolehan tahun 1955'),
(647, 51, 'Rumdin Polres Dompu	T.	 144 	 M2\' ', '1 UNIT', 'ANGGOTA RES DOMPU', 'Rusak Berat', 'perolehan tahun 1960'),
(648, 51, 'Barak Dalmas Polres Dompu	T.	 475 	 M2\' ', '1 UNIT', 'ANGGOTA RES DOMOU', 'Baik', 'perolehan tahun 2017'),
(649, 51, 'Rusun Polres Dompu	T.	 1,440 	 M2\' ', '1 UNIT', 'ANGGOTA RES DOMPU', 'Baik', 'perolehan tahun 2018'),
(650, 51, 'Rumdin Kapolsek Woja	T.	 54 	 M2\' ', '1 UNIT', 'KAPOLSEK WOJA', 'Rusak Ringan', 'perolehan tahun 1996'),
(651, 51, 'Rumdin Polsek Woja	T.	 38 	 M2\' ', '4 UNIT', 'ANGGOTA POLSEK WOJA', 'Baik', 'perolehan tahun 1996'),
(652, 51, 'Rumdin Kapolsek Hu\'u	T.	 54 	 M2\' ', '1 UNIT', 'KAPOLSEK HU\'U', 'Rusak Berat', 'perolehan tahun 2016'),
(653, 51, 'Rumdin Polsek Hu\'u	T.	 152 	 M2\' ', '1 UNIT', 'ANGGOTA POLSEK HU\'U', 'Rusak Berat', 'perolehan tahun 1982'),
(654, 51, 'Rusus Polsek Hu\'u	T.	 38 	 M2\' ', '2 UNIT', 'ANGGOTA POLSEK HU\'U', 'Baik', 'perolehan tahun 2016'),
(655, 51, 'Rumdin Polsek Pajo	T.	 152 	 M2\' ', '1 UNIT', 'ANGGOTA POLSEK PAJO', 'Baik', 'perolehan tahun 2015'),
(656, 51, 'Rusus Polsek Dompu	T.	 45 	 M2\' ', '2 UNIT', 'ANGGOTA POLSEK DOMPU', 'Baik', 'perolehan tahun 2016'),
(657, 51, 'Rumdin Polsek Dompu	T.	 152 	 M2\' ', '1 UNIT', 'ANGGOTA  POLSEK DOMPU', 'Baik', 'perolehan tahun 2018'),
(658, 51, 'Rumdin Kapolsek Manggelewa	T.	 54 	 M2\' ', '1 UNIT', 'ANGGOTA POLSEK MANGGALEWA', 'Rusak Ringan', 'perolehan tahun 2006'),
(659, 51, 'Rumdin Polsek Manggelewa	T.	 152 	 M2\' ', '1 UNIT', 'ANGGOTA POLSEK MANGGALEWA', 'Rusak Ringan', 'perolehan tahun 2006'),
(660, 51, 'Rumdin Polsek Kempo	T.	 54 	 M2\' ', '1 UNIT', 'ANGGOTA POLSEK KEMPO', 'Baik', 'perolehan tahun 2018'),
(661, 51, 'Rumdin Polsek Kempo	T.	 152 	 M2\' ', '1 UNIT', 'ANGGOTA POLSEK KEMPO', 'Baik', 'perolehan tahun 2018'),
(662, 51, 'Rumdin Polsek Kempo	T.	 30 	 M2\' ', '2 UNIT', 'ANGGOTA POLSEK KEMPO', 'Rusak Berat', 'perolehan tahun 1985'),
(663, 51, 'Rumdin Polsek Kilo	T.	 54 	 M2\' ', '1 UNIT', 'ANGGOTA POLSEK KILO', 'Baik', 'perolehan tahun 2008'),
(664, 51, 'Rumdin Polsek Kilo	T.	 152 	 M2\' ', '1 UNIT', 'ANGGOTA POLSEK  KILO', 'Rusak Ringan', 'perolehan tahun 2008'),
(665, 51, 'Rumdin Kapolsek Pekat	T.	 54 	 M2\' ', '1 UNIT', 'ANGGOTA POLSEK PEKAT', 'Rusak Ringan', 'perolehan tahun 2016'),
(666, 51, 'Rumdin Polsek Pekat	T.	 90 	 M2\' ', '1 UNIT', 'ANGGOTA POLSEK PEKAT', 'Rusak Ringan', 'perolehan tahun 2004'),
(667, 51, 'Rumdin Polsek Pekat	T.	 152 	 M2\' ', '1 UNIT', 'ANGGOTA POLSEK PEKAT', 'Rusak Ringan', 'perolehan tahun 2004'),
(668, 53, 'Gedung kantor Polres Bima Kota	T.	 2,100 	 M2\' ', '1 UNIT', '-', 'Baik', 'perolehan tahun 2016'),
(669, 53, 'Garasi Randis R4 & R2 Polres Bima Kota	T.	 525 	 M2\' ', '1 UNIT', '-', 'Baik', 'perolehan tahun 2018'),
(670, 53, 'Gedung Simulator SIM Polres Bima Kota	T.	 87 	 M2\' ', '1 UNIT', '-', 'Baik', 'perolehan tahun 2014'),
(671, 53, 'Gedung kantor Polres Bima Kota lama	T.	 904 	 M2\' ', '1 UNIT', '-', 'Baik', 'perolehan tahun 1990'),
(672, 53, 'Masjid Polres Bima Kota	T.	 30 	 M2\' ', '1 UNIT', '-', 'Baik', 'perolehan tahun 1985'),
(673, 53, 'Gedung Labfor Sat Reskrim	T.	 80 	 M2\' ', '1 UNIT', '-', 'Baik', 'perolehan tahun 2009'),
(674, 53, 'Gedung Pertemuan Polres Bima	T.	 136 	 M2\' ', '1 UNIT', '-', 'Baik', 'perolehan tahun 2000'),
(675, 53, 'Gedung TK Bhayangkari	T.	 195 	 M2\' ', '1 UNIT', '-', 'Baik', 'perolehan tahun 1990'),
(676, 53, 'Garasi Mobil Bima Kota	T.	 15 	 M2\' ', '1 UNIT', '-', 'Baik', 'perolehan tahun 1990'),
(677, 53, 'Penjagaan P3D dab Bag Ops	T.	 125 	 M2\' ', '1 UNIT', '-', 'Baik', 'perolehan tahun 1990'),
(678, 53, 'Gedung Sat Intelkam Polres Bima Kota	T.	 80 	 M2\' ', '1 UNIT', '-', 'Baik', 'perolehan tahun 1988'),
(679, 53, 'Poliklinik Polres Bima Kota	T.	 42 	 M2\' ', '1 UNIT', '-', 'Baik', 'perolehan tahun 1988'),
(680, 53, 'gedung Piket reskrim	T.	 30 	 M2\' ', '1 UNIT', '-', 'Baik', 'perolehan tahun 1947'),
(681, 53, 'Lapangan tennis Polres Bima	T.	 100 	 M2\' ', '1 UNIT', '-', 'Baik', 'perolehan tahun 2004'),
(682, 53, 'Gedung Piket Sat Reskrim	T.	 30 	 M2\' ', '1 UNIT', '-', 'Baik', 'perolehan tahun 1992'),
(683, 53, 'Gedung Kantor Bhayangkari	T.	 80 	 M2\' ', '1 UNIT', '-', 'Baik', 'perolehan tahun 2000'),
(684, 53, 'Pos Polisi Kota	T.	 54 	 M2\' ', '1 UNIT', '-', 'Baik', 'perolehan tahun 1950'),
(685, 53, 'Kantor Polsek Asakota	T.	 78 	 M2\' ', '1 UNIT', '-', 'Baik', 'perolehan tahun 1993'),
(686, 53, 'Kantor KPPL Bima	T.	 44 	 M2\' ', '1 UNIT', '-', 'Baik', 'perolehan tahun 1992'),
(687, 53, 'Mako Polsek Wawo	T.	 54 	 M2\' ', '1 UNIT', '-', 'Rusak Ringan', 'perolehan tahun 1971'),
(688, 53, 'Mako Polsek Sape	T.	 152 	 M2\' ', '1 UNIT', '-', 'Baik', 'perolehan tahun 1982'),
(689, 53, 'Mako Polsek Lambu	T.	 269 	 M2\' ', '1 UNIT', '-', 'Baik', 'perolehan tahun 2013'),
(690, 53, 'Kantor Polsek Lambu	T.	 117 	 M2\' ', '1 UNIT', '-', 'Rusak Berat', 'perolehan tahun 2005'),
(691, 53, 'Mako Polsek Langgudu	T.	 170 	 M2\' ', '1 UNIT', '-', 'Baik', 'perolehan tahun 2005'),
(692, 53, 'Mako Polsek Wera	T.	 125 	 M2\' ', '1 UNIT', '-', 'Baik', 'perolehan tahun 1989'),
(693, 53, 'Mako Polsek Ambalawi	T.	 204 	 M2\' ', '1 UNIT', '-', 'Baik', 'perolehan tahun 2005'),
(694, 53, 'Mako Polsek Rasanae Barat	T.	 305 	 M2\' ', '1 UNIT', '-', 'Baik', 'perolehan tahun 2017'),
(695, 53, 'Mako Polsek Rasanae Timur	T.	 135 	 M2\' ', '1 UNIT', '-', 'Baik', 'perolehan tahun 2023'),
(696, 53, 'Mako Polsek Rasanae Timur	T.	 36 	 M2\' ', '1 UNIT', '-', 'Baik', 'perolehan tahun 2023'),
(697, 53, 'Rumdin Kapolres 	T.	 270 	 M2\' ', '1 UNIT', 'KAPOLRES BIMA KOTA', 'Baik', 'perolehan tahun 1951'),
(698, 53, 'Rumdin Kapolres baru	T.	 130 	 M2\' ', '1 UNIT', 'KAPOLRES BIMA KOTA', 'Baik', 'perolehan tahun 2018'),
(699, 53, 'Rumdin Wakapolres baru	T.	 90 	 M2\' ', '1 UNIT', 'WK POLRES BIMA KOTA', 'Baik', 'perolehan tahun 2018'),
(700, 53, 'Rumdin Wakapolres lama	T.	 84 	 M2\' ', '1 UNIT', 'WK POLRES BIMA KOTA', 'Baik', 'perolehan tahun 1951'),
(701, 53, 'Rumdin Pamen	T.	 54 	 M2\' ', '1 UNIT', 'PAMEN POLRES BIMA KOTA', 'Baik', 'perolehan tahun 2018'),
(702, 53, 'Rumdin Kasat	T.	 152 	 M2\' ', '1 UNIT', 'KASAT POLRES BIMA KOTA', 'Baik', 'perolehan tahun 2018'),
(703, 53, 'Asrama RABA 1	T.	 266 	 M2\' ', '1 UNIT', 'ANGGOTA RES BIMA KOTA', 'Baik', 'perolehan tahun 1949'),
(704, 53, 'Asrama Ba/Ta Raba 2	T.	 48 	 M2\' ', '1 UNIT', 'ANGGOTA RES BIMA KOTA', 'Baik', 'perolehan tahun 2016'),
(705, 53, 'Asrama Ba/Ta Raba 2	T.	 48 	 M2\' ', '1 UNIT', 'ANGGOTA RES BIMA KOTA', 'Baik', 'perolehan tahun 1949'),
(706, 53, 'Asrama Ba/Ta RABA 2	T.	 95 	 M2\' ', '1 UNIT', 'ANGGOTA RES BIMA KOTA', 'Baik', 'perolehan tahun 2016'),
(707, 53, 'Asrama RABA 2	T.	 95 	 M2\' ', '1 UNIT', 'ANGGOTA RES BIMA KOTA', 'Baik', 'perolehan tahun 1949'),
(708, 53, 'Asrama Ba/Ta Raba 1 	T.	 303 	 M2\' ', '1 UNIT', 'ANGGOTA RES BIMA KOTA', 'Rusak Ringan', 'perolehan tahun 1949'),
(709, 53, 'Asrama PA 1, Gunung Dua	T.	 241 	 M2\' ', '2 UNIT', 'ANGGOTA RES BIMA KOTA', 'Rusak Ringan', 'perolehan tahun 1996'),
(710, 53, 'Asrama Ba/Ta  Gunung Dua	T.	 303 	 M2\' ', '1 UNIT', 'ANGGOTA RES BIMA KOTA', 'Rusak Ringan', 'perolehan tahun 2016'),
(711, 53, 'Asrama Ba/Ta 2 Gunung Dua	T.	 303 	 M2\' ', '1 UNIT', 'ANGGOTA RES BIMA KOTA', 'Rusak Ringan', 'perolehan tahun 1949'),
(712, 53, 'Asrama PA 4, Gunung Dua	T.	 217 	 M2\' ', '1 UNIT', 'ANGGOTA RES BIMA KOTA', 'Rusak Ringan', 'perolehan tahun 2016'),
(713, 53, 'Asrama PA 3, Gunung Dua	T.	 217 	 M2\' ', '1 UNIT', 'ANGGOTA RES BIMA KOTA', 'Rusak Ringan', 'perolehan tahun 1996'),
(714, 53, 'Asrama PA 3, Gunung Dua	T.	 217 	 M2\' ', '2 UNIT', 'ANGGOTA RES BIMA KOTA', 'Rusak Ringan', 'perolehan tahun 2016'),
(715, 53, 'Asrama Ba/Ta 2 Gunung Dua	T.	 303 	 M2\' ', '2 UNIT', 'ANGGOTA RES BIMA KOTA', 'Rusak Ringan', 'perolehan tahun 2016'),
(716, 53, 'Barak Perintis /Dalmas Ton I	T.	 152 	 M2\' ', '1 UNIT', 'ANGGOTA RES BIMA KOTA', 'Baik', 'perolehan tahun 2016'),
(717, 53, 'Barak Dalmas Polres Bima	T.	 475 	 M2\' ', '1 UNIT', 'ANGGOTA RES BIMA KOTA', 'Baik', 'perolehan tahun 2017'),
(718, 53, 'Rusun Polres Bima Kota (47 KK)	T.	 1,692 	 M2\' ', '1 UNIT', 'ANGGOTA RES BIMA KOTA', 'Baik', 'perolehan tahun 2017'),
(719, 53, 'Rumdin Kapolsek Ambalawi	T.	 54 	 M2\' ', '1 UNIT', 'KAPOLSEK AMBALAWI', 'Rusak Ringan', 'perolehan tahun 2016'),
(720, 53, 'Rumdin Polsek Ambalawi	T.	 45 	 M2\' ', '3 UNIT', 'ANGGOTA POLSEK AMBALAWI', 'Rusak Ringan', 'perolehan tahun 2005'),
(721, 53, 'Rumdin Kapolsek Lambu	T.	 90 	 M2\' ', '1 UNIT', 'KAPOLSEK LAMBU', 'Baik', 'perolehan tahun 2005'),
(722, 53, 'Rumdin Polsek Lambu	T.	 44 	 M2\' ', '1 UNIT', 'ANGGOTA POLSEK LAMBU', 'Rusak Berat', 'perolehan tahun 2005'),
(723, 53, 'Rumdin Kapolsek Langgudu	T.	 90 	 M2\' ', '1 UNIT', 'KAPOLSEK LANGGUDU', 'Baik', 'perolehan tahun 2005'),
(724, 53, 'Asrama Polsek Langgudu	T.	 90 	 M2\' ', '1 UNIT', 'ANGGOTA POLSEK LANGGUDU', 'Baik', 'perolehan tahun 2005'),
(725, 53, 'Rumdin Kapolsek Sape	T.	 54 	 M2\' ', '1 UNIT', 'KAPOLSEK SAPE', 'Baik', 'perolehan tahun 1982'),
(726, 53, 'Rumdin Polsek Sape	T.	 26 	 M2\' ', '1 UNIT', 'ANGGOTA POLSEK SAPE', 'Baik', 'perolehan tahun 1982'),
(727, 53, 'Rumdin Polsek Sape	T.	 125 	 M2\' ', '1 UNIT', 'ANGGOTA POLSEK SAPE', 'Rusak Ringan', 'perolehan tahun 1982'),
(728, 53, 'Rumdin Polsek Wawo	T.	 42 	 M2\' ', '1 UNIT', 'ANGGOTA POLSEK WAWO', 'Rusak Ringan', 'perolehan tahun 2016'),
(729, 53, 'Rumdin Polsek Wawo	T.	 72 	 M2\' ', '1 UNIT', 'ANGGOTA POLSEK WAWO', 'Rusak Berat', 'perolehan tahun 1969'),
(730, 53, 'Rumdin Kapolsek Wera	T.	 54 	 M2\' ', '1 UNIT', 'KAPOLSEK WERA', 'Baik', 'perolehan tahun 1989'),
(731, 53, 'Asrama Polsek Wera	T.	 152 	 M2\' ', '1 UNIT', 'ANGGOTA POLSEK WERA', 'Rusak Ringan', 'perolehan tahun 1982'),
(732, 53, 'Rumdin  Kapolsek Rasanae Barat	T.	 54 	 M2\' ', '1 UNIT', 'KAPOLSEK RASANAE BARAT', 'Rusak Berat', 'perolehan tahun 1994'),
(733, 53, 'Rumdin  Polsek Rasanae Barat	T.	 152 	 M2\' ', '1 UNIT', 'ANGGOTA POLSEK RASANAE BARAT', 'Baik', 'perolehan tahun 1994'),
(734, 52, 'Gedung Kantor Polres Bima	T.	 930 	 M2\' ', '1 UNIT', '-', 'Baik', 'perolehan tahun 2005'),
(735, 52, 'Kantor Sat Lantas Polres Bima	T.	 170 	 M2\' ', '1 UNIT', '-', 'Baik', 'perolehan tahun 2013'),
(736, 52, 'Kantor Sie Propam Polres Bima	T.	 10 	 M2\' ', '1 UNIT', '-', 'Baik', 'perolehan tahun 2016'),
(737, 52, 'Kantor Barak Dalmas Polres Bima	T.	 100 	 M2\' ', '1 UNIT', '-', 'Baik', 'perolehan tahun 2017'),
(738, 52, 'Ruang SIM Polres Bima	T.	 70 	 M2\' ', '1 UNIT', '-', 'Baik', 'perolehan tahun 2013'),
(739, 52, 'Gedung Kantor Polsek Monta lama	T.	 200 	 M2\' ', '1 UNIT', '-', 'Rusak Ringan', 'perolehan tahun 1975'),
(740, 53, 'Gedung Kantor Polsek Monta	T.	 305 	 M2\' ', '1 UNIT', '-', 'Baik', 'perolehan tahun 2021'),
(741, 52, 'Gedung Kantor Polsek Bolo	T.	 200 	 M2\' ', '1 UNIT', '-', 'Rusak Ringan', 'perolehan tahun 1995'),
(742, 52, 'Ruang Bhayangkari	T.	 100 	 M2\' ', '1 UNIT', '-', 'Rusak Ringan', 'perolehan tahun 1982'),
(743, 52, 'Pos Pol Dena	T.	 16 	 M2\' ', '1 UNIT', '-', 'Rusak Ringan', 'perolehan tahun 1985'),
(744, 52, 'Pos Pol Daru	T.	 16 	 M2\' ', '1 UNIT', '-', 'Rusak Ringan', 'perolehan tahun 1985'),
(745, 52, 'Gedung Kantor Polsek Belo	T.	 170 	 M2\' ', '1 UNIT', '-', 'Baik', 'perolehan tahun 2013'),
(746, 52, 'Gedung Kantor Polsek Donggo	T.	 170 	 M2\' ', '1 UNIT', '-', 'Baik', 'perolehan tahun 2014'),
(747, 52, 'Gedung Kantor Polsek Donggo	T.	 200 	 M2\' ', '1 UNIT', '-', 'Rusak Berat', 'perolehan tahun 1970'),
(748, 52, 'Pos Pol Rora	T.	 16 	 M2\' ', '1 UNIT', '-', 'Rusak Ringan', 'perolehan tahun 1985'),
(749, 52, 'Gedung Kantor Polsek Sanggar	T.	 45 	 M2\' ', '1 UNIT', '-', 'Rusak Ringan', 'perolehan tahun 1970'),
(750, 52, 'Gedung Kantor Polsek Sanggar	T.	 200 	 M2\' ', '1 UNIT', '-', 'Rusak Ringan', 'perolehan tahun 1996'),
(751, 52, 'Gedung Kantor Polsek Woha	T.	 200 	 M2\' ', '1 UNIT', '-', 'Rusak Ringan', 'perolehan tahun 2002'),
(752, 52, 'Gedung Kantor Polsek Parado	T.	 85 	 M2\' ', '1 UNIT', '-', 'Baik', 'perolehan tahun 2011'),
(753, 52, 'Gedung Kantor Polsek Madapangga	T.	 198 	 M2\' ', '2 UNIT', '-', 'Baik', 'perolehan tahun 2020'),
(754, 52, 'Klinik Polsek Madapangga	T.	 210 	 M2\' ', '1 UNIT', '-', 'Baik', 'perolehan tahun 2020'),
(755, 52, 'Gedung Kantor Polsek Tambora	T.	 170 	 M2\' ', '1 UNIT', '-', 'Baik', 'perolehan tahun 2005'),
(756, 52, 'Gedung Kantor Polsek Soromandi	T.	 170 	 M2\' ', '1 UNIT', '-', 'Baik', 'perolehan tahun 2021'),
(757, 52, 'Rumjab Kapolres	T.	 90 	 M2\' ', '1 UNIT', 'KAPOLRES BIMA', 'Baik', 'perolehan tahun 2006'),
(758, 52, 'Rumjab Wakapolres	T.	 70 	 M2\' ', '1 UNIT', 'WK POLRES BIMA', 'Baik', 'perolehan tahun 2007'),
(759, 52, 'Rumdin Pamen Polres Bima	T.	 45 	 M2\' ', '2 UNIT', 'PAMEN POLRES BIMA', 'Baik', 'perolehan tahun 2016'),
(760, 52, 'Rumdin Polres Bima	T.	 36 	 M2\' ', '8 UNIT', 'ANGGOTA RES BIMA', 'Baik', 'perolehan tahun 2007'),
(761, 52, 'Barak Polres Bima	T.	 475 	 M2\' ', '1 UNIT', 'ANGGOTA RES BIMA', 'Baik', 'perolehan tahun 2006'),
(762, 52, 'Barak Polres Bima	T.	 475 	 M2\' ', '1 UNIT', 'ANGGOTA POLRES BIMA', 'Baik', 'perolehan tahun 2017'),
(763, 52, 'Rusun Polres Bima	T.	 1,440 	 M2\' ', '1 UNIT', 'ANGGOTA POLRES BIMA', 'Baik', 'perolehan tahun 2018'),
(764, 52, 'Rusus Polres Bima	T.	 45 	 M2\' ', '1 UNIT', 'ANGGOTA RES BIMA', 'Baik', 'perolehan tahun 2016'),
(765, 52, 'Rumdin Polsek Monta	T.	 36 	 M2\' ', '5 UNIT', 'ANGGOTA POLSEK MONTA', 'Baik', 'perolehan tahun 2004'),
(766, 52, 'Rumdin Polsek Bolo	T.	 36 	 M2\' ', '5 UNIT', 'ANGGOTA POLSEK BOLO', 'Baik', 'perolehan tahun 1995'),
(767, 52, 'Rumdin Polsek Belo	T.	 36 	 M2\' ', '5 UNIT', 'ANGGOTA POLSEK BOLO', 'Baik', 'perolehan tahun 2003'),
(768, 52, 'Rumdin Polsek Donggo	T.	 38 	 M2\' ', '6 UNIT', 'ANGGOTA POLSEK DONGGO', 'Baik', 'perolehan tahun 2018'),
(769, 52, 'Rumdin Polsek Donggo	T.	 20 	 M2\' ', '1 UNIT', 'ANGGOTA POLSEK DONGGO', 'Baik', 'perolehan tahun 1980'),
(770, 52, 'Rumdin Polsek Sanggar	T.	 20 	 M2\' ', '1 UNIT', 'ANGGOTA POLSEK SANGGAR', 'Rusak Ringan', 'perolehan tahun 1996'),
(771, 52, 'Rumdin Polsek Sanggar	T.	 100 	 M2\' ', '1 UNIT', 'ANGGOTA POLSEK SANGGAR', 'Rusak Ringan', 'perolehan tahun 1976'),
(772, 52, 'Rumdin Polsek Sanggar	T.	 36 	 M2\' ', '6 UNIT', 'ANGGOTA POLSEK SANGGAR', 'Rusak Ringan', 'perolehan tahun 1996'),
(773, 52, 'Rumdin Polsek Woha	T.	 10 	 M2\' ', '5 UNIT', 'ANGGOTA POLSEK WOHA', 'Baik', 'perolehan tahun 2002'),
(774, 52, 'Rumdin Polsek Woha	T.	 100 	 M2\' ', '3 UNIT', 'ANGGOTA POLSEK WOHA', 'Baik', 'perolehan tahun 1976'),
(775, 52, 'Rumdin Polsek Parado	T.	 45 	 M2\' ', '1 UNIT', 'ANGGOTA POLSEK PARADO', 'Baik', 'perolehan tahun 2018'),
(776, 52, 'Rumdin Polsek Parado	T.	 38 	 M2\' ', '10 UNIT', 'ANGGOTA POLSEK PARADO', 'Baik', 'perolehan tahun 2018'),
(777, 52, 'Rumdin Polsek Madapangga	T.	 36 	 M2\' ', '1 UNIT', 'ANGGOTA POLSEK MADAPANGGA', 'Baik', 'perolehan tahun 2020');

-- --------------------------------------------------------

--
-- Table structure for table `bbm`
--

CREATE TABLE `bbm` (
  `id_bbm` int(11) NOT NULL,
  `id_satker` int(11) DEFAULT NULL,
  `p1` varchar(100) DEFAULT NULL,
  `d1` varchar(100) DEFAULT NULL,
  `p2` varchar(11) DEFAULT NULL,
  `d2` varchar(11) DEFAULT NULL,
  `p3` varchar(11) DEFAULT NULL,
  `d3` varchar(11) DEFAULT NULL,
  `p4` varchar(11) DEFAULT NULL,
  `d4` varchar(11) DEFAULT NULL,
  `tahun` varchar(11) NOT NULL
) ENGINE=InnoDB DEFAULT CHARSET=utf8mb4 COLLATE=utf8mb4_general_ci;

--
-- Dumping data for table `bbm`
--

INSERT INTO `bbm` (`id_bbm`, `id_satker`, `p1`, `d1`, `p2`, `d2`, `p3`, `d3`, `p4`, `d4`, `tahun`) VALUES
(4, 39, '5127,5', '2696', '3116', '1406', '3708', '1347', '9399', '2449', '2024'),
(5, 16, '1611', '426', '1417', '182', '1375', '276', '2956', '368', '2024'),
(6, 17, '752,5', '637', '1170', '364', '904', '368', '2636', '736', '2024'),
(7, 18, '821', '364', '715', '182', '785', '276', '1808', '368', '2024'),
(8, 19, '1004', '364', '767', '182', '850', '276', '2072', '368', '2024'),
(9, 20, '1917', '1494', '1170', '520', '1296', '1300', '2172', '1967', '2024'),
(10, 28, '3740', '910', '2639', '455', '2729', '460', '6754', '1840', '2024'),
(11, 30, '4561', '1582', '3718', '728', '4014', '823', '8896', '2267', '2024'),
(12, 29, '1224,5', '364', '1183', '182', '1169', '184', '3191', '736', '2024'),
(13, 31, '2064,5', '910', '1625', '455', '1529', '460', '4107', '1840', '2024'),
(14, 23, '739', '561', '1079', '273', '1082', '534', '2184', '892', '2024'),
(15, 32, '1310', '387', '988', '273', '1124', '540', '2079', '892', '2024'),
(16, 34, '990,5', '990,5', '1079', '182', '1032', '348', '2280', '524', '2024'),
(17, 36, '1187', '1446', '841', '858', '877', '832', '2036', '2305', '2024'),
(18, 37, '912,5', '364', '923', '91', '823', '184', '1908', '368', '2024'),
(19, 35, '943,5', '1135', '819', '624', '758', '1209', '1780', '2152', '2024'),
(20, 42, '882,5', '910', '819', '455', '758', '920', '1780', '1840', '2024'),
(21, 33, '1034,5', '0', '819', '0', '823', '0', '1908', '0', '2024'),
(22, 41, '1365', '9', '1092', '0', '9642', '0', '2392', '0', '2024'),
(23, 38, '1795,5', '972', '1404', '1404', '1516', '498', '3660', '1728', '2024'),
(24, 40, '2000', '2000', '1000', '1000', '1000', '1000', '1500', '1500', '2024');

-- --------------------------------------------------------

--
-- Table structure for table `jenis`
--

CREATE TABLE `jenis` (
  `id_jenis` int(11) NOT NULL,
  `nama_jenis` varchar(200) NOT NULL
) ENGINE=InnoDB DEFAULT CHARSET=utf8mb4 COLLATE=utf8mb4_general_ci;

--
-- Dumping data for table `jenis`
--

INSERT INTO `jenis` (`id_jenis`, `nama_jenis`) VALUES
(4, 'REVOLVER'),
(5, 'PISTOL'),
(6, 'BAHU/LARAS PANJANG'),
(8, 'SENPI GAS');

-- --------------------------------------------------------

--
-- Table structure for table `kapor`
--

CREATE TABLE `kapor` (
  `id_kapor` int(11) NOT NULL,
  `nama` varchar(200) NOT NULL,
  `satuan` varchar(100) NOT NULL,
  `volume` varchar(200) NOT NULL,
  `harga` varchar(200) NOT NULL,
  `jumlah` varchar(100) NOT NULL,
  `tahun` varchar(200) NOT NULL
) ENGINE=InnoDB DEFAULT CHARSET=utf8mb4 COLLATE=utf8mb4_general_ci;

--
-- Dumping data for table `kapor`
--

INSERT INTO `kapor` (`id_kapor`, `nama`, `satuan`, `volume`, `harga`, `jumlah`, `tahun`) VALUES
(4, 'Pakaian PDH PNS Polri Pria', 'Stel', '290', 'Rp. 532.000', 'Rp. 154.280.000', '2024'),
(5, 'Pakaian Dinas Lapangan I Lantas Pria', 'Stel', '1.334', 'Rp. 635.000', 'Rp. 847.090.000', '2024'),
(6, 'Pakaian Dinas Lapangan I Lantas Wanita', 'Stel', '148', 'Rp. 635.000', 'Rp. 93.980.000', '2024'),
(7, 'Pakaian Dinas Lapangan II Polri Pria', 'Stel', '15.726', 'Rp. 715.000', 'Rp. 11.244.090.000', '2024'),
(8, 'Pakaian Dinas Lapangan II Polri Wanita', 'Stel', '772', 'Rp. 715.000', 'Rp. 551.980.000', '2024'),
(9, 'Pakaian Dinas Lapangan Taktikal Brimob Coklat Pria dan Wanita', 'Stel', '1.298', 'Rp. 799.000', 'Rp. 1.037.102.000', '2024'),
(10, 'Pakaian Dinas Lapangan Taktikal Brimob Hitam Pria dan Wanita', 'Stel', '1.298', 'Rp. 799.000', 'Rp. 1.037.102.000', '2024'),
(11, 'Pakaian Dinas Lapangan PNS Polri Wanita dan Wanita Jilbab', 'Stel', '380', 'Rp. 550.000', ' Rp 209.000.000 ', '2024'),
(12, 'TIK dan Lokasi', 'Pcs', '2.1518', 'Rp. 21.000', ' Rp. 451.878.000 ', '2024'),
(13, 'Pakaian Dinas Lapangan II Polair Loreng Polri Pria', 'Stel', '264', 'Rp. 799.000', ' Rp. 210.936.000 ', '2024'),
(14, 'Pakaian Dinas Lapangan II Polair Loreng Polri Wanita', 'stel', '8', 'Rp. 799.000', 'Rp. 6.392.000', '2024');

-- --------------------------------------------------------

--
-- Table structure for table `kendaraan`
--

CREATE TABLE `kendaraan` (
  `id_kendaraan` int(11) NOT NULL,
  `id_satker` int(11) DEFAULT NULL,
  `nopol` varchar(100) NOT NULL,
  `jenis` varchar(200) NOT NULL,
  `merk` varchar(200) NOT NULL,
  `tahun` date NOT NULL,
  `mesin` varchar(200) NOT NULL,
  `rangka` varchar(200) NOT NULL,
  `kondisi` enum('Baik','Rusak Ringan','Rusak Berat','') NOT NULL,
  `roda` enum('R2','R4','R6','') NOT NULL,
  `pemegang` varchar(200) NOT NULL,
  `pangkat` varchar(200) NOT NULL,
  `nrp` int(20) NOT NULL,
  `jabatan` varchar(200) NOT NULL
) ENGINE=InnoDB DEFAULT CHARSET=utf8mb4 COLLATE=utf8mb4_general_ci;

--
-- Dumping data for table `kendaraan`
--

INSERT INTO `kendaraan` (`id_kendaraan`, `id_satker`, `nopol`, `jenis`, `merk`, `tahun`, `mesin`, `rangka`, `kondisi`, `roda`, `pemegang`, `pangkat`, `nrp`, `jabatan`) VALUES
(53, 20, '7 - XXI', 'Sedan', 'Mazda', '2020-09-14', 'PE21295972', 'JM6BN227BK0276418', 'Baik', 'R4', 'M. Aslan Saputra', 'Briptu', 97110471, 'Ba Subbagrenmin Biro Logistik Polda NTB'),
(54, 20, '75-XXI', 'Minibus', 'Isuzu Phanter', '2005-05-13', 'E268869', 'MHCTBR54F5K-268869', 'Baik', 'R4', 'Kusmayadi', 'Bripka', 78090169, 'Ba Bag Peralatan Biro Logistik Polda NTB'),
(55, 20, '74-XXI', 'Jeep', 'Toyota Rush', '2011-04-12', '3SJ-DAC6498', 'MHFE2CJ3CJ-&K002445', 'Baik', 'R4', 'Iski Pradika', 'Bripda', 90404, 'Ba Bag Peralatan Biro Logistik Polda NTB'),
(56, 20, '701-XXI', 'Jeep', 'Isuzu Mux', '2017-07-05', '5R2809', 'MPAUCRJT000219', 'Baik', 'R4', 'Mashuri', 'Aiptu', 81070092, 'Ba Subbagrenmin Biro Logistik Polda NTB'),
(57, 20, '7403-XXI', 'Ransus Penjernih Air Mobile', 'Hino Dutro 130 HDL Cargo 4X4', '2023-03-23', 'B128613', 'MHCNMR71LNJ128613', 'Baik', 'R6', 'Makhrip', 'Bripka', 77120677, 'Ba Bag Peralatan Biro Logistik Polda NTB'),
(58, 20, '7401-XXI', 'Bus Sedang', 'Isuzu NKR 71', '2018-03-22', 'B096516', 'MHCN1R71LJJ096518', 'Baik', 'R6', 'Nym Suparman, S.H.', 'Aipda', 75040581, 'Ba Bag Peralatan Biro Logistik Polda NTB'),
(59, 20, '7402-XXI', 'Truck Peralatan', 'Isuzu NKR 71', '2015-10-23', 'MHCNKR71HFJ069482', 'B.069482', 'Baik', 'R6', 'I Gd Putu Budhiarga N.', 'Bripka', 88100139, 'Ba Bag Peralatan Biro Logistik Polda NTB'),
(60, 20, '70101-XXI', 'Sepeda Motor', 'Yamaha RX King', '2006-09-02', '3KA-787749', 'MH33KA0176K813639', 'Baik', 'R2', 'Lalu M. Aries Kurniawan', 'Penda', 2147483647, 'PNS Subbagrenmin Biro Logistik Polda NTB'),
(61, 20, '70102-XXI', 'Sepeda Motor', 'Suzuki Address', '2016-10-03', 'MH8CE47AAGJ132769', 'MH4LX150FHJP43862', 'Baik', 'R2', 'Juven Mela Kellen', 'Aipda', 82081398, 'Kaur Keu Subbagrenmin Biro Logistik Polda NTB'),
(63, 20, '70103-XXI', 'Sepeda Motor', 'Kawasaki KLX', '2017-06-05', 'LX1500EW48274', 'AE54-ID137790', 'Baik', 'R2', 'Bayu Adi Baskara', 'Briptu', 97050765, 'Ba Bag Bekum Biro Logistik Polda NTB'),
(64, 31, '1102-XXI', 'Sepeda Motor', 'Suzuki Thunder', '2007-06-06', '406006', '407006', 'Baik', 'R2', 'Guntur Warsito', 'Bripka', 0, 'Anggota Ditresnarkoba Polda NTB'),
(65, 31, '1123-XXI', 'Sepeda Motor', 'Suzuki Thunder', '2007-05-02', '407211', '407049', 'Baik', 'R2', 'I Putu Muliana', 'Aipda', 0, 'Ba Ditresnarkoba Polda NTB'),
(66, 31, '1124-XXI', 'Sepeda Motor', 'Suzuki Thunder', '2007-07-02', '407194', '407148', 'Baik', 'R2', 'I Dewa Made A.', 'Bripka', 0, 'Anggota Ditresnarkoba Polda NTB'),
(67, 31, '1125-XXI', 'Sepeda Motor', 'Suzuki Thunder', '2007-05-01', '407249', '407046', 'Baik', 'R2', 'Nursin', 'Pengatur', 0, 'Anggota Ditresnarkoba Polda NTB'),
(68, 31, '1126-XXI', 'Sepeda Motor', 'Suzuki Address', '2017-05-02', 'AE54-ID137804', 'MHCE47AGJ132752', 'Baik', 'R2', 'M. Putut Tri Sutrisno, S.H.', 'Ipda', 0, 'Anggota Ditresnarkoba Polda NTB'),
(69, 31, '1156-XXI', 'Sepeda Motor', 'Yamaha  Aerox VVA', '2021-03-17', 'G3P4E-0036612', 'MH3SG842OMJ021810', 'Baik', 'R2', 'FIsi Fajri Rahman', 'Brigadir', 0, 'Anggota Ditresnarkoba Polda NTB'),
(70, 31, '1157-XXI', 'Sepeda Motor', 'Yamaha  Aerox VVA', '2021-03-17', 'G3P4E-0031536', 'MH3SG642OMJ018875', 'Baik', 'R2', 'I Made Rudi Widyana, S.H', 'Brigadir', 0, 'Anggota Ditresnarkoba Polda NTB'),
(71, 31, '1158-XXI', 'Sepeda Motor', 'Yamaha  Aerox VVA', '2021-03-17', 'G3P4E-0037022', 'MH3SG6420MJ021902', 'Baik', 'R2', 'Yudi Walfajri', 'Bripda', 0, 'Anggota Ditresnarkoba Polda NTB'),
(72, 31, '1159-XXI', 'Sepeda Motor', 'Yamaha  Aerox VVA', '2021-03-08', 'G3P4E-0036601', 'MH3SG6420MJ021617', 'Baik', 'R2', 'I Made Putra Muliarta', 'Brigadir', 0, 'Anggota Ditresnarkoba Polda NTB'),
(73, 31, '11-XXI', 'Jeep', 'Hyundai Tucson', '2011-03-05', 'KMHJT81BMCU335252', 'G4KDDBU529381', 'Baik', 'R4', 'L. Putra Kurniawan', 'Briptu', 0, 'Anggota Ditresnarkoba Polda NTB'),
(74, 31, '117-XXI', 'Minibus', 'Toyota Avanza Veloz 1.5 ', '2012-07-05', '3SZDCZ0508', 'MHKM1CA4JCK018809', 'Baik', 'R4', 'L. Ardisano Kertasurya', 'Bripda', 0, 'Anggota Ditresnarkoba Polda NTB'),
(75, 31, '1131-XXI', 'Minibus', 'Kijang Innova', '2017-04-26', '1TR-A349436', 'MHFGWBEM5H1016325', 'Baik', 'R4', 'I Dewa Ketut Wahyu Tirtayasa', 'Briptu', 0, 'Anggota Ditresnarkoba Polda NTB'),
(76, 31, '1153-XXI', 'Minibus', 'Kijang Innova', '2017-04-10', '1TR-A361405', 'MHFGWBEBEM2H1016752', 'Baik', 'R4', 'L. Hanafi', 'Briptu', 0, 'Anggota Ditresnarkoba Polda NTB'),
(77, 31, '1152-XXI', 'Jeep', 'Mitsubhishi Triton', '2017-07-11', '4D56UAN4085', 'MMBJYKL30HH051366', 'Baik', 'R4', 'PUTU BAYU SHAGITA S.H.', 'Brigadir', 0, 'Anggota Ditresnarkoba Polda NTB'),
(78, 23, '13-XXI', 'HYUNDAI', 'HYUNDAI TUCSON 2.0 AT', '2011-07-02', 'KMHJT81BMCU385016', 'G4KDBO528216', 'Baik', 'R4', 'MICHAEL GOMES DOS', 'BRIPDA', 0, 'BA DITBINMAS'),
(79, 23, '132-XXI', 'ISUZU D-MAX', 'PATROLI DOUBLE CABIN', '2013-11-09', 'JY7487', 'MFATFS85HCT106968', 'Baik', 'R4', 'BON FASIUS ZULDHY', 'BRIGPOL', 0, 'BA DITBINMAS'),
(80, 23, '133-XXI', 'MINBUS', 'ISUZU ELP NHR GGCO', '2016-12-11', '6F0064', 'MHCNHR55EGJ069984', 'Baik', 'R4', 'SAHMUDIN', 'BRIPKA', 0, 'BA DITBINMAS'),
(81, 23, '134-XXI', 'R4 SENTRA PELAYANAN', 'DAIHATZU GRAN MAX BLIND', '2013-02-22', 'MB86904', 'MHKB3BA1JDK018161', 'Baik', 'R4', 'ENDRI WIDIONO', 'BRIPKA', 0, 'BA DITBINMAS'),
(82, 23, '1335-XXI', 'SUZUKI ADDRES', 'SUZUKI', '2017-03-11', 'AE54-ID137799', 'MH8CE47AAGJ132756', 'Baik', 'R4', 'TEGUH PRIYADI, S.H.', 'BRIPKA', 0, 'BA DITBINMAS'),
(83, 23, '1336-XXI', 'VARIO 125', 'HONDA VARIO 125', '2017-05-11', 'JFUIE-1909392', 'MHIJFUII5HK906379', 'Baik', 'R2', 'KARTIKA RATNA WULAN', 'AIPDA', 0, 'BA DITBINMAS'),
(84, 23, '1337-XXI', 'VARIO 125', 'HONDA VARIO 125', '2017-02-25', 'JFUIE-1909359', 'MHIJFUII7HK906500', 'Baik', 'R2', 'SUPARMAN', 'AIPDA', 0, 'BA DITBINMAS'),
(85, 23, '1338-XXI', 'KAWASAKI KLX 150', 'KAWASAKI KLX 150', '2017-04-15', 'LX1500EW48301', 'MH4LX150FHJP4421', 'Baik', 'R2', 'MUHAMMAD', 'AIPDA', 0, 'BA DITBINMAS'),
(86, 23, '1339-XXI', 'ISUZU PANTHER LV', 'ISUZU PANTHER LV', '2019-11-10', 'E331008', 'MHCTBR54FHK331008', 'Baik', 'R4', 'FASIUS ZULDHY ANGGARA', 'BRIPKA', 0, 'BA DITBINMAS'),
(87, 23, '1340-XXI', 'VERZA CB150', 'HONDA', '2022-08-24', 'KC01E1046277', 'MH1KC0119NK046259', 'Baik', 'R4', 'DEWA', 'BRIGPOL', 0, 'BA DITBINMAS'),
(88, 23, '1341', 'VERZA CB150', 'HONDA', '2022-11-10', 'KC01E10463310', 'MH1KC0118NK046205', 'Baik', 'R4', 'WIYONO', 'BRIPKA', 0, 'BA DITBINMAS'),
(89, 19, '6-XXI', 'SEDAN', 'MAZDA', '2017-08-22', 'PY20983460', 'JM6G1-1-31H0125987', 'Baik', 'R4', 'ANANTA WIJAYA', 'BRIPDA', 0, 'BA BIRO SDM'),
(90, 23, '601-XXI', 'JEEP', 'ISUZU DMAX', '2017-03-14', 'RZ0452', 'MPATFS86JHT009070', 'Baik', 'R4', 'I GEDE ', 'BRIPDA', 0, 'BA BIRO SDM'),
(91, 19, '60101-XXI', 'SEPEDA MOTOR', 'SUZUKI A100', '1996-05-23', 'A100-ID231615', 'MH8A100XVIJ354068', 'Baik', 'R2', 'RIFAI SAMSUYEN', 'BRIPKA', 0, 'BA BIRO SDM'),
(92, 19, '60102-XXI', 'SEPEDA MOTOR', 'SUZUKI A100', '2000-12-03', 'A100-ID234193', 'MH8A100VX2J356826', 'Baik', 'R2', 'R. KIKY TRISNA', 'BRIGPOL', 0, 'BA BIRO SDM'),
(93, 19, '60103-XXI', 'SEPEDA MOTOR', 'MILLENIUM', '2000-11-13', 'HDI.P50FMGY1001153', 'LWAXCGL32YA010136', 'Baik', 'R2', 'ASEP SUTRISNA', 'PENATA MUDA TINGKAT 1', 0, 'PNS BIRO SDM'),
(94, 19, '60104-XXI', 'SEPEDA MOTOR', 'MILLENIUM', '2000-10-24', 'HDIP50FMGY1000996', 'FS00-1017', 'Baik', 'R2', 'TONY PRABOWO,S.M', 'BRIGPOL', 0, 'BA BIRO SDM'),
(95, 19, '60105-XXI', 'SEPEDA MOTOR', 'SUZUKI A100', '2001-03-20', 'A100-ID234252', 'MH8A100VX2J356999', 'Baik', 'R2', 'I NYM. RUDI ASTIKA, S.H.', 'BRIPKA', 0, 'BA BIRO SDM'),
(96, 19, '60106-XXI', 'SEPEDA MOTOR', 'SUZUKI ADR', '2016-06-12', 'MH8CE47AAGJ132780', 'GK006957KS2/UK110NE', 'Baik', 'R2', 'SYAFARI KUSAIDI, SH', 'PENATA', 0, 'PNS BIRO SDM'),
(97, 30, '9-XXI', 'PATROLI JEEP', 'HYUNDAI TUCSON', '2005-11-02', 'KHJT81BMCU382689', 'G4KDBU524313', 'Baik', 'R4', 'RIZKY SHIDQI', 'BRIPDA', 0, 'DIT RESKRIMUM'),
(98, 30, '933-XXI', 'RAN PATROLI JARAK JAUH', 'ISUZU MUX', '2018-11-04', 'MPAUCR86GJT000219', 'SR2458', 'Baik', 'R4', 'SUBDIT IV', '-', 0, 'BA DIT RESKRIMUM'),
(99, 30, '905-XXI', 'RAN SIDIK LIDIK', 'KIJANG INNOVA', '2014-11-07', 'ITR7646246', 'MHFXW42G5D2269978', 'Baik', 'R4', 'LALU FIGO', 'BRIPDA', 0, '-'),
(100, 30, '981-XXI', 'RAN SIDIK LIDIK', 'INNOVA VENTURER', '2022-08-09', '1TRB008795', 'MHFAW3EM4N0003494', 'Baik', 'R4', 'BARITA PADANG', 'BRIGADIR', 0, 'BA DIT RESKRIMUM'),
(101, 30, '901-XXI', 'RAN SIDIK LIDIK', 'KIJANG INNOVA', '2008-04-15', '1TR6651143', 'MHFXW41G680032762', 'Baik', 'R4', 'KABAG BINOPS', 'KOMPOL', 0, 'DIT RESKRIMUM'),
(102, 30, '906-XXI', 'RAN SIDIK LIDIK', 'AVANZA VELOZ', '2013-03-24', 'DDG6534', 'MHKM1CA4JDK030232', 'Baik', 'R4', 'HURRY', 'AKBP', 0, 'DIT RESKRIMUM'),
(103, 30, '960-XXI', 'RAN SIDIK LIDIK', 'TOYOTA RUSH', '2022-05-24', '2NRG853077', 'MHKE8FB3JNK072090', 'Baik', 'R4', 'DIREKTUR', 'KOMBESPOL', 0, 'DIT RESKRIMUM'),
(104, 30, '909-XXI', 'RAN TAHANAN', 'ISUZU NHR-55', '2016-06-22', '69159', 'MHCNHR5EG089159', 'Baik', 'R4', 'RENMIN', '-', 0, 'DIT RESKRIMUM'),
(105, 30, '903-XXI', 'RAN TAHANAN', 'KIA TRAVELLO', '2009-09-02', 'J2-501803', 'MJJSD211129K-004323', 'Baik', 'R4', 'RENMIN', '-', 0, 'DIT RESKRIMUM'),
(106, 30, '902-XXI', 'RAN LABFOR DAN OLAH TKP', 'ISUZU ELF (LABFOR)', '2004-04-07', 'MOO-9939', 'MHCNW55EY009939', 'Baik', 'R4', 'IDENTIFIKASI', '-', 0, 'DIT RESKRIMUM'),
(107, 30, '907-XXI', 'RAN LABFOR DAN OLAH TKP', 'ISUZU NHR 55E INAFIS', '2015-12-03', 'MOO-9933', 'MHBJHKL30JH041789', 'Baik', 'R4', 'IDENTIFIKASI', '-', 0, 'DIT RESKRIMUM'),
(108, 30, '934-XXI', 'RAN LABFOR DAN OLAH TKP', 'MITSUBISHI MAVEN', '2018-08-22', '4D56UAT2051', 'MHBJHKL3OJH041789', 'Baik', 'R4', 'IDENTIFIKASI', '-', 0, 'DIT RESKRIMUM'),
(109, 30, '904-XXI', 'RAN PERS VAN', 'MITSUBISHI MAVEN', '2009-09-23', '4G15T-E53205', 'MHMUDWS1E0J000624', 'Baik', 'R4', 'SUBDIT IV', '-', 0, 'DIT RESKRIMUM'),
(110, 30, '9201-XXI', 'TRUK ANGKUT PERALATAN', 'ELF NKR 71', '2011-08-22', 'B-075233', 'MHCNKR71HG075233', 'Baik', 'R6', 'RENMIN', '-', 0, 'DIT RESKRIMUM'),
(111, 30, '935-XXI', 'KENDARAAN KOMANDO', 'ISUZU NQR 71', '2018-02-23', 'B096282', 'MHCN1R71LLI096282', 'Baik', 'R6', 'SUBDIT 3', '-', 0, 'DIT RESKRIMUM'),
(112, 30, '936-XXI', 'KENDARAAN TAKTIS', 'ISUZU NQR 71', '2018-07-25', 'B095314', 'MHCN1R71LLI095314', 'Baik', 'R4', 'SUBDIT 3', '-', 0, 'DIT RESKRIMUM'),
(113, 38, '1300-XXI', 'TRUCK', 'TRUCK ISUZU BISON', '2004-04-24', '4D31448929', 'MHMFE334E4R-27380', 'Baik', 'R6', 'HENDRA KUSUMA', 'AIPDA', 0, 'BA YANMA'),
(114, 38, '1301-XXI', 'KIJANG', 'TOYOTA KIJANG PICKUP PUTIH', '2007-07-27', '7K0016129', 'MHF31KF5200007326', 'Baik', 'R4', 'VEBRIAN REZA', 'BRIPKA', 0, 'BA YANMA'),
(115, 38, '1302-XXI', 'KIJANG', 'TOYOTA KIJANG GLX', '2002-02-22', '7K0202242', 'MHFHUF8120020165', 'Baik', 'R4', 'SANG PUTU OKA', 'BRIPKA', 0, 'BA YANMA'),
(116, 38, '1309-XXI', 'FORD', 'FORD RANGER', '2015-05-25', 'WLAT1276372', 'MNBBSSFE40BW941391', 'Baik', 'R4', 'KA YANMA', '-', 0, 'YANMA'),
(117, 38, '1308-XXI', 'TRUCK BOX', 'TRUCK BOX ISUZU NKR 71', '2017-07-07', 'B075190', 'MHCNKR71HGG075190', 'Baik', 'R6', 'YANMA', '-', 0, 'YANMA'),
(118, 38, '1310-XXI', 'SUZUKI', 'SUZUKI ADDRES', '2016-06-26', 'AE54-ID137767', 'MH8CE47AA6J132773', 'Baik', 'R2', 'ISMAIL', 'BRIPKA', 0, 'BA YANMA'),
(119, 38, '1312-XXI', 'SUZUKI', 'D MAX', '2007-07-27', 'K0338003', '1K83Y0012227', 'Baik', 'R4', 'BENNY', 'BRIPKA', 0, 'BA YANMA'),
(120, 38, '1307-XXI', 'TOYOTA', 'TOYOTA KIJANG PICK UP', '1999-09-29', 'RX11779L', 'MHF1KF200', 'Baik', 'R4', 'I NENGAH CATUR', 'BRIPKA', 0, 'BA YANMA'),
(121, 16, '3-XXI', 'SEDAN', 'MAZDA 6AT', '2017-07-27', '20983646', 'JM66L-1H126019', 'Baik', 'R4', 'NURUL ALAMSYAH', 'BRIPDA', 0, 'BA ITWASDA'),
(122, 16, '31-XXI', 'JEEP', 'DAIHATSU FEROZA', '1996-09-19', 'HE9380926', 'MHKE3KBHD8K030720', 'Baik', 'R4', 'JOKO MUSTOPO, S.KOM', 'PEMBINA', 0, 'PNS ITWASDA'),
(123, 16, '32-XXI', 'DOUBLE CABIN', 'ISUZU D-MAX', '2016-06-06', 'PA9223', 'MPATFS86JGT009566', 'Baik', 'R4', 'I MADE YUDI', 'BRIPTU', 0, 'BA ITWASDA'),
(124, 16, '33-XXI', 'SEDAN', 'MITSUBISHI LANCER', '2013-03-23', 'MG52744B11', 'JMY51CY4AE004457', 'Baik', 'R4', 'I PUTU JUNAEDI', 'BRIPTU', 0, 'BA I'),
(125, 16, '310-XXI', 'SEPEDA MOTOR', 'MELENIUM', '2002-02-02', 'BS150FM2058059', 'LBSXCGUD421020059', 'Baik', 'R4', 'SAPARUDIN', 'PENGATUR', 0, 'PNS ITWASDA'),
(126, 16, '320-XXI', 'SEPEDA MOTOR', 'MELENIUM', '2001-01-12', 'A100ID23162', 'MH8A100XV1J354326', 'Baik', 'R2', 'JIHADI AMRI', 'BRIGADIR', 0, 'BA ITWASDA'),
(127, 16, '321-XXI', 'SEPEDA MOTOR', 'ISUZU ECONOS', '2001-01-23', 'HDIF50FMGY1001014', 'LWAXCGL32YA010057', 'Baik', 'R2', 'SARJANA TAKWA', 'BRIPTU', 0, 'BA ITWASDA'),
(128, 16, '311-XXI', 'SEPEDA MOTOR', 'SUZUKI ADDRES', '2017-07-17', 'MH8CE47AAGJ132744', 'AE54IDI34807', 'Baik', 'R2', 'SUGENG WIYONO', 'IPDA', 0, 'PERWIRA ITWASDA'),
(129, 48, '1-31 XXI', 'ISUZU', 'ISUZU MUX A/T', '2018-08-18', '5R1964', 'MPAUCRJT', 'Baik', 'R4', 'PANJI KUMARA', 'BRIGADIR', 0, 'POLRES LOTIM'),
(130, 48, '31-31 XXI', 'TOYOTA', 'TOYOTA FORTUNER A/T', '2014-04-24', '2KD-U466414', 'MHFZR69G9E3084734', 'Baik', 'R4', 'DIKI ADI SAHPUTRA', 'BRIPDA', 0, 'POLRES LOTIM'),
(131, 48, '2-31 XXI', 'SUZUKI', 'SUZUKI GRAND VITARA 2.4 A/T', '2015-05-25', '124B-1277147', 'JSAJTEA4VE4200346', 'Baik', 'R4', 'SABDA ARIADI NUGRAHA', 'BRIPDA', 0, 'POLRES LOTIM'),
(132, 48, '3-31 XXI', 'ISUZU', 'ISUZU DMAX DOUBLE CABIN ', '2017-07-27', 'TFS5WF-AEZBH', 'MPATFS86JHT006942', 'Baik', 'R4', 'KADEK METRIA S.SOS, SH, MH', '-', 0, 'POLRES LOTIM'),
(133, 48, '4-31 XXI', 'DAIHATSU', 'DAIHATSU XENIA', '2007-07-17', 'DN 53008', 'MHK1AA2J7K012627', 'Baik', 'R4', 'SUKIRMAN S.H', 'KOMPOL', 0, 'POLRES LOTIM'),
(134, 48, '5-31 XXI', 'DAIHATSU ', 'DAIHATSU TERIOS', '2017-02-27', '3SZDFZ8603', 'MHKG2CI21GK112287', 'Baik', 'R4', 'IRFAN', 'AKP', 0, 'BAG SUMDA POLRES LOTIM'),
(135, 48, '51-31 XXI', 'TOYOTA', 'TOYOTA DYNA', '2003-03-23', '1729105', '43300038479', 'Baik', 'R4', 'EKO SUSANTO', 'AKP', 0, 'BAG LOGISTIK POLRES LOTIM'),
(136, 48, '52-31 XXI', 'BUS', 'ISUZU NKR 71', '2013-03-13', 'B048467', 'MHCNK71HDJ048467', 'Baik', 'R4', 'BENNY HAMZAN NUR', 'BRIPKA', 0, 'BA POLRES LOTIM'),
(137, 48, '53-31 XXI', 'TRUCK TANGKI', 'HINO R6 TANGKI', '2018-08-28', '-', '-', 'Baik', 'R6', 'M ROZIKAL', 'BRIGADIR-', 0, 'BA POLRES LOTIM'),
(138, 48, '54-31 XXI', 'BUS', 'MITSUBISHI', '2003-03-23', '3422', '182081', 'Baik', 'R6', 'GUDANG LOGISTIK', '-', 0, 'POLRES LOTIM'),
(139, 48, '55-31 XXI', ' SPORTAGE', 'KIA SPORTAGE', '2003-02-02', '4D35471164', 'MHMFE447E47001164', 'Baik', 'R4', 'MULIWAN', 'BRIPKA', 0, 'BA POLRES LOTIM'),
(140, 48, '5921-31 XXI', ' DOUBLE CABIN', 'ISUZU DMAX DOUBLE CABIN', '2022-02-02', 'XL0806', 'MPATFS86JNT001', 'Baik', 'R4', 'MULIAWAN ARDIWIJAYA', 'BRIPKA', 0, 'BA POLRES LOTIM'),
(141, 48, '58-31 XXI', 'MITSUBISHI', 'MITSUBISHI  KUDA', '2003-03-03', '4G18388129', '003968', 'Baik', 'R4', 'MISNGADI', 'AKP', 0, 'POLRES LOTIM'),
(142, 48, '57-31 XXI', 'SEPEDA MOTOR', 'YAMAHA SCORPIO', '2009-09-29', '5BP135331', 'MH35BP0069K135293', 'Baik', 'R2', 'EKO SUSANTO', 'AIPTU', 0, 'POLRES LOTIM'),
(143, 48, '5910-31 XX1', 'SEPEDA MOTOR', 'YAMAHA SCORPIO', '2009-02-27', '5BP037794', 'MH35BP0089K137677', 'Baik', 'R2', 'GUNAWAN RIFALDY', 'BRIGADIR', 0, 'POLRES LOTIM'),
(144, 48, '5911-31 XXI', 'SEPEDA MOTOR', 'KAWASAKI TRAIL', '2009-04-29', 'LX1500EW46004 ', 'MH4LX150PHJP43843', 'Baik', 'R2', 'MULIAWAN ARDIWIJAYA', 'BRIPKA', 0, 'POLRES LOTIM'),
(145, 48, '1231-31 XXI', 'SUZUKI', 'SUZUKI HAYATE MATIC', '2013-03-23', 'F4E21D135668', 'MHBCF4EJACJ135689', 'Baik', 'R2', 'GUDANG LOGISTIK', '-', 0, 'POLRES LOTIM'),
(146, 48, '50-31 XXI', 'AMBULANCE', 'AMBULANCE ISUZU NHR 55 C/O', '2018-08-28', '072524', 'J072524', 'Baik', 'R6', 'SUPRIADI', 'AIPDA', 0, 'POLRES LOTIM'),
(147, 48, '59-31 XXI', 'AMBULANCE', 'AMBULANCE APV GL', '2023-03-23', 'G15ID446082', 'MHYGDN42VPJ400866', 'Baik', 'R6', 'MAULANA', 'BRIGADIR', 0, 'POLRES LOTIM'),
(148, 48, '12-31 XXI', 'TOYOTA', 'TOYOTA HYLUX', '2019-02-09', '2GD-4601806', 'MR0DB8CD0J0120358', 'Baik', 'R4', 'ROHADI', 'AIPDA', 0, 'POLRES LOTIM'),
(149, 48, '11-31 XXI', 'TOYOTA', 'TOYOTA NEW AVANZA M/T', '2014-02-04', 'DEFB933', 'MHKM1CA3JEK016759', 'Baik', 'R4', 'IMRAN ROSYADI', 'AKP', 0, 'POLRES LOTIM'),
(150, 48, '110-31 XII', 'TOYOTA', 'TOYOTA KIJANG INOVA', '2017-07-27', '1TR-A385888', 'MHFJWBEM2H2341398', 'Baik', 'R4', 'EKO SUSIANTO', 'AIPTU', 0, 'INTELKAM POLRES LOTIM'),
(151, 48, '113-31 XXI', 'TOYOTA', 'TOYOTA ALL NEW', '2022-02-22', '2NR-935071', 'MHFAB1BY0N0040890', 'Baik', 'R4', 'IMRAN ROSYADI', 'AKP', 0, 'INTELKAM POLRES LOTIM'),
(152, 48, '111-31 XXI', 'YAMAHA', 'YAMAHA SCORPIO', '2009-09-29', '5BP-138239', 'MH35BP0089K138130', 'Baik', 'R2', 'SUHERMAN', 'IPDA', 0, 'INTELKAM POLRES LOTIM'),
(153, 48, '112-31 XXI', 'SEPEDA MOTOR', 'YAMAHA SCORPIO', '2009-09-29', '5BP-132426', 'MH35BP0068K132379', 'Baik', 'R2', 'BAGUS HARIANGGA', 'BRIPKA', 0, 'INTELKAM POLRES LOTIM'),
(154, 48, '15-31 XXI', 'TRUCK BOX', 'ISUZU NKR TRUCK BOX', '2013-03-13', 'B049011', 'MHCNK71HDJ049011', 'Baik', 'R6', 'SURYAD, SH', 'AIPDA', 0, 'SAMAPTA POLRES LOTIM'),
(155, 48, '1510-31 XXI', 'DIESEL', 'MITSUBISHI', '2003-03-23', '4D31324531', 'MHFE20587', 'Baik', 'R6', 'DIKI ADI SAPUTRA', 'BRIPDA', 0, 'SAMAPTA POLRES LOTIM'),
(156, 48, '1511-31 XXI', 'DIESEL', 'MITSUBISHI COLT', '2006-06-26', '4D31B33260', 'MHNFE334EGR036400', 'Baik', 'R6', 'L HERU INDRAWAN', 'BRIPDA', 0, 'SAMAPTA POLRES LOTIM'),
(157, 48, '1512-31 XXI', 'AWC', 'MITSUBISHI FM 517 AWC', '2008-08-28', 'B10571', '001232', 'Baik', 'R6', 'RAHMAD BAYU', 'BRIPDA', 0, 'SAMAPTA POLRES LOTIM'),
(158, 48, '1513-31 XXI', 'AWC', 'APC DAEJI 4X4 BASIC PRICE AWC', '2019-09-29', '00-', '00-', 'Baik', 'R6', 'BUDHI', 'AIPDA', 0, 'SAMAPTA POLRES LOTIM'),
(159, 48, '1514-31 XXI', 'ISUZU', 'ISUZU BORNEO', '2003-03-23', 'T000284', 'MMCFTR33MIJ002', 'Baik', 'R6', 'L HARIS', 'AIPDA', 0, 'SAMAPTA POLRES LOTIM'),
(160, 48, '1526-31 XXI', 'ISUZU', 'ISUZU ELP NKR 55 BLKK', '2012-02-12', 'M045242', 'MHCNK55EYCJ045242', 'Baik', 'R4', 'PERDI SAPUTRA', 'BRIPDA', 0, 'SAMAPTA POLRES LOTIM'),
(161, 48, '1528-31 XXI', 'ISUZU', 'ISUZU D-MAX PENERANGAN', '2013-03-13', 'LB4780', 'MPATFS86JDT009673', 'Baik', 'R4', 'NANANG ARISANDI', 'BRIPDA', 0, 'SAMAPTA POLRES LOTIM'),
(162, 48, '1529-31 XXI', 'MITSUBISHI', 'MITSUBISHI LANCER', '2015-05-15', '56148111112', 'JMY5TC4AFU000743', 'Baik', 'R4', 'HAIRUL HANNAN', 'BRIGPOL', 0, 'SAMAPTA POLRES LOTIM'),
(163, 47, '1530-31 XXI', 'ISUZU', 'ISUZU D-MAX DOUBLE CABIN', '2015-05-15', '107538', '5070', 'Baik', 'R4', 'ANDRI KUSUMA', 'BRIPDA', 0, 'SAMAPTA POLRES LOTIM'),
(164, 48, '1540-31 XXI', 'APC', 'APC DAEJI', '2017-07-07', '0', 'JTMGV09J404210217', 'Baik', 'R4', 'ADE', 'BRIPDA', 0, 'SAMAPTA POLRES LOTIM'),
(165, 48, '1547-31 XXI', 'ISUZU', 'ISUZU D-MAX DOUBLE CABIN', '2020-02-22', 'TR2017', 'MPATS86JKT005947', 'Baik', 'R4', 'AHMAD JADID', 'BRIPDA', 0, 'SAMAPTA POLRES LOTIM'),
(166, 48, '1548-31 XXI', 'ISUZU', 'ISUZU D-MAX DOUBLE CABIN', '2020-02-22', 'TR9274', 'MPATS86JKT006461', 'Baik', 'R4', 'NURHISAN', 'BRIPKA', 0, 'SAMAPTA POLRES LOTIM'),
(167, 48, '150-31 XXI', 'SEPEDA MOTOR', 'KAWASAKI TRAIL', '2011-11-11', 'MX150CFP44365', 'MH4LX150CBKP29116', 'Baik', 'R2', 'MAMAN', 'AIPDA', 0, 'SAMAPTA POLRES LOTIM'),
(168, 48, '151-31 XXI', 'SEPEDA MOTOR', 'KAWASAKI TRAIL', '2011-01-11', 'MX150CFP44051', 'MH4LX150CBKP-28683', 'Baik', 'R2', 'FERI VANOVA', 'BRIPDA', 0, 'SAMAPTA POLRES LOTIM'),
(169, 48, '152-31 XXI', 'SEPEDA MOTOR', 'KAWASAKI TRAIL', '2011-01-11', 'MX150CFP44049', 'MH4LX150CBKP-28924', 'Baik', 'R2', 'GOPAL', 'BRIPDA', 0, 'SAMAPTA POLRES LOTIM'),
(170, 48, '153-31 XXI', 'SEPEDA MOTOR', 'KAWASAKI TRAIL', '2011-01-11', 'MX150CFP44409', 'MH4LX150CBKP-29167', 'Baik', 'R2', 'RIA ANGGRA', 'BRIPDA', 0, 'SAMAPTA POLRES LOTIM'),
(171, 48, '154-31 XXI', 'SEPEDA MOTOR', 'KAWASAKI TRAIL', '2011-01-11', 'MX150CFP44094', 'MH4LX150CBKP-28968', 'Baik', 'R2', 'DIDI HARIADI', 'BRIPDA', 0, 'SAMAPTA POLRES LOTIM'),
(172, 48, '1516-31 XXI', 'SEPEDA MOTOR', 'KAWASAKI TRAIL', '2011-01-11', 'LX50CFP-71246', 'MH4LX150CCKP-45904', 'Baik', 'R2', 'L BAGUS', 'BRIPDA', 0, 'SAMAPTA POLRES LOTIM'),
(173, 48, '1517-31 XXI', 'SEPEDA MOTOR', 'KAWASAKI TRAIL', '2011-01-11', 'LX50CFP-71154', 'MH4LX150CCKP-45979', 'Baik', 'R2', 'L RIFQY', 'BRIPDA', 0, 'SAMAPTA POLRES LOTIM'),
(174, 48, '1518-31 XXI', 'SEPEDA MOTOR', 'KAWASAKI TRAIL', '2011-01-11', 'LX50CFP-71447', 'MH4LX150CCKP-42402', 'Rusak Ringan', 'R2', 'M SATRIADI', 'BRIPDA', 0, 'SAMAPTA POLRES LOTIM'),
(175, 48, '1519-31 XXI', 'SEPEDA MOTOR', 'KAWASAKI TRAIL', '2011-01-11', 'LX50CFP-71348', 'MH4LX150CCKP-40217', 'Baik', 'R2', 'MUH KHAIR', 'BRIPDA', 0, 'SAMAPTA POLRES LOTIM'),
(176, 48, '1520-31 XXI', 'SEPEDA MOTOR', 'KAWASAKI TRAIL', '2011-01-11', 'LX50CFP-71330', 'MH4LX150CCKP-46022', 'Baik', 'R2', 'SABDA ARYADI', 'BRIPDA', 0, 'SAMAPTA POLRES LOTIM'),
(177, 48, '1521-31 XXI', 'SEPEDA MOTOR', 'KAWASAKI TRAIL', '2011-01-11', 'LX50CFP-95880', 'MH4LX150CCKP-61228', 'Baik', 'R2', 'DANIAR', 'BRIPDA', 0, 'SAMAPTA POLRES LOTIM'),
(178, 48, '1522-31 XXI', 'SEPEDA MOTOR', 'KAWASAKI TRAIL', '2011-01-11', 'LX50CEP-95730', 'MH4LX150CCKP-61041', 'Baik', 'R2', 'RAMDANI', 'BRIPDA', 0, 'SAMAPTA POLRES LOTIM'),
(179, 48, '1523-31 XXI', 'SEPEDA MOTOR', 'KAWASAKI TRAIL', '2011-01-11', 'LX50CEP-95724', 'MH4LX150CCKP-61235', 'Baik', 'R2', 'AKHMAD K', 'BRIPDA', 0, 'SAMAPTA POLRES LOTIM'),
(180, 48, '1524-31 XXI', 'SEPEDA MOTOR', 'KAWASAKI TRAIL', '2011-01-11', 'LX50CEP-96030', 'MH4LX150CCKP-61364', 'Baik', 'R2', 'AKHMAD FARIZI', 'BRIPDA', 0, 'SAMAPTA POLRES LOTIM'),
(181, 48, '1525-31 XXI', 'SEPEDA MOTOR', 'KAWASAKI TRAIL', '2011-01-11', 'LX50CEP-96168', 'MH4LX150CCKP-60291', 'Baik', 'R2', 'M PAHRUROZI', 'BRIPDA', 0, 'SAMAPTA POLRES LOTIM'),
(182, 48, '1532-31 XXI', 'SEPEDA MOTOR', 'KAWASAKI TRAIL KLX 250', '2016-02-26', '250DEA76663', 'JKALX250SGDA-21888', 'Baik', 'R2', 'MUH ILHAM', 'BRIPDA', 0, 'SAMAPTA POLRES LOTIM'),
(183, 47, '1533-31 XXI', 'SEPEDA MOTOR', 'KAWASAKI TRAIL KLX 250', '2016-02-26', 'LX250DEA76464', 'JKALX250SGDA-21689', 'Baik', 'R2', 'M GALIH', 'BRIPDA', 0, 'SAMAPTA POLRES LOTIM'),
(184, 48, '1534-31 XXI', 'SEPEDA MOTOR', 'KAWASAKI TRAIL KLX 250', '2016-02-26', 'LX250DEA76723', 'JKALX250SGDA-21948', 'Baik', 'R2', 'SYARIF', 'BRIPDA', 0, 'SAMAPTA POLRES LOTIM'),
(185, 48, '1535-31 XXI', 'SEPEDA MOTOR', 'KAWASAKI TRAIL KLX 250', '2016-02-26', 'LX250DEA76492', 'JKALX250SGDA-21717', 'Baik', 'R2', 'AGISNA', 'BRIPDA', 0, 'SAMAPTA POLRES LOTIM'),
(186, 48, '1536-31 XXI', 'SEPEDA MOTOR', 'SUZUKI DR200S', '2017-01-12', 'H402-224351', 'JSISH42A-H2100640', 'Baik', 'R2', 'HAERUL IMAM', 'BRIPDA', 0, 'SAMAPTA POLRES LOTIM'),
(187, 48, '1537-31 XXI', 'SEPEDA MOTOR', 'SUZUKI DR200S', '2017-01-12', 'H402-224219', 'JSISH42A-9H2100509', 'Rusak Ringan', 'R2', 'YAN QUTBI', 'BRIPDA', 0, 'SAMAPTA POLRES LOTIM'),
(188, 48, '1538-31 XXI', 'SEPEDA MOTOR', 'SUZUKI DR200S', '2017-01-12', 'H402-224231', 'JSISH42A-XH2100521', 'Baik', 'R2', 'MUH BAGUS', 'BRIPDA', 0, 'SAMAPTA POLRES LOTIM'),
(189, 48, '1539-31 XXI', 'SEPEDA MOTOR', 'SUZUKI DR200S', '2017-01-12', 'H402-224458', 'JSISH42A-7H2100749', 'Baik', 'R2', 'FIRMAN HIDAYAT', 'BRIPDA', 0, 'SAMAPTA POLRES LOTIM'),
(190, 48, '1541-31 XXI', 'SEPEDA MOTOR', 'YAMAHA VIXION', '2018-08-02', 'G3E73-0424838', 'MH3RG4610HK048785', 'Baik', 'R2', 'AGUS YANDI', 'AIPTU', 0, 'SAMAPTA POLRES LOTIM'),
(191, 48, '1542-31 XXI', 'SEPEDA MOTOR', 'YAMAHA VIXION', '2018-02-08', 'G3E73-0444520', 'MH3RG4610HK067919', 'Baik', 'R2', 'DIAN MUL', 'AIPDA', 0, 'SAMAPTA POLRES LOTIM'),
(192, 48, '1543-31 XXI', 'SEPEDA MOTOR', 'YAMAHA VIXION', '2018-02-08', 'G3E73-0446818', 'MH3RG4610HK068822', 'Baik', 'R2', 'UMAR SURYA', 'BRIGADIR', 0, 'SAMAPTA POLRES LOTIM'),
(193, 48, '1544-31 XXI', 'SEPEDA MOTOR', 'YAMAHA VIXION', '2018-02-02', 'G3E73-0442801', 'MH3RG4610HK063458', 'Baik', 'R2', 'DEDI HERMANTO', 'BRIGADIR', 0, 'SAMAPTA POLRES LOTIM'),
(194, 48, '1545-31 XXI', 'SEPEDA MOTOR', 'YAMAHA VIXION', '2018-02-08', 'G3E73-0443462', 'MH3RG4610HK067407', 'Baik', 'R2', 'HERU A', 'BRIPTU', 0, 'SAMAPTA POLRES LOTIM'),
(195, 48, '1546-31 XXI', 'SEPEDA MOTOR', 'YAMAHA VIXION', '2018-02-08', 'G3E73-0431166', 'MH3RG4610HK053878', 'Baik', 'R2', 'L DANANG', 'AIPDA', 0, 'SAMAPTA POLRES LOTIM'),
(196, 48, '81-31 XXI', 'MOBIL ISUZU', 'ISUZU PANTHER LV', '2003-02-03', 'E-244416', '5472K-244416', 'Baik', 'R4', 'PUTU SATYA', 'IPTU', 0, 'SIKEU POLRES LOTIM'),
(197, 48, '8-31 XXI', 'SEPEDA MOTOR', 'SUZUKI ADRES MATIC', '2017-02-07', '00', '0', 'Baik', 'R2', 'PASQUALINO', 'AIPDA', 0, 'SIKEU POLRES LOTIM'),
(198, 48, '190-31 XXI', 'MOBIL ISUZU', 'ISUZU NHR', '2016-06-06', '069195', 'MHCNHR5EG069195', 'Baik', 'R4', 'M JUPRI', 'IPDA', 0, 'TAHTI POLRAS LOTIM'),
(199, 48, '10-31 XXI', 'MOBIL ISUZU', 'ISUZU PANTHER PICK UP', '2003-03-03', 'E-111460', 'K-111460', 'Baik', 'R4', 'TAUFIQ ANDRI', 'IPDA', 0, 'SPKT POLRES LOTIM'),
(200, 48, '1621-31 XXI', 'TRUCK', 'TOYOTA DYNA', '1996-12-11', '1485703', '4300031508', 'Baik', 'R6', 'RIKZAN PURWANTO', 'BRIPKA', 0, 'SAT LANTAS POLRES LOTIM'),
(201, 48, '1625-31 XXI', 'TRUCK', 'MITSUBISHI COLT', '2018-08-08', 'B081433', 'MHCN1R71LHJ081433', 'Baik', 'R6', 'M YUPA', 'BRIPKA', 0, 'SAT LANTAS POLRES LOTIM'),
(202, 48, '16-31 XXI', 'MOBIL', 'TOYOTA KIJANG PICK UP', '2001-01-01', '7160434655', 'KF6010012298', 'Baik', 'R4', 'HARI SURYA', 'BRIPKA', 0, 'LANTS POLRES LOTIM'),
(203, 48, '160-31 XXI', 'PICK UP', 'TOYOTA KIJANG PICK UP', '1994-09-09', '5K-9226970', 'KU5001167129', 'Baik', 'R4', 'ADE A', 'BRIGADIR', 0, 'LANTAS POLRES LOTIM'),
(204, 48, '162-31 XXI', 'PICK UP', 'TOYOTA KIJANG PICK UP', '2006-06-06', '624320ITK', 'MHEXW41G460016781', 'Baik', 'R4', 'WAHYU Q', 'BRIPTU', 0, 'LANTAS POLRES LOTIM'),
(205, 48, '169-31 XXI', 'MOBIL', 'FORD RANGER', '2008-08-08', 'WLAT876798', 'MNBBSFE407W704250', 'Baik', 'R4', 'SUGANDI', 'BRIPKA', 0, 'LANTAS POLRES LOTIM'),
(206, 48, '1610-31 XXI', 'MOBIL', 'DAIHATSU GRAND MAX', '2009-09-09', 'DBR0810', 'K-000578', 'Baik', 'R4', 'AGIFFURAHMAN', 'BRIGADIR', 0, 'LANTAS POLRES LOTIM'),
(207, 48, '1614-31 XXI', 'ISUZU D-MAX', 'ISUZU D-MAX DOUBLE CABIN', '0012-02-22', 'JX9683', 'MPATFS85HCT106580', 'Baik', 'R4', 'L ACTROY', 'BRIPTU', 0, 'LANTAS POLRES LOTIM'),
(208, 48, '1620-31 XXI', 'SEDAN', 'SEDAN FORD FOCUS', '2008-08-08', 'C307045104', 'AFACXXMJDC740812', 'Baik', 'R4', 'M TAUDIK', 'AIPDA', 0, 'LANTAS POLRES LOTIM'),
(209, 48, '1622-31 XXI', 'DAIHATSU', 'DAIHATSU TERIOS R M/T', '2016-06-06', 'DEB5249', 'MHKG2CJ1JDK023484', 'Baik', 'R4', 'IMAM', 'BRIGADIR', 0, 'LANTAS POLRES LOTIM'),
(210, 48, '1623-31 XXI', 'FORD', 'FORD RANGER', '2014-04-04', 'P4AT1215230', 'MNBLMFF80EW315245', 'Baik', 'R4', 'WILFDAN', 'BRIPDA', 0, 'LANTAS POLRES LOTIM'),
(211, 48, '1624-31 XXI ', 'DAIHATSU ', 'DAIHATSU LUXIO D M/T', '2017-07-07', '3SZDGK0644', 'MHKW3CA1JHK013185', 'Baik', 'R4', 'WAHYU HIDAYAT', 'AIPTU', 0, 'LANTAS POLRES LOTIM'),
(212, 48, '1626-31 XXI', 'MITSUBISHI', 'MITSUBISHI LANCER', '2017-07-07', 'Q1147837', 'JMYSTCY4AEU005583', 'Baik', 'R4', 'MOH ANHAR', 'IPDA', 0, 'LANTAS POLRES LOTIM'),
(213, 48, '1626-31 XXI', 'MITSUBISHI', 'MITSUBISHI LANCER', '2017-07-07', 'Q114783', 'JMYSTCY4AEU00558', 'Baik', 'R4', 'MOH ANHAR', 'IPDA', 0, 'LANTAS POLRES LOTIM'),
(214, 48, '1627-31 XXI', 'TOYOTA', 'TOYOTA ALL NES', '2018-08-08', '2NRF892915', 'MHKE8FA2JKJ000151', 'Baik', 'R4', 'DIMAS', 'BRIPDA', 0, 'LANTAS POLRES LOTIM'),
(215, 48, '1633-31 XXI', 'ISUZU', 'ISUZU NQR ', '2008-08-08', 'B007682', 'MHCNKY71YL7JOO7682', 'Baik', 'R4', 'SUGANDI', 'BRIPKA', 0, 'LANTAS POLRES LOTIM'),
(216, 48, '1636-31 XXI', 'SEDAN', 'SEDAN MAZDA', '0021-11-20', 'PY21140114', 'JM6GL1031J0145795', 'Baik', 'R4', 'SUGANDI', 'BRIPKA', 0, 'LANTAS POLRES LOTIM'),
(217, 48, '1637-31 XXI', 'PATWAL', 'DC PATWAL4X4', '2024-04-04', 'RZ4EESL037', 'MPATFS87JRT008359', 'Baik', 'R4', 'SEPTIAN RANGGA', 'BRIGADIR', 0, 'LANTAS POLRES LOTIM'),
(218, 48, '163-31 XXI', 'SEPEDA MOTOR', 'YAMAHA SCORPIO', '2006-06-06', '5BP-0401024', 'MH35-BP0036K0400947', 'Baik', 'R2', 'ANDI SUCIPTO', 'AIPTU', 0, 'LANTAS POLRES LOTIM'),
(219, 48, '164-31 XXI', 'SEPEDA MOTOR', 'YAMAHA SCORPIO', '2006-06-06', '5BP-0400854', 'MH35-BP0036K0400761', 'Baik', 'R2', 'KOMANG', 'AIPDA', 0, 'LANTAS POLRES LOTIM'),
(220, 48, '166-31 XXI', 'SEPEDA MOTOR', 'YAMAHA SCORPIO', '2007-07-07', '5BP-063939', 'MH35-BP0046K063842', 'Baik', 'R2', 'M SALEH', 'AIPDA', 0, 'LANTAS POLRES LOTIM'),
(221, 48, '167-31 XXI', 'SEPEDA MOTOR', 'YAMAHA SCORPIO', '2007-07-07', '5BP-085601', 'MH35-BP0047K085173', 'Baik', 'R2', 'SAEFUL', 'AIPDA', 0, 'LANTAS POLRES LOTIM'),
(222, 48, '168-31 XXI ', 'SEPEDA MOTOR', 'YAMAHA SCORPIO', '2007-07-07', '5BP-085501', 'MH35-BP0046K085166', 'Baik', 'R2', 'ANDI CANDRA', 'AIPDA', 0, 'LANTAS POLRES LOTIM'),
(223, 48, '1613-31 XXI', 'SEPEDA MOTOR', 'YAMAHA SCORPIO', '2012-02-12', 'LX250DEA53918', '3KALX250SBDA10126', 'Baik', 'R2', 'ARIZAL', 'AIPDA', 0, 'LANTAS POLRES LOTIM'),
(224, 48, '1615-31 XXI', 'SEPEDA MOTOR', 'YAMAHA SCORPIO', '2012-02-12', '54D-040580', 'MH354D002CK04063', 'Baik', 'R2', 'SAMSUL', 'BRIGADIR', 0, 'LANTAS POLRES LOTIM'),
(225, 48, '1616-31 XXI', 'SEPEDA MOTOR', 'YAMAHA SCORPIO', '2012-02-12', '54D-039838', 'MH354D002CK039900', 'Baik', 'R2', 'L SUDARMADI', 'BRIPKA', 0, 'LANTAS POLRES LOTIM'),
(226, 48, '1617-31 XXI', 'SEPEDA MOTOR', 'HONDA VERZA', '2013-03-13', 'KC52E179790', 'MH1KC5213DK078375', 'Baik', 'R2', 'MADE JAYA', 'BRIPKA', 0, 'LANTAS POLRES LOTIM'),
(227, 48, '1618-31 XXI', 'SEPEDA MOTOR', 'HONDA VERZA', '2013-03-13', 'KC52E179802', 'MH1KC5219DK078364', 'Baik', 'R2', 'BUDIARTHA', 'AIPDA', 0, 'LANTAS POLRES LOTIM'),
(228, 48, '1619-31 XXI', 'SEPEDA MOTOR', 'HONDA REVO', '2009-09-29', '12151143', '222513', 'Baik', 'R2', 'IMAM NURKHOLIS', 'AIPDA', 0, 'LANTAS POLRES LOTIM'),
(229, 48, '1628-31 XXI', 'SEPEDA MOTOR', 'KAWASAKI PULSAR', '2017-07-17', 'JLZCEA72125', 'MD2A36FZ6EC73154', 'Baik', 'R2', 'MOH ANHAR', 'IPDA', 0, 'LANTAS POLRES LOTIM'),
(230, 48, '1629-31 XXI', 'SEPEDA MOTOR', 'YAMAHA JUPITER Z', '2019-09-19', 'E3R5E-0252407', 'MH3VE1120KJ240098', 'Baik', 'R2', 'BRAMSTO HERLAMBANG', 'BRIPKA', 0, 'LANTAS POLRES LOTIM'),
(231, 48, '1630-31 XXI', 'SEPEDA MOTOR', 'YAMAHA JUPITER Z', '2019-09-19', 'E3R5E-0252408', 'MH3VE1120KJ240099', 'Baik', 'R2', 'M TULUS', 'BRIPKA', 0, 'LANTAS POLRES LOTIM'),
(232, 48, '1631-31 XXI', 'SEPEDA MOTOR', 'YAMAHA XJ900P', '2018-08-18', '4KM-137569', 'JYA4KMOJO137659', 'Baik', 'R2', 'ACHMAD JAIZ', 'BRIPKA', 0, 'LANTAS POLRES LOTIM'),
(233, 48, '1632-31 XXI', 'SEPEDA MOTOR', 'YAMAHA XJ900P', '2018-08-18', '4KM-137530', 'JYA4KMOJO137619', 'Baik', 'R2', 'SUNARDI', 'BRIPKA', 0, 'LANTAS POLRES LOTIM'),
(234, 48, '1634-31 XXI', 'SEPEDA MOTOR', 'HONDA VARIO 125', '2020-02-20', 'JM41E1648800', 'MHIJM4114LK651593', 'Baik', 'R2', 'NURIMIN', 'AIPDA', 0, 'LANTAS POLRES LOTIM'),
(235, 48, '1635-31 XXI', 'SEPEDA MOTOR', 'HONDA VARIO 125', '2020-02-20', 'JM41E1651188', 'MH1JM4113LK651570', 'Baik', 'R2', 'NURIKLAS', 'BRIGADIR', 0, 'LANTAS POLRES LOTIM'),
(236, 48, '1638-31 XXI', 'SEPEDA MOTOR', 'YAMAHA XJ900P', '2008-08-28', '4KM-137556', 'JYA4KMOJO137646', 'Baik', 'R2', 'MUDI LESTARI', 'IPTU', 0, 'LANTAS POLRES LOTIM'),
(237, 48, '1639-31 XXI', 'SEPEDA MOTOR', 'YAMAHA XJ900P', '2018-08-18', '4KM-1375572', 'JYA4KMOJO137662', 'Baik', 'R2', 'M0H ANHAR', 'IPTU', 0, 'LANTAS POLRES LOTIM'),
(238, 47, '1637-31 XXI', 'SEPEDA MOTOR', 'HUNTER SCRAMBLE', '2022-02-22', 'Z267MRCN081841', 'LB7GTD107NC100294', 'Baik', 'R2', 'ARIF BUDIMAN', 'IPDA', 0, 'LANTAS POLRES LOTIM'),
(239, 48, '140-31 XXI', 'MOBIL', 'DAIHATSU GRAND MAX', '2012-02-12', '09553', 'MHK3BBA1JCKO13979', 'Baik', 'R4', 'ABDUL RASYID', 'IPTU', 0, 'BINMAS POLRES LOTIM'),
(240, 48, '14-31 XXI', 'SEPEDA MOTOR', 'HONDA REVO', '2012-02-12', 'JBE2E-1088805', 'MHIJBE219BK-084502', 'Baik', 'R2', 'M WATHONI', 'AIPDA', 0, 'BINMAS POLRES LOTIM'),
(241, 48, '13-31 XXI', 'SEPEDA MOTOR', 'HONDA REVO', '2012-02-12', 'JBE2E-1091124', 'MHIJBE219BK-090382', 'Baik', 'R2', 'MUH NAUFAL', 'IPTU', 0, 'RESNARKOBA POLRES LOTIM'),
(242, 48, '74-31 XXI', 'MOBIL', 'DAIHATSU FEROZA', '1996-09-19', '76942', '28042', 'Baik', 'R4', 'PANSORI', 'BRIGADIR', 0, 'SIPROPAM POLRES LOTIM'),
(243, 48, '70-31 XXI', 'SEPEDA MOTOR', 'HONDA CS-1', '2009-09-09', 'JBA1E1107051', 'MHIJBA111AK106545', 'Baik', 'R2', 'ARIF BUDIMAN', 'AKP', 0, 'SIPROPAM POLRES LOTIM'),
(244, 48, '72-31 XXI', 'SEPEDA MOTOR', 'HONDA REVO', '2012-02-12', 'JBE2E1086796', 'MHIJBE213BK-092773', 'Baik', 'R2', 'IMAM SOPIAN', 'BRIGADIR', 0, 'SIPROPAM POLRES LOTIM'),
(245, 48, '73-31 XXI', 'SEPEDA MOTOR', 'HONDA CS-1', '2009-09-09', 'JBA1E1107090', 'MH1JBA111AK106646', 'Baik', 'R2', 'TORI LAZUARDI', 'AIPDA', 0, 'SIPROPAM POLRES LOTIM'),
(246, 48, '375-31 XXI', 'LANCER', 'MITSUBISHI LANCER', '2015-05-05', '0131264111102', 'JMYSTCY4AFU000607', 'Baik', 'R4', 'ABDUL HADI', 'IPTU', 0, 'POLSEK SELONG POLRES LOTIM'),
(247, 39, '10001-XXI', 'Sedan', 'Mitsubhishi Lancer', '2013-10-05', 'G4KCBA799384', 'KMHE841BLCA322', 'Baik', 'R4', 'Opsnal Spripim', '-', 0, '-'),
(248, 39, '1-XXI', 'Minibus', 'BRAND  NEW  TOYOTA  LAND CRUISER PRADO 2.7 A/T', '2022-02-05', '2TR-2484194', 'TRJ150-0147821', 'Baik', 'R4', 'Ranjab Kapolda NTB', '-', 0, '-'),
(249, 39, '12001-XXI', 'Bus Sedang', 'Hino', '2012-09-15', 'W04DTNJ83312', 'MKEFB2WGLBJE13312', 'Baik', 'R6', 'Opsnal Spripim', '-', 0, '-'),
(250, 39, '2-XXI', 'Minibus', 'Toyota Fortuner', '2016-10-02', 'MHFHB3FSoo34347', '2GD-C058361', 'Baik', 'R4', '-', '-', 0, '-'),
(251, 39, '1200-XXI', 'Jeep', 'Isuzu D-Max', '2013-06-06', 'JY7473', 'PMATFS85HCT106968', 'Baik', 'R4', 'Opsnal Spripim', '-', 0, '-'),
(252, 39, '12002-XXI', 'Jeep', 'Isuzu D-Max', '2015-09-10', 'T009555', 'MPATFS88JGT009555', 'Baik', 'R4', 'Opsnal Spripim', '-', 0, '-'),
(253, 39, '20002-XXI', 'Sedan', 'Mazda 6 AT', '2017-06-05', 'PY20993758', 'JM6GL1031H0126650', 'Baik', 'R4', 'Opsnal Spripim', '-', 0, '-'),
(254, 39, '10002-XXI', 'Sedan', 'Mazda 6 AT', '2017-06-05', 'PY20982684', 'JM6GL1031H01259', 'Baik', 'R4', 'Opsnal Spripim', '-', 0, '-'),
(255, 39, '120-XXI', 'Jeep', 'Suzuki Grand Vitara', '2017-03-05', 'G4KCBA799385', 'KMHEB41VLCA32448', 'Baik', 'R4', 'Opsnal Spripim', '-', 0, '-'),
(256, 39, '20001-XXI', 'Sedan', 'Hyundai Sonata', '2011-09-10', 'G4KCBA799389', 'KMHEB41BLCA32448', 'Baik', 'R4', 'Opsnal Spripim', '-', 0, '-'),
(257, 39, '12003-XXI', 'Sepeda Motor', 'Kawasaki Trail', '2016-06-05', 'EA-79755', 'JKALX250SCE-A254075', 'Baik', 'R2', 'Opsnal Spripim', '-', 0, '-'),
(258, 39, '12004-XXI', 'Sepeda Motor', 'Suzuki Addres', '2016-04-10', 'AG54IIIB137792', 'MH8C47AAPJ132770', 'Baik', 'R2', 'Opsnal Spripim', '-', 0, '-'),
(259, 45, '318-29 XXI', 'SEPEDA MOTOR', 'HONDA VERZA', '2016-06-06', 'KC51E1069978', 'MH1KC5113GK069696', 'Baik', 'R2', 'POLSEK KEDIRI', '-', 0, 'POLSEK KEDIRI RES LOBAR'),
(260, 45, '319-29 XXI', 'SEPEDA MOTOR', 'YAMAHA V-XION', '2016-06-06', 'G3E7E-0325733', 'MH3RG1810GK323414', 'Baik', 'R2', 'POLSEK KEDIRI', '-', 0, 'POLSEK KEDIRI RES LOBAR'),
(261, 45, '3110-29 XXI', 'SEPEDA MOTOR', 'HONDA VERZA', '2018-08-08', 'KC51E1096077', 'MH1KC5115HK096447', 'Baik', 'R2', 'POLSEK KEDIRI', '-', 0, 'POLSEK KEDIRI RES LOBAR'),
(262, 45, '3111-29 XXI', 'SEPEDA MOTOR', 'HONDA VERZA', '2018-08-08', 'KC51E1095458', 'MH1KC5115HK095559', 'Baik', 'R2', 'POLSEK KEDIRI', '-', 0, 'POLSEK KEDIRI RES LOBAR'),
(263, 45, '311-29 XXI', 'SEPEDA MOTOR', 'YAMAHA RX KING', '2003-03-03', '3KA-543085', 'MH33KAO103K-568951', 'Baik', 'R2', 'POLSEK KEDIRI', '-', 0, 'POLSEK KEDIRI RES LOBAR'),
(264, 45, '313-29 XXI', 'SEPEDA MOTOR', 'YAMAHA VIXION', '2014-04-04', '1PA694576', 'MH31PA004EK695086', 'Baik', 'R2', 'POLSEK KEDIRI', '-', 0, 'POLSEK KEDIRI RES LOBAR'),
(265, 45, '314-29 XXI', 'SEPEDA MOTOR', 'YAMAHA VIXION', '2014-04-04', '1PA695662', 'MH31PA004EK696119', 'Baik', 'R2', 'POLSEK KEDIRI', '-', 0, 'POLSEK KEDIRI RES LOBAR'),
(266, 48, '373-31 XXI', 'SEPEDA MOTOR', 'YAMAHA VIXION', '2014-04-04', '1PA-694628', 'MH31PA004EK695209', 'Baik', 'R2', 'HERLAN', 'AIPDA', 0, 'POLSEK SELONG RES LOTIM'),
(267, 48, '374-31 XXI', 'SEPEDA MOTOR', 'YAMAHA VIXION', '2014-04-04', '1PA-695710', 'MH31PA004EK696189', 'Baik', 'R2', 'MUZONI', 'AIPDA', 0, 'POLSEK SELONG RES LOTIM'),
(268, 48, '371-31 XXI', 'SEPEDA MOTOR', 'YAMAHA VIXION', '2016-06-06', 'G3E7E-0115624', 'MH3RG1810FK118354', 'Baik', 'R2', 'WAHYU SANTIO', 'AIPDA', 0, 'POLSEK SELONG POLRES LOTIM'),
(269, 48, '376-31 XXI', 'SEPEDA MOTOR', 'HONDA VERZA', '2016-06-06', 'KC51E1072204', 'MH1KC5110GK072037', 'Baik', 'R2', 'AHMAD NURUL', 'AIPDA', 0, 'POLSEK SELONG RES LOTIM'),
(270, 48, '377-31 XXI', 'SEPEDA MOTOR', 'HONDA VERZA', '2016-06-06', 'KC51E1075246', 'MH1KC5110GK074919', 'Baik', 'R2', 'YOFARI ZAINUL', 'BRIPTU', 0, 'POLSEK SELONG POLRES LOTIM'),
(271, 48, '378-31 XXI', 'SEPEDA MOTOR', 'HONDA VERZA', '2016-06-06', 'KC51E1074480', 'MH1KC5118GK074277', 'Baik', 'R2', 'HERU TAMA', 'BRIPKA', 0, 'POLSEK SELONG POLRES LOTIM'),
(272, 48, '379-31 XXI', 'SEPEDA MOTOR', 'HONDA VERZA', '2017-07-07', 'KC51E-1096161', 'MH1KC5115HK096366', 'Baik', 'R2', 'HERY ADYANTO', 'AIPDA', 0, 'POLSEK SELONG RES LOTIM'),
(273, 48, '3710-31 XXI', 'SEPEDA MOTOR', 'HONDA VERZA', '2018-08-08', 'KC51E1008681', 'MH1KC011XJK008730', 'Baik', 'R2', 'WINDARTO', 'AIPDA', 0, 'POLSEK SELONG RES LOTIM'),
(274, 48, '3711-31 XXI', 'SEPEDA MOTOR', 'HONDA VERZA', '2019-09-01', 'KC01E102044', 'MH1KC0111KK019827', 'Baik', 'R2', 'SAFRUDIN', 'BRIPKA', 0, 'POLSEK SELONG POLRES LOTIM'),
(275, 48, '3712-31 XXI', 'SEPEDA MOTOR', 'HONDA VERZA', '2022-02-02', 'KC101E1046219', 'MH1KC0116NK046204', 'Baik', 'R2', 'ADI ARIZAL', 'AIPDA', 0, 'POLSEK SELONG POLRES LOTIM'),
(276, 48, '40-31 XXI', 'MOBIL', 'FORD RANGER', '2009-09-09', 'W-787689', 'WLTA-133033', 'Baik', 'R2', 'SAMSURI', 'IPDA', 0, 'POLSEK SAKRE TIMUR RES LOTIM'),
(277, 48, '401-31 XXI', 'SEPEDA MOTOR', 'HONDA VERZA', '2016-06-06', 'KC51E1072616', 'MH1KC5117GK072357', 'Baik', 'R2', 'KHAERUSAMAD', 'AIPDA', 0, 'POLSEK SAKRE TIMUR RES LOTIM'),
(278, 48, '402-31 XXI', 'SEPEDA MOTOR', 'HONDA VERZA', '2016-06-06', 'KC51E1074388', 'MH1KC5118GK074084', 'Baik', 'R2', 'UMAR DANI', 'AIPDA', 0, 'POLSEK SAKRE TIMUR RES LOTIM'),
(279, 48, '405-31 XXI', 'SEPEDA MOTOR', 'HONDA VERZA', '2017-07-07', 'KC51E1095082', 'MH1KC5114HK095435', 'Baik', 'R2', 'HARTAWAN', 'BRIPKA', 0, 'POLSEK SAKRE TIMUR RES LOTIM'),
(280, 18, '5-XXI', 'Sedan', 'Mazda 6 ', '2017-03-10', 'PY20984074', 'JM8GL1031H0126076', 'Baik', 'R4', 'Staf Ro Rena', '-', 0, '-'),
(281, 18, '51-XXI', 'Double Cabin', 'Hilux', '2013-01-15', '2KD-S177809', 'MR0FR22D0754529', 'Baik', 'R4', '-', '-', 0, '-'),
(282, 18, '50-XXI', 'Sedan', 'Timor', '2011-07-16', 'B534199', 'KNAFA-232C5698733', 'Baik', 'R4', '-', '-', 0, '-'),
(283, 18, '502-XXI', 'Sepeda Motor', 'Suzuki Milleium', '2011-04-20', 'HOIF50FMGY1000967', 'LWAXCGL32YA010088', 'Baik', 'R2', '-', '-', 0, '-'),
(284, 18, '503-XXI', 'Sepeda Motor', 'Suzuki Address', '2017-03-11', 'AE541ID137794', 'MH8CE47AAGJ13277', 'Baik', 'R2', '-', '-', 0, '-'),
(285, 48, '406-31 XXI', 'SEPEDA MOTOR', 'HONDA VERZA', '2017-07-07', 'KC51E1095448', 'MH1KC5115HK095833', 'Baik', 'R2', 'HARTAWAN', 'BRIPKA', 0, 'POLSEK SAKRE TIMUR RES LOTIM'),
(286, 48, '407-31 XXI ', 'SEPEDA MOTOR', 'HONDA VERZA', '2018-08-08', 'KCOIE1008222', 'MH1KC0118JK008225', 'Baik', 'R2', 'SAMSUL', 'AIPDA', 0, 'POLSEK SAKRE TIMUR RES LOTIM'),
(287, 48, '408-31 XXI', 'SEPEDA MOTOR', 'HONDA VERZA', '2019-09-09', 'KCOIE1019640', 'MH1KC0111KK01938', 'Baik', 'R2', 'JAKA', 'BRIPKA', 0, 'POLSEK SAKRE TIMUR RES LOTIM'),
(288, 48, '409-31 XXI', 'SEPEDA MOTOR', 'HONDA VERZA', '2022-02-02', 'KC01E1046376', 'MH1KC0111NK046367', 'Baik', 'R2', 'HENDRAWAN', 'BRIPKA', 0, 'POLSEK SAKRE TIMUR RES LOTIM'),
(289, 48, '208-31 XXI', 'ISUZU', 'ISUZU D-MAX', '2015-05-05', 'JY8350', 'MPATF585HCT106788', 'Baik', 'R2', 'L ABDUL', 'IPTU', 0, 'POLSEK SAKRE POLRES LOTIM'),
(290, 48, '204-31 XXI', 'SEPEDA MOTOR', 'SUZUKI', '2013-03-03', 'FAB1-ID118511', 'MH8NF4FAADJ118508', 'Baik', 'R2', 'MAHENDRA', 'AIPDA', 0, 'POLSEK SAKRE POLRES LOTIM'),
(291, 48, '205-31 XXI', 'SEPEDA MOTOR', 'YAMAHA VIXION', '2014-04-04', '1PA-694656', 'MH31PA004EK696230', 'Baik', 'R2', 'DEDI', 'AIPDA', 0, 'POLSEK SAKRE POLRES LOTIM'),
(292, 48, '206-31 XXI', 'SEPEDA MOTOR', 'YAMAHA VIXION', '2014-04-04', '1PA-693882', 'MH31PA004EK696211', 'Baik', 'R2', 'DEDY', 'AIPDA', 0, 'POLSEK SAKRE POLRES LOTIM'),
(293, 48, '209-31 XXI', 'SEPEDA MOTOR', 'HONDA VERZA', '2016-01-06', 'KC51E1073379', 'MH1KC5115GK073071', 'Baik', 'R2', 'SALABI', 'BRIPTU', 0, 'POLSEK SAKRE POLRES LOTIM'),
(294, 48, '2010-31 XXI', 'SEPEDA MOTOR', 'HONDA VERZA', '2016-06-06', 'KC51E1072203', 'MH1KC5117GK072049', 'Baik', 'R2', 'NUKMAN', 'AIPDA', 0, 'POLSEK SAKRE POLRES LOTIM'),
(295, 48, '2011-31 XXI', 'SEPEDA MOTOR', 'HONDA VERZA', '2016-06-06', 'KC51E1073681', 'MH1KC5113GK073361', 'Baik', 'R2', 'M ALI', 'BRIPKA', 0, 'POLSEK SAKRE POLRES LOTIM'),
(296, 48, '2012-31 XXI', 'SEPEDA MOTOR', 'YAMAHA VIXION', '2017-07-07', 'G3E7E-0372811', 'MH3RG1810HK370959', 'Baik', 'R2', 'KHAIRUL', 'BRIPKA', 0, 'POLSEK SAKRE POLRES LOTIM'),
(297, 48, '2013-31 XXI', 'SEPEDA MOTOR', 'HONDA VERZA', '2017-07-07', 'KC51E1095718', 'MH1KC5114HK095970', 'Baik', 'R2', 'AFANDI', 'BRIPKA', 0, 'POLSEK SAKRE POLRES LOTIM'),
(298, 48, '2014-31 XXI', 'SEPEDA MOTOR', 'HONDA VERZA', '2017-07-07', 'KC51E1095857', 'MH1KC5115HK096349', 'Baik', 'R2', 'EKO BUDI', 'AIPDA', 0, 'POLSEK SAKRE POLRES LOTIM'),
(299, 48, '2015-31 XXI', 'SEPEDA MOTOR', 'HONDA VERZA', '2017-07-07', 'KC51E1094677', 'MH1KC5113HK095068', 'Baik', 'R2', 'YUSUF', 'BRIPKA', 0, 'POLSEK SAKRE POLRES LOTIM'),
(300, 48, '2016-31 XXI', 'SEPEDA MOTOR', 'KAWASAKI TRAIL', '2018-08-08', 'LX150EWA5032', 'MH4LX150GJJP56400', 'Baik', 'R2', 'AMIN HADI', 'AIPDA', 0, 'POLSEK SAKRE POLRES LOTIM'),
(301, 48, '324-31 XXI', 'MOBIL', 'ISUZU D-MAX DOUBLE CABIN', '2015-05-05', 'JY8364', 'MPATFS85HCT106798', 'Baik', 'R4', 'MIPTAHUDIN', 'IPTU', 0, 'POLSEK SAKRE BARAT RES LOTIM'),
(302, 48, '321-31 XXI ', 'SEPEDA MOTOR', 'HONDA REVO', '2012-02-02', 'JBE2E-1108244', 'MHIJBE218BK-107963', 'Baik', 'R2', 'L AKARIAWANSYAH', 'AIPDA', 0, 'POLSEK SAKRE BARAT RES LOTIM'),
(303, 48, '322-31 XXI', 'SEPEDA MOTOR', 'YAMAHA VIXION', '2014-04-04', '1PA-693291', 'MH31PA004EK694895', 'Baik', 'R2', 'L AKARIAWANSYAH', 'AIPDA', 0, 'POLSEK SAKRE BARAT RES LOTIM'),
(304, 48, '323-31 XXI', 'SEPEDA MOTOR', 'YAMAHA VIXION', '2014-04-04', '1PA-695794', 'MH31PA004EK696273', 'Baik', 'R2', 'ISWANTO', 'AIPDA', 0, 'POLSEK SAKRE BARAT RES LOTIM'),
(305, 48, '325-31 XXI', 'SEPEDA MOTOR', 'HONDA VERZA', '2016-06-06', 'KC51E1073857', 'MH1KC5113GK073490', 'Baik', 'R2', 'WAHYU TIMOR', 'AIPDA', 0, 'POLSEK SAKRE BARAT RES LOTIM'),
(306, 48, '326-31 XXI', 'SEPEDA MOTOR', 'HONDA VERZA', '2016-02-01', 'KC51E1072624', 'MH1KC5112GK072413', 'Baik', 'R2', 'KHAERUL', 'BRIPKA', 0, 'POLSEK SAKRE BARAT RES LOTIM'),
(307, 48, '327-31 XXI', 'SEPEDA MOTOR', 'YAMAHA VIXION', '2017-07-07', 'G3E7E-037E-0372794', 'MH3RG1810HK371069', 'Baik', 'R2', 'MUHSIN', 'BRIGADIR', 0, 'POLSEK SAKRE BARAT RES LOTIM'),
(308, 48, '328-31 XXI', 'SEPEDA MOTOR', 'HONDA VERZA', '2017-07-07', 'KC51E1094579', 'MH1KC5119HK094958', 'Baik', 'R2', 'BAMBANG', 'AIPDA', 0, 'POLSEK SAKRE BARAT RES LOTIM'),
(309, 48, '329-31 XXI', 'SEPEDA MOTOR', 'HONDA VERZA', '2018-08-08', 'KC01E100821', 'H1KC0111JK008227', 'Baik', 'R2', 'M RAMA', 'BRIPTU', 0, 'POLSEK SAKRE BARAT RES LOTIM'),
(310, 48, '3210-31 XXI', 'SEPEDA MOTOR', 'HONDA VERZA', '2018-08-08', 'KC01E1008233', 'MH1KC011XJK008243', 'Baik', 'R2', 'SAPRRILIAWAN', 'BRIPTU', 0, 'POLSEK SAKRE BARAT RES LOTIM'),
(311, 48, '3211-31 XXI', 'SEPEDA MOTOR', 'HONDA VERZA', '2019-09-09', 'KC01E1020266', 'MH1KC0119KK019848', 'Baik', 'R2', 'ZAKKI', 'AIPDA', 0, 'POLSEK SAKRE BARAT RES LOTIM'),
(312, 48, '3212-31 XXI', 'SEPEDA MOTOR', 'HONDA VERZA', '2019-09-09', 'KC01E1020249', 'MH1KC0111KK119830', 'Baik', 'R2', 'HERWAN', 'BRIPKA', 0, 'POLSEK SAKRE BARAT RES LOTIM'),
(313, 48, '3212-31 XXI', 'SEPEDA MOTOR', 'HONDA VERZA', '2019-02-01', 'KC01E1019788', 'MH1KC0111KK019385', 'Baik', 'R2', 'SUSHARIADI', 'BRIPKA', 0, 'POLSEK SAKRE BARAT RES LOTIM'),
(314, 48, '3214-31 XXI', 'SEPEDA MOTOR', 'KAWASAKI TRAIL', '2018-08-08', 'LX150EWA4973', 'MH4LX150GJJP66700', 'Baik', 'R2', 'SUMAYADI', 'BRIPKA', 0, 'POLSEK SAKRE BARAT RES LOTIM'),
(315, 48, '3215-31 XXI', 'SEPEDA MOTOR', 'HONDA VERZA', '2019-02-01', 'KC01E1019783', 'MH1KC0117KK019380', 'Baik', 'R2', 'ISNAYADI', 'BRIGADIR', 0, 'POLSEK SAKRE BARAT RES LOTIM'),
(316, 48, '320-31 XXI', 'SEPEDA MOTOR', 'KAWASAKI TRAIL', '2018-08-08', 'LX150EWA4836', 'MH4LX150GJJP66609', 'Baik', 'R2', 'SYAMSUL', 'BRIPKA', 0, 'POLSEK SAKRE BARAT RES LOTIM'),
(317, 48, '3216-31 XXI', 'SEPEDA MOTOR', 'HONDA VERZA', '2022-02-02', 'KC01E1046248', 'MH1KC0119NK046231', 'Baik', 'R2', 'IMAMURA', 'BRIPKA', 0, 'POLSEK SAKRE BARAT RES LOTIM'),
(318, 48, '255-31 XXI', 'MITSUBISHI', 'MITSUBISHI LANCER', '2015-05-05', '055727311112', 'JMYSTCY4AFU000624', 'Baik', 'R4', 'SUHARDI', 'IPTU', 0, 'POLSEK LABUHAN HAJI RES LOTIM'),
(319, 48, '253-31 XXI', 'SEPEDA MOTOR', 'YAMAHA VIXION', '2014-04-04', '1PA-694562', 'MH31PA004EK695066', 'Baik', 'R2', 'SELAMET', 'BRIPKA', 0, 'POLSEK LABUHAN HAJI RES LOTIM'),
(320, 48, '254-31 XXI', 'SEPEDA MOTOR', 'YAMAHA VIXION', '2014-06-06', '1PA-695763', 'MH31PA004EK696243', 'Baik', 'R2', 'SUTONO', 'AIPDA', 0, 'POLSEK LABUHAN HAJI RES LOTIM'),
(321, 48, '256-31 XXI', 'SEPEDA MOTOR', 'YAMAHA VIXION', '2016-06-06', 'G3E7E-0115685', 'MH3RG1810FK118367', 'Baik', 'R2', 'KURNIA', 'BRIPKA', 0, 'POLSEK LABUHAN HAJI RES LOTIM'),
(322, 48, '357-31 XXI', 'SEPEDA MOTOR', 'HONDA VERZA', '2016-06-06', 'KC51E1072537', 'MH1KC5114GK072154', 'Baik', 'R2', 'TEDDY', 'BRIPKA', 0, 'POLSEK LABUHAN HAJI RES LOTIM'),
(323, 48, '258-31 XXI', 'SEPEDA MOTOR', 'HONDA VERZA', '2016-06-06', 'KC51E1073481', 'MH1KC5118GK073291', 'Baik', 'R2', 'DENI', 'BRIPKA', 0, 'POLSEK LABUHAN HAJI RES LOTIM'),
(324, 48, '259-31 XXI', 'SEPEDA MOTOR', 'YAMAHA VIXION', '2017-07-07', 'G3E7E-0373041', 'MH3RG1810HK371062', 'Baik', 'R2', 'AHMAD', 'BRIPKA', 0, 'POLSEK LABUHAN HAJI RES LOTIM'),
(325, 48, '2510-31 XXI', 'SEPEDA MOTOR', 'HONDA VERZA', '2017-07-07', 'KC51E1095438', 'MH1KC5114HK095595', 'Baik', 'R2', 'ALWAN', 'AIPDA', 0, 'POLSEK LABUHAN HAJI RES LOTIM'),
(326, 48, '2511-31 XXI', 'SEPEDA MOTOR', 'HONDA VERZA', '2019-09-09', 'KC01E1019765', 'MH1KC0111KK019360', 'Baik', 'R2', 'RIAWAN', 'BRIPKA', 0, 'POLSEK LABUHAN HAJI RES LOTIM'),
(327, 48, '2512-31 XXI', 'SEPEDA MOTOR', 'HONDA VERZA', '2019-09-09', 'KC01E1020380', 'MH1KC0110KK019981', 'Baik', 'R2', 'LINO', 'BRIPKA', 0, 'POLSEK LABUHAN HAJI RES LOTIM'),
(328, 48, '252-31 XXI', 'SEPEDA MOTOR', 'HONDA VERZA', '2022-02-02', 'KC01E10046225', 'MH1KC0115NK046209', 'Baik', 'R2', 'ZULHEDI', 'BRIPKA', 0, 'POLSEK LABUHAN HAJI RES LOTIM'),
(329, 48, '236-31 XXI ', 'MOBIL', 'MITSUBISHI LANCER', '2015-05-05', '00559821', 'JMYSTCY4AFU000706', 'Baik', 'R4', 'MASTAR', 'AKP', 0, 'POLSEK KERUAK POLRES LOTIM'),
(330, 48, '244-31 XXI', 'SEPEDA MOTOR', 'YAMAHA VIXION', '2014-04-04', '1PA-695668', 'MH31PA004EK696131', 'Baik', 'R2', 'L HENDRA', 'AIPDA', 0, 'POLSEK KERUAK POLRES LOTIM'),
(331, 48, '245-31 XXI', 'SEPEDA MOTOR', 'YAMAHA VIXION', '2014-04-04', '1PA-695596', 'MH31PA004EK695215', 'Baik', 'R2', 'BUL AKMAL', 'AIPDA', 0, 'POLSEK KERUAK POLRES LOTIM'),
(332, 48, '247-31 XXI', 'SEPEDA MOTOR', 'HONDA VERZA', '2016-06-06', 'KC51E1074342', 'MH1KC511XGK074085', 'Baik', 'R2', 'BUL AKMAL', 'AIPDA', 0, 'POLSEK KERUAK POLRES LOTIM'),
(333, 48, '248-31 XXI', 'SEPEDA MOTOR', 'HONDA VERZA', '2016-06-06', 'KC51E1073874', 'MH1KC5113GK073635', 'Baik', 'R2', 'L BUDI', 'BRIPKA', 0, 'POLSEK KERUAK POLRES LOTIM'),
(334, 48, '249-31 XXI', 'SEPEDA MOTOR', 'HONDA VERZA', '2016-06-06', 'KC51E1075340', 'MH1KC5117GK074979', 'Baik', 'R2', 'SUHARDI', 'BRIPKA', 0, 'POLSEK KERUAK POLRES LOTIM'),
(335, 48, '2410-31 XXI', 'SEPEDA MOTOR', 'YAMAHA VIXION', '2017-07-07', 'G3E7E-0373039', 'MH3RG1810HK371061', 'Baik', 'R2', 'L ZAENAL', 'BRIPKA', 0, 'POLSEK KERUAK POLRES LOTIM'),
(336, 48, '2411-31 XXI', 'SEPEDA MOTOR', 'HONDA VERZA', '2017-07-07', 'KC51E1098246', 'MH1KC5111HK098471', 'Baik', 'R2', 'SUGIMAN', 'BRIPKA', 0, 'POLSEK KERUAK POLRES LOTIM'),
(337, 48, '2412-31 XXI', 'SEPEDA MOTOR', 'KAWASAKI TRAIL', '2018-08-08', 'LX150EWA1168', 'MH4LX150GJJP64592', 'Baik', 'R2', 'AHMAD', 'BRIPKA', 0, 'POLSEK KERUAK POLRES LOTIM'),
(338, 48, '2413-31 XXI', 'SEPEDA MOTOR', 'KAWASAKI TRAIL', '2018-08-08', 'LX1500EWA5486', 'MH4LX150GJJP66792', 'Baik', 'R2', 'EDY', 'AIPDA', 0, 'POLSEK KERUAK POLRES LOTIM'),
(339, 48, '2414-31 XXI', 'SEPEDA MOTOR', 'HONDA VERZA', '2019-09-09', 'KC01E1020259', 'MH1KC0114KK019837', 'Baik', 'R2', 'RAHMAN', 'BRIPKA', 0, 'POLSEK KERUAK POLRES LOTIM'),
(340, 48, '2415-31 XXI', 'SEPEDA MOTOR', 'HONDA VERZA', '2019-09-09', 'KC01E1020218', 'MH1KC0114KK19806', 'Baik', 'R2', 'RIZALUL FIKRI', 'BRIPKA', 0, 'POLSEK KERUAK POLRES LOTIM'),
(341, 48, '356-31 XXI', 'ISUZU', 'ISUZU D-MAX DOUBLE CABIN', '2015-05-05', 'JY9311', 'MPATF585HCT106886', 'Baik', 'R4', 'YUDHA', 'IPTU', 0, 'POLSEK JEROWARU'),
(342, 48, '353-31 XXI', 'SEPEDA MOTOR', 'HONDA REVO', '2012-02-02', 'JBE2E-1071203', 'MHIJBE212 BK-068934', 'Baik', 'R2', 'L INDRAWAN', 'AIPDA', 0, 'POLSEK JEROWARU'),
(343, 48, '354-31 XXI', 'SEPEDA MOTOR', 'YAMAHA VIXION', '2014-04-04', '1PA-695686', 'MH31PA004EK696137', 'Baik', 'R2', 'MASKAL', 'AIPDA', 0, 'POLSEK JEROWARU'),
(344, 48, '355-31 XXI', 'SEPEDA MOTOR', 'YAMAHA VIXION', '2014-04-04', '1P-695710', 'MH31PA004EK69618', 'Baik', 'R2', 'DEDI SUDIANTO', 'AIPDA', 0, 'POLSEK JEROWARU'),
(345, 48, '357-31 XXI', 'SEPEDA MOTOR', 'KAWASAKI TRAIL', '2015-05-05', '72942', '19226', 'Baik', 'R2', 'SAHIPUN', 'AIPDA', 0, 'POLSEK JEROWARU'),
(346, 48, '358-31 XXI', 'SEPEDA MOTOR', 'HONDA VERZA', '2016-06-06', 'KC51E1073543', 'MH1KC5112GK073318', 'Baik', 'R2', 'SUPRATMAN', 'BRIGADIR', 0, 'POLSEK JEROWARU'),
(347, 48, '359-31 XXI', 'SEPEDA MOTOR', 'HONDA VERZA', '2016-06-06', 'KC51E-10723207', 'MH1KC5113GK073005', 'Baik', 'R2', 'MULYADI', 'AIPDA', 0, 'POLSEK JEROWARU'),
(348, 48, '3510-31 XXI', 'SEPEDA MOTOR', 'YAMAHA VIXION', '2016-06-06', 'G3E7E0325732', 'MH3RG1810GK323413', 'Baik', 'R2', 'SAMSUL', 'BRIPKA', 0, 'POLSEK JEROWARU'),
(349, 48, '3511-31 XXI', 'SEPEDA MOTOR', 'YAMAHA VIXION', '2017-07-07', 'G3E7E-0372854', 'MH3RG1810HHK371064', 'Baik', 'R2', 'ADI', 'BRIPKA', 0, 'POLSEK JEROWARU'),
(350, 29, '10-XXI', 'Jeep', 'Hyundai Tucson', '2012-04-15', 'Z24-976231Y', 'MHBD1CD1F6J016769', 'Baik', 'R4', '-', '-', 0, '-'),
(351, 29, '101-XXI', 'Minibus', 'Nisan Terano Spirit S3', '2012-03-05', 'KMHJT81BMCU380909', 'G4KDBU524608', 'Baik', 'R4', '-', '-', 0, '-');
INSERT INTO `kendaraan` (`id_kendaraan`, `id_satker`, `nopol`, `jenis`, `merk`, `tahun`, `mesin`, `rangka`, `kondisi`, `roda`, `pemegang`, `pangkat`, `nrp`, `jabatan`) VALUES
(352, 29, '1021-XXI', 'Minibus', 'Toyota Avanza Veloz 1.5 MT', '2012-04-15', '3SZDCY3645', 'MHKM1CA4JCK016874', 'Baik', 'R4', '-', '-', 0, '-'),
(353, 48, '3512-31 XXI', 'SEPEDA MOTOR', 'KAWASAKI TRAIL', '2017-07-07', 'LX150CEW62955', 'MH4LX150GHJP56261', 'Baik', 'R2', 'L MARTA', 'BRIPKA', 0, 'POLSEK JEROWARU'),
(354, 29, '1022-XXI', 'Ran Tahanan', 'Isuzu NHR 55', '2016-05-05', '69362', 'MHCNHR5EG-069362', 'Baik', 'R4', '-', '-', 0, '-'),
(355, 48, '3513-31 XXI', 'SEPEDA MOTOR', 'KAWASAKI TRAIL', '2017-07-07', 'LX150CEW64192', 'MH4LX150GHJP56712', 'Baik', 'R2', 'AKHMAD', 'BRIPKA', 0, 'POLSEK JEROWARU'),
(356, 29, '100-XXI', 'Jeep', 'Isuzu D-Max', '2016-03-12', '35655', '4588', 'Baik', 'R4', '-', '-', 0, '-'),
(357, 47, '3514-31 XXI', 'SEPEDA MOTOR', 'HONDA VERZA', '2017-07-07', 'KC51E-1095827', 'MH1KC5110HK095982', 'Baik', 'R2', 'YANI', 'BRIPKA', 0, 'POLSEK JEROWARU'),
(358, 48, '3515-31 XXI', 'SEPEDA MOTOR', 'KAWASAKI TRAIL', '2017-07-07', 'LX150CEW62954', 'MH4LX150GHJP56256', 'Baik', 'R2', 'ROLI', 'BRIPKA', 0, 'POLSEK JEROWARU'),
(359, 29, '1024-XXI', 'Minibus', 'Inova Venturer', '2018-11-10', '1TR-A649386', 'MHFAW8Em0213466', 'Baik', 'R4', '-', '-', 0, '-'),
(360, 48, '3516-31 XXI', 'SEPEDA MOTOR', 'KAWASAKI TRAIL', '2018-08-08', 'LX150EWA5620', 'MH4LX150GJJP66787', 'Baik', 'R2', 'WILDAN', 'BRIGADIR', 0, 'POLSEK JEROWARU'),
(361, 29, '1023-XXI', 'Sepeda Motor', 'Suzuki Address', '2017-03-01', '1377699', 'MHFAW8EM02134666', 'Baik', 'R2', '-', '-', 0, '-'),
(362, 47, '3517-31 XXI', 'SEPEDA MOTOR', 'HONDA VERZA', '2019-09-09', 'KC01E1019498', 'MH1KC0116KK019399', 'Baik', 'R2', 'DARWAN', 'BRIPKA', 0, 'POLSEK JEROWARU'),
(363, 48, '3518-31 XXI', 'SEPEDA MOTOR', 'HONDA VERZA', '2019-09-09', 'KC01E1020350', 'MH1KC01KK019962', 'Baik', 'R2', 'HERI', 'BRIPKA', 0, 'POLSEK JEROWARU'),
(364, 48, '236-31 XXI', 'MITSUBISHI', 'MITSUBISHI LANCER', '2015-05-05', '00568757', 'JMYSTCY4AFU000859', 'Baik', 'R2', 'PATHURRAHMAN', 'AKP', 0, 'POLSEK SUKAMULIA RES LOTIM'),
(365, 48, '234-31 XXI', 'SEPEDA MOTOR', 'YAMAHA VIXION', '2014-04-04', '1PA-695681', 'MH31PA004EK696142', 'Baik', 'R2', 'SUDIANA', 'AIPTU', 0, 'POLSEK SUKAMULIA RES LOTIM'),
(366, 48, '235-31 XXI', 'SEPEDA MOTOR', 'YAMAHA VIXION', '2014-04-04', '1PA-694655', 'MH31PA004EK696229', 'Baik', 'R2', 'AMIN', 'AIPTU', 0, 'POLSEK SUKAMULIA RES LOTIM'),
(367, 48, '237-31 XXI', 'SEPEDA MOTOR', 'HONDA VERZA', '2016-02-01', 'KC51E1073452', 'MH1KC5119GK073087', 'Baik', 'R2', 'FAHRUROZI', 'AIPDA', 0, 'POLSEK SUKAMULIA RES LOTIM'),
(368, 48, '238-31 XXI', 'SEPEDA MOTOR', 'HONDA VERZA', '2016-06-06', 'KC51E1074654', 'MH1KC5118GK074280', 'Baik', 'R2', 'SYAFWAN', 'BRIPKA', 0, 'POLSEK SUKAMULIA RES LOTIM'),
(369, 48, '239-31 XXI', 'SEPEDA MOTOR', 'HONDA VERZA', '2016-02-02', 'KC51E1072490', 'MH1KC5114GK072204', 'Baik', 'R2', 'TATANG', 'AIPDA', 0, 'POLSEK SUKAMULIA RES LOTIM'),
(370, 48, '2310-31 XXI', 'SEPEDA MOTOR', 'YAMAHA VIXION', '2017-07-07', 'G3E7E-0372897', 'MH3RG1810HK371065', 'Baik', 'R2', 'AMINUDIN', 'BRIPKA', 0, 'POLSEK SUKAMULIA RES LOTIM'),
(371, 48, '2312-31 XXI', 'SEPEDA MOTOR', 'KAWASAKI TRAIL', '2018-08-08', 'LX150EWA2008', 'MH4LX150GJJP65074', 'Baik', 'R2', 'INDRA', 'BRIPKA', 0, 'POLSEK SUKAMULIA RES LOTIM'),
(372, 48, '2311-31 XXI', 'SEPEDA MOTOR', 'HONDA VERZA', '2017-07-07', 'KC51E1095627', 'MH1KC5112HKO96062', 'Baik', 'R2', 'MUHAMMAD', 'BRIPKA', 0, 'POLSEK SUKAMULIA RES LOTIM'),
(373, 48, '334-31 XXI', 'MITSUBISHI', 'MITSUBISHI LANCER', '2015-05-05', '00131934011102', 'JMYSLCY4AFU000783', 'Baik', 'R4', 'TRIWIBOWO', 'IPDA', 0, 'POLSEK PRINGGESELA RES LOTIM'),
(374, 48, '332-31 XXI', 'SEPEDA MOTOR', 'YAMAHA VIXION', '2014-02-01', '1PA-694675', 'MH31PA004EK696251', 'Baik', 'R2', 'HAMDI', 'AIPDA', 0, 'POLSEK PRINGGESELA RES LOTIM'),
(375, 17, '4-XXI', 'Sedan', 'Mazda 6 AT', '2016-02-06', 'PY20981149', 'JM6G11031H0125770', 'Baik', 'R4', '-', '-', 0, '-'),
(376, 17, '401-XXI', 'Double Cabin', 'Isuzu D-Max', '2016-04-06', 'PA9269', 'MPATFS86JGT009570', 'Baik', 'R4', '-', '-', 0, '-'),
(377, 17, '43-XXI', 'Sedan', 'Timor', '1998-04-15', 'KNAFA32V5697819', 'B5346301', 'Rusak Ringan', 'R4', '-', '-', 0, '-'),
(378, 43, '25-XXI', 'Double Cabin', 'Isuzu D-Max', '2011-07-20', 'MPATF585HCT106993', 'JY9358', 'Baik', 'R4', '-', '-', 0, '-'),
(379, 43, '251-XXI', 'Jeep', 'Feroza SL', '2012-08-22', '78731', '29831', 'Baik', 'R4', '-', '-', 0, '-'),
(380, 43, '250-XXI', 'Minibus', 'Daihatsu Grand Max', '2005-04-11', '55385', '17272', 'Baik', 'R4', '-', '-', 0, '-'),
(381, 17, '415-XXI', 'Sepeda Motor', 'Suzuki Address', '2017-08-25', 'AE54-ID137811', 'MH8CE47AAGJ132791', 'Baik', 'R2', '-', '-', 0, '-'),
(382, 24, '15103-XXI', 'Jeep', 'Toyota Hilux', '2014-12-22', '1TR7529053', 'MR0AW12G3D0038414', 'Baik', 'R4', '-', '-', 0, '-'),
(383, 48, '333-31 XXI', 'SEPEDA MOTOR', 'YAMAHA VIXION', '2014-04-04', '1PA-695682', 'MH31PA004EK696138', 'Baik', 'R2', 'BUDI', 'AIPTU', 0, 'POLSEK PRINGGESELA RES LOTIM'),
(384, 48, '335-31 XXI', 'SEPEDA MOTOR', 'HONDA VERZA', '2016-06-06', 'KC51E1074194', 'MH1KC5113GK073750', 'Baik', 'R2', 'IWAN PATONI', 'BRIPKA', 0, 'POLSEK PRINGGESELA RES LOTIM'),
(385, 48, '336-31 XXI', 'SEPEDA MOTOR', 'HONDA VERZA', '2016-06-06', 'KC51E1074542', 'MH1KC5119GK074238', 'Baik', 'R2', 'ARIS', 'BRIPKA', 0, 'POLSEK PRINGGESELA RES LOTIM'),
(386, 48, '337-31 XXI', 'SEPEDA MOTOR', 'YAMAHA VIXION', '2016-06-06', 'G3E7E-0325724', 'MH3RG1810GK323831', 'Baik', 'R2', 'ABDUN', 'AIPDA', 0, 'POLSEK PRINGGESELA RES LOTIM'),
(387, 48, '38-31 XXI', 'SEPEDA MOTOR', 'HONDA VERZA', '2017-07-07', 'KC51E-1096182', 'MH1KC5113HK096351', 'Baik', 'R2', 'M ALI', 'AIPDA', 0, 'POLSEK PRINGGESELA RES LOTIM'),
(388, 48, '339-31 XXI', 'SEPEDA MOTOR', 'HONDA VERZA', '2017-07-07', 'KC51E1096089', 'MH1KC511XHK096444', 'Baik', 'R2', 'MUNAWAR', 'AIPDA', 0, 'POLSEK PRINGGESELA RES LOTIM'),
(389, 48, '3310-31 XXI', 'SEPEDA MOTOR', 'HONDA VERZA', '2018-08-08', 'KC01E1007677', 'MH1KC0111JK007837', 'Baik', 'R2', 'ZAMRONI', 'AIPDA', 0, 'POLSEK PRINGGESELA RES LOTIM'),
(390, 48, '3311-31 XXI', 'SEPEDA MOTOR', 'HONDA VERZA', '2019-09-09', 'KC01E1020236', 'MH1KC0119KK019817', 'Baik', 'R2', 'EDI', 'BRIPKA', 0, 'POLSEK PRINGGESELA RES LOTIM'),
(391, 48, '3312-31 XXI', 'SEPEDA MOTOR', 'KAWASAKI TRAIL', '2018-08-08', 'LX150EWA5034', 'MH4LX150GJJP66399', 'Baik', 'R2', 'BAMBANG', 'BRIPKA', 0, 'POLSEK PRINGGESELA RES LOTIM'),
(392, 48, '39-31 XXI', 'MOBIL', 'HYUNDAI ELANTRA', '2015-05-05', 'G4FBFU197644', 'KMHDG43DMFU465964', 'Baik', 'R4', 'BAMBANG', 'IPDA', 0, 'RES LOTIM POLSEK SURALAGA'),
(393, 48, '391-31 XXI', 'SEPEDA MOTOR', 'YAMAHA VIXION', '2016-06-06', 'G3E7E-0114705', 'MH3RG1810FK118373', 'Baik', 'R2', 'SUTRISNO', 'BRIPKA', 0, 'RES LOTIM POLSEK SURALAGA'),
(394, 48, '392-31 XXI', 'SEPEDA MOTOR', 'HONDA VERZA', '2016-06-06', 'KC51E1073598', 'MH1KC511XGK073308', 'Baik', 'R2', 'TATANG', 'AIPDA', 0, 'RES LOTIM POLSEK SURALAGA'),
(395, 48, '393-31 XXI', 'SEPEDA MOTOR', 'HONDA VERZA', '2016-06-06', 'KC51E1072210', 'MH1KC511XGK071963', 'Baik', 'R2', 'JOKO', 'AIPTU', 0, 'RES LOTIM POLSEK SURALAGA'),
(396, 48, '394-31 XXI', 'SEPEDA MOTOR', 'HONDA VERZA', '0000-00-00', 'KC51E1096140', 'MH1KC5118HK096474', 'Baik', 'R2', 'NASIRUDIN', 'BRIGADIR', 0, 'RES LOTIM POLSEK SURALAGA'),
(397, 48, '395-31 XXI', 'SEPEDA MOTOR', 'HONDA VERZA', '2017-02-10', 'KC51E1095084', 'MH1KC5112HK095434', 'Baik', 'R2', 'SOPIANDI', 'AIPDA', 0, 'RES LOTIM POLSEK SURALAGA'),
(398, 48, '396-31 XXI', 'SEPEDA MOTOR', 'HONDA VERZA', '2018-08-08', 'KC01E1008191', 'MH1KC0111JK00289', 'Baik', 'R2', 'GUNAWAN', 'AIPDA', 0, 'RES LOTIM POLSEK SURALAGA'),
(399, 48, '397-31 XXI', 'SEPEDA MOTOR', 'HONDA VERZA', '2019-09-09', 'KC01E1019754', 'MHK1KC0111KK019351', 'Baik', 'R2', 'WARDIANSYAH', 'BRIPKA', 0, 'RES LOTIM POLSEK SURALAGA'),
(400, 48, '398-31 XXI', 'SEPEDA MOTOR', 'HONDA VERZA', '2019-09-09', 'KC01E1019790', 'MH1KC0111KK019398', 'Baik', 'R2', 'ABDUL', 'AIPDA', 0, 'RES LOTIM POLSEK SURALAGA'),
(401, 48, '399-31 XXI', 'SEPEDA MOTOR', 'HONDA VERZA', '2019-09-09', 'KC01E1020231', 'MHIKC0118KK019856', 'Baik', 'R2', 'BINTARAWAN', 'AIPDA', 0, 'RES LOTIM POLSEK SURALAGA'),
(402, 48, '3910-31 XXI', 'SEPEDA MOTOR', 'HONDA VERZA', '2019-09-09', 'KC01E1020230', 'MH1KC011XKK019812', 'Baik', 'R2', 'HAMDAN', 'AIPDA', 0, 'RES LOTIM POLSEK SURALAGA'),
(403, 48, '286-31 XXI', 'MOBIL', 'MITSUBISHI LANCER', '2015-05-05', '4B112M5PC0268', 'JMYSTCY4AFU000682', 'Baik', 'R4', 'ZULKIPLI', 'IPTU', 0, 'RES LOTIM POLSEK AIKMEL'),
(404, 48, '283-31 XXI', 'SEPEDA MOTOR', 'HONDA REVO', '2012-02-02', 'JBE2E-1026324', 'MHIJBE219BK-026163', 'Baik', 'R2', 'LALU WIRYA', 'AIPTU', 0, 'RES LOTIM POLSEK AIKMEL'),
(405, 36, '212-XXI', 'MOBIL', 'ISUZU PANTHER ', '2002-02-02', 'E.241738', 'MHCTBR54F2K-241738', 'Baik', 'R4', 'OPERASIONAL', '-', 0, 'BID TIK POLDA NTB'),
(406, 36, '2122-XXI', 'FORD', 'FORD RANGER BASE', '2010-10-10', 'WLAT1228400', 'MNBBSFE40AW903338', 'Baik', 'R4', 'OPERASIONAL', '-', 0, 'BID TIK POLDA NTB'),
(407, 36, '2121-XXI', 'FORD', 'FORD RANGER BASE', '2010-10-10', 'WLAT1229976', 'MNBBSFE40AW903250', 'Baik', 'R4', 'OPERASIONAL', '-', 0, 'BID TIK POLDA NTB'),
(408, 36, '2120-XXI', 'FORD', 'FORD RANGER BASE', '2010-01-01', 'WLAT1226847', 'MNBBSFE40AW901006', 'Baik', 'R4', 'OPERASIONAL', '-', 0, 'BID TIK POLDA NTB'),
(409, 36, '21- XXI', 'HYUNDAI', 'HYUNDAI TUCSON 2.0 AT', '2011-01-01', 'G4KDBU528416', 'KMHJT81BMCU3845454', 'Baik', 'R4', 'OPERASIONAL', '-', 0, 'BID TIK POLDA NTB'),
(410, 36, '211-XXI', 'ISUZU', 'ISUZU D-MAX DOUBLE CABIN', '2017-01-07', 'R71085', 'MPATFS86JHT008966', 'Baik', 'R4', 'OPERASIONAL', '-', 0, 'BID TIK POLDA NTB'),
(411, 36, '2130-XXI', 'SUZUKI', 'SUZUKI A100', '2002-02-02', 'A100ID231683', 'MM8A100XVH354331', 'Baik', 'R4', 'OPERASIONAL', '-', 0, 'BID TIK POLDA NTB'),
(412, 36, '2123- XXI', 'LIFAN', 'LIFAN', '2004-04-04', '156FMT30720825', 'LF3PCJ3013D200696', 'Baik', 'R4', 'OPERASIONAL', '-', 0, 'BID TIK POLDA NTB'),
(413, 36, '2110-XXI', 'MILLENIUM', 'MILLENIUM BEBEK', '2002-02-02', 'NDIP50FMGY1001193', 'LWAXCGL32YA010068', 'Baik', 'R4', 'OPERASIONAL', '-', 0, 'BID TIK POLDA NTB'),
(414, 36, '2124-XXI', 'MILLENIUM', 'MELENIUM', '2002-02-02', 'HDIP50FMJY1001149', 'LX3P3013D2000696', 'Baik', 'R4', 'OPERASIONAL', '-', 0, 'BID TIK POLDA NTB'),
(415, 36, '2125-XXI', 'SUZUKI', 'SUZUKI ADDRES', '2016-06-06', 'AE54ID137797', 'MH8CE47AAGJ132774', 'Baik', 'R2', 'OPERASIONAL', '-', 0, 'BID TIK POLDA NTB'),
(416, 36, '2111-XXI', 'SEPEDA MOTOR', 'KAWASAKI KLX 150', '2017-07-07', 'JKALX250SGDA24213', 'LX250DEA793', 'Baik', 'R2', 'OPERASIONAL', '-', 0, 'BID TIK POLDA NTB'),
(417, 26, '17-XXI', 'JEEP', 'JEEP HYUNDAI', '2010-01-01', 'KMHJT81BMCU383093', 'G4KBU524727', 'Baik', 'R4', 'OPERASIONAL', '-', 0, 'DIT POLAIRUD POLDA NTB'),
(418, 26, '1722-XXI', 'SUZUKI', 'SUZUKI A100', '2001-12-22', 'A100-ID231394', 'MH8A100XVIJ354170', 'Baik', 'R4', 'OPERASIONAL', '-', 0, 'DIT POLAIRUD POLDA NTB'),
(419, 26, '1721-XXI', 'SUZUKI', 'SUZUKI A100', '2001-01-01', 'A100ID231394', 'MH8A100XVIJ354160', 'Baik', 'R4', 'OPERASIONAL', '-', 0, 'DIT POLAIRUD POLDA NTB'),
(420, 26, '1723-XXI', 'MILLENIUM', 'MILLENIUM BEBEK', '2002-02-01', 'BS150FM2000273', 'LBSXCGLD421001723', 'Baik', 'R4', 'OPERASIONAL', '-', 0, 'DIT POLAIRUD POLDA NTB'),
(421, 26, '1724-XXI', 'SEPEDA MOTOR', 'YAMAHA RX KING', '2002-02-02', '3KA-532432', 'MH33KAO1003K558321', 'Baik', 'R2', 'OPERASIONAL', '-', 0, 'DIT POLAIRUD POLDA NTB'),
(422, 26, '1761-XXI', 'TRUCK', 'TRUCK MITS COLT', '2003-02-02', 'M4D31314620', 'RMHMFE-334E4RO25556', 'Baik', 'R6', 'OPERASIONAL', '-', 0, 'DIT POLAIRUD POLDA NTB'),
(423, 26, '1741-XXI', 'TOYOTA', 'TOYOTA KIJANG', '1991-12-19', '5K0329779', 'KF500339419', 'Baik', 'R4', 'OPERASIONAL', '-', 0, 'DIT POLAIRUD POLDA NTB'),
(424, 26, '1762-XXI', 'TRUCK', 'TRUCK ISUZU ', '2006-02-01', 'B-004365', 'MHCNK71LY61004365', 'Baik', 'R4', 'OPERASIONAL', '-', 0, 'DIT POLAIRUD POLDA NTB'),
(425, 26, '1763-XXI', 'TRUCK', 'TRUCK BOX ISUZU NKR 71', '2012-02-01', 'BO-40175', 'MHCNK71LYJO-40175', 'Baik', 'R4', 'OPERASIONAL', '-', 0, 'DIT POLAIRUD POLDA NTB'),
(426, 26, '1742-XXI', 'TRUCK', 'TRUCK ISUZU ELF', '2016-06-06', 'MO68784', 'MHCNHR55GGJ068784', 'Baik', 'R4', 'OPERASIONAL', '-', 0, 'DIT POLAIRUD POLDA NTB'),
(427, 26, '1725-XXI', 'SUZUKI', 'SUZUKI ADDRES', '2016-06-06', '137798', 'MH8CE47AAGJ132776', 'Baik', 'R4', 'OPERASIONAL', '-', 0, 'DIT POLAIRUD POLDA NTB'),
(428, 26, '1726-XXI', 'SEPEDA MOTOR', 'KAWASAKI TRAIL', '2019-09-09', 'LX1500EW45505', 'MH4LX150FHJP43031', 'Baik', 'R2', 'OPERASIONAL', '-', 0, 'DIT POLAIRUD POLDA NTB'),
(429, 25, '26-XXI', 'HYUNDAI', 'HYUNDAI TUCSON 2.0 AT', '2011-01-02', 'KMHJT81BMCU38372', 'G4KDBU500871', 'Baik', 'R4', 'OPERASIONAL', '-', 0, 'DIT TAHTI POLDA NTB'),
(430, 41, '140 XXI', 'MITSUBISHI', 'MITSUBISHI KUDA', '2003-03-20', '3926', '4518388123', 'Baik', 'R4', 'OPERASIONAL', '-', 0, 'SERUM POLDA NTB'),
(431, 41, '141 XXI', 'DAIHATSU', 'DAIHATSU GRAND MAX', '2013-02-01', '5-5385 ', '1-7272', 'Baik', 'R4', 'OPERASIONAL', '-', 0, 'SETUM POLDA NTB'),
(432, 41, '1403 XXI', 'SEPEDA MOTOR', 'YAMAHA RX KING', '2003-02-01', '3KA-538693', 'MH33KA0103K56528', 'Baik', 'R2', 'OPERASIONAL', '-', 0, 'SETUM POLDA NTB'),
(433, 41, '1402 XXI', 'SUZUKI', 'SUZUKI SEMI TRAIL', '2001-02-01', 'A100ID-1D23167', 'MH8A100XV1J344247', 'Baik', 'R2', 'OPERASIONAL', '-', 0, 'SETUM POLDA NTB'),
(434, 41, '1401 XXI', 'SEPEDA MOTOR', 'SUZUKI A100', '1996-12-19', 'A100-ID202388', 'MH8A100XVIJ315494', 'Baik', 'R2', 'OPERASIONAL', '-', 0, 'SETUM POLDA NTB'),
(435, 35, '22-XXI', 'ISUZU', 'ISUZU D-MAX', '2013-02-02', 'JZ6176', 'MPATFS85HTC107149', 'Baik', 'R4', 'OPERASIONAL', '-', 0, 'BID DOKKES POLDA NTB'),
(436, 35, '2210-XXI', 'MOBIL', 'NEW ERTIGA', '2017-02-01', 'K148T1251364', 'MHYKZE81SHJ317097', 'Baik', 'R4', 'OPERASIONAL', '-', 0, 'BID DOKKES POLDA NTB'),
(437, 35, '222 XXI', 'AMBULANCE', 'HINO R6 AMBULANCE', '2014-04-04', 'WLTA 116947', 'MNBBSBE-408W776050', 'Baik', 'R6', 'OPERASIONAL', '-', 0, 'BID DOKKES POLDA NTB'),
(438, 35, '220 XXI', 'FORD', 'FORD RANGER AMBULANCE', '2013-03-03', '61198.0500.82513', '638.094232725.02', 'Baik', 'R6', 'OPERASIONAL', '-', 0, 'BID DOKKES POLDA NTB'),
(439, 35, '221 XXI', 'TOYOTA', 'TOYOTA KIJANG', '1992-09-09', 'SK9124982', 'KV50-122537', 'Baik', 'R6', 'OPERASIONAL', '-', 0, 'BID DOKKES POLDA NTB'),
(440, 35, '228 XXI', 'SEPEDA MOTOR', 'KAWASAKI TRAIL', '2013-03-03', 'MH4LX150CDKP82184', 'LX150CEP05272', 'Baik', 'R2', 'OPERASIONAL', '-', 0, 'BID DOKKES POLDA NTB'),
(441, 35, '229 XXI', 'SUZUKI', 'SUZUKI ADDRES', '2016-06-06', 'MH8CE47AAGJ132734', 'AE54-ID137759', 'Baik', 'R4', 'OPERASIONAL', '-', 0, 'BID DOKKES POLDA NTB'),
(442, 35, '227 XXI', 'MILLENIUM', 'MILLENIUM', '2001-01-01', 'HDIP50FMGY41001066', 'LWAXCGL32YA1010075', 'Baik', 'R4', 'OPERASIONAL', '-', 0, 'BID DOKKES POLDA NTB'),
(443, 35, '226 XXI', 'SUZUKI', 'SUZUKI TRS', '2001-11-13', 'A100-ID234034', 'MHB-A100XV213569', 'Baik', 'R4', 'OPERASIONAL', '-', 0, 'BID DOKKES POLDA NTB'),
(444, 32, '1832  XXI', 'DAIHATSU', 'DAIHATSU FEROZA', '1996-12-19', '32234', '030934', 'Baik', 'R4', 'OPERASIONAL', '-', 0, 'BID PROPAM POLDA NTB'),
(445, 32, '184 XXI', 'FORD', 'FORD RANGER', '2010-01-01', 'MNBBS2E40AW897000', 'WLAT1221143', 'Baik', 'R4', 'OPERASIONAL', '-', 0, 'BID PROPAM POLDA NTB'),
(446, 32, '1842 XXI', 'SUZUKI', 'SUZUKI ECONOSS', '2001-02-02', 'A100-ID231221', 'MH8A100XIJ354585', 'Baik', 'R4', 'OPERASIONAL', '-', 0, 'BID PROPAM POLDA NTB'),
(447, 32, '1831 XXI', 'TOYOTA', 'TOYOTA KIJANG', '1997-12-09', '7K-0174594', 'MHF11/XF80.0027057', 'Baik', 'R4', 'OPERASIONAL', '-', 0, 'BID PROPAM POLDA NTB'),
(448, 32, '1845 XXI', 'YAMAHA', 'YAMAHA SCORPIO', '2005-05-05', '5BP-0003617', 'MH33K00006K00590', 'Baik', 'R2', 'OPERASIONAL', '-', 0, 'BID PROPAM POLDA NTB'),
(449, 32, '1847 XXI', 'YAMAHA', 'YAMAHA RX KING', '2003-03-03', '3KA-788173', 'MH33KO176K814000', 'Baik', 'R2', 'OPERASIONAL', '-', 0, 'BID PROPAM POLDA NTB'),
(450, 32, '1844 XXI', 'SUZUKI', 'SUZUKI THUNDER', '2013-03-03', 'FAB1-ID118508', 'MH8NF4AADJ118470', 'Baik', 'R4', 'OPERASIONAL', '-', 0, 'BID PROPAM POLDA NTB'),
(451, 32, '1843 XXI', 'SUZUKI', 'SUZUKI THUNDER', '2013-03-03', 'FAB1-ID118418', 'MH8NF4AADJ118463', 'Baik', 'R4', 'OPERASIONAL', '-', 0, 'BID PROPAM POLDA NTB'),
(452, 32, '1846 XXI', 'SUZUKI', 'SUZUKI THUNDER', '2013-03-03', 'FAB1-ID118531', 'MH8NF4AADJ118577', 'Baik', 'R4', 'OPERASIONAL', '-', 0, 'BID PROPAM POLDA NTB'),
(453, 32, '1811 XXI', 'SUZUKI', 'SUZUKI ADDRES', '2016-06-06', 'AE54-ID137753', 'MH8CE47AAGJ132766', 'Baik', 'R4', 'OPERASIONAL', '-', 0, 'BID PROPAM POLDA NTB'),
(454, 32, '1848 XXI', 'SEPEDA MOTOR', 'KAWASAKI KLX 150', '2017-07-07', 'LX1500EW460029', 'MH4LX150FHJP43870', 'Baik', 'R2', 'OPERASIONAL', '-', 0, 'BID PROPAM POLDA NTB'),
(455, 32, '18 XXI', 'ISUZU', 'ISUZU D-MAX', '2016-06-06', 'PA7188', 'MMPATFS86GT009408M', 'Baik', 'R4', 'OPERASIONAL', '-', 0, 'BID PROPAM POLDA NTB'),
(456, 32, '1841 XXI', 'ISUZU', 'ISUZU D-MAX', '2016-06-06', 'PA9211', 'MPATFS86JGT009559', 'Baik', 'R4', 'OPERASIONAL', '-', 0, 'BID PROPAM POLDA NTB'),
(457, 37, '233 XXI', 'ESPASS', 'ESPASS', '1997-12-19', '9213037', '3005947', 'Baik', 'R4', 'OPERASIONAL', '-', 0, 'BID KEU POLDA NTB'),
(458, 37, '232 XXI', 'FEROZA', 'FEROZA', '1997-12-19', '96503', '48323', 'Baik', 'R4', 'OPERASIONAL', '-', 0, 'BID KEU POLDA NTB'),
(459, 37, '23 XXI', 'HYUNDAI', 'HYUNDAI TUCSON 2.0 AT', '2011-01-01', 'G4KDBU527869', 'KMHJT81BMCU384510', 'Baik', 'R4', 'OPERASIONAL', '-', 0, 'BID KEU POLDA NTB'),
(460, 37, '231 XXI', 'FORD', 'FORD RANGER', '2011-01-01', 'WCTA133395', 'MNBB5FE408WF8961', 'Baik', 'R4', 'OPERASIONAL', '-', 0, 'BID KEU POLDA NTB'),
(461, 37, '2320 XXI', 'MILLENIUM', 'MELENIUM', '2011-01-01', 'HDIF50FMG-Y1001002', 'LWAXCGL32YA010108', 'Baik', 'R4', 'OPERASIONAL', '-', 0, 'BID KEU POLDA NTB'),
(462, 37, '2302 XXI', 'SUZUKI', 'SUZUKI ADDRES', '0017-01-22', 'MH8CE47AAGJ132746', 'AE54ID137840', 'Baik', 'R4', 'OPERASIONAL', '-', 0, 'BID KEU POLDA NTB'),
(463, 34, '196 XXI', 'NISSAN NAVARA', 'NISSAN NAVARA', '2017-01-02', 'YD25608226T', 'MNTCC4D23O-001438', 'Baik', 'R4', 'OPERASIONAL', '-', 0, 'BID HUMAS POLDA NTB'),
(464, 34, '194 XXI', 'MINBUS', 'MINIBUS MITSUBISHI KUDA', '2003-03-03', '4G18-367003', 'MHMVAAIWJR3K-003502', 'Baik', 'R4', 'OPERASIONAL', '-', 0, 'BID HUMAS POLDA NTB'),
(465, 34, '195 XXI', 'TOYOTA', 'TOYOTA RUSH', '2007-07-07', 'DAD2520', 'MHFE2CJ3J7K003500', 'Baik', 'R4', 'OPERASIONAL', '-', 0, 'BID HUMAS POLDA NTB'),
(466, 34, '19 XXI', 'SUZUKI', 'SUZUKI GRAND VITARA 2.4 A/T', '2016-06-06', '1303841', 'JSAJIE4VG41000223', 'Baik', 'R4', 'OPERASIONAL', '-', 0, 'BID HUMAS POLDA NTB'),
(467, 34, '192 XXI', 'YAMAHA', 'YAMAHA RX KING', '2005-05-05', '3KA-788054', 'MH33KA017GK813965', 'Baik', 'R2', 'OPERASIONAL', '-', 0, 'BID HUMAS POLDA NTB'),
(468, 34, '193 XXI', 'SUZUKI', 'SUZUKI ECONOSS', '2002-02-02', 'A100-ID233931', 'MM8A100XVIJ357047', 'Baik', 'R4', 'OPERASIONAL', '-', 0, 'BID HUMAS POLDA NTB'),
(469, 34, '191 XXI', 'SUZUKI', 'SUZUKI ECONOSS', '2000-02-02', 'A100-ID2311094', 'MH8A100XVIJ354490', 'Baik', 'R4', 'OPERASIONAL', '-', 0, 'BID HUMAS POLDA NTB'),
(470, 32, '20 XXI', 'HYUNDAI', 'HYUNDAI TUCSON', '2011-01-01', 'G4KBU524889', 'KMHJT81BMCU382974', 'Baik', 'R4', 'OPERASIONAL', '-', 0, 'BID KUM POLDA NTB'),
(471, 33, '204 XXI', 'DAIHATSU', 'DAIHATSU FEROZA', '1997-12-19', '32201', '84101', 'Baik', 'R4', 'OPERASIONAL', '-', 0, 'BID KUM POLDA NTB'),
(472, 33, '203 XXI', 'SEDAN', 'SEDAN TIMOR', '1998-12-19', 'B 337861', 'MHJRS115MVFJ00279', 'Baik', 'R4', 'OPERASIONAL', '-', 0, 'BID KUM POLDA NTB'),
(473, 33, '201 XXI', 'SUZUKI', 'SUZUKI ECONOSS', '2017-07-07', 'A100-ID231059', 'MH8S100XVIJ35441', 'Baik', 'R4', 'OPERASIONAL', '-', 0, 'BID KUM POLDA NTB'),
(474, 42, '2705 XXI', 'SEPEDA MOTOR', 'SUZUKI THUNDER', '2009-09-09', 'F405ID598031', 'MH8EN125A8J598825', 'Baik', 'R2', 'OPERASIONAL', '-', 0, 'RUMKIT POLDA NTB'),
(475, 42, '2706 XXI', 'SEPEDA MOTOR', 'SUZUKI THUNDER', '2009-09-09', 'F405-ID598031', 'MH8EN-125A8J598825', 'Baik', 'R2', 'OPERASIONAL', '-', 0, 'RUMKIT POLDA NTB'),
(476, 41, '2708 XXI', 'SEPEDA MOTOR', 'SUZUKI ADDRES', '2017-07-07', 'AE54-ID134873', 'MH8CE47AAGJ132760', 'Baik', 'R2', 'OPERASIONAL', '-', 0, 'RUMKIT POLDA NTB'),
(477, 42, '27 XXI', 'ISUZU', 'ISUZU HI-GRIDE', '2005-07-07', 'MHCTBR54F5K265366', 'E265366', 'Baik', 'R2', 'OPERASIONAL', '-', 0, 'RUMKIT POLDA NTB'),
(478, 42, '2704 XXI', 'AMBULANCE', 'AMBULANCE NISSAN', '0000-00-00', 'MHBK1CG1FEJ-01612', 'HR15-7122586T', 'Baik', 'R6', 'OPERASIONAL', '-', 0, 'RUMKIT POLDA NTB'),
(479, 42, '2707 XXI', 'AMBULANCE', 'AMBULANCE STANDART ISUZU', '2016-02-01', '-*', '--', 'Baik', 'R6', 'OPERASIONAL', '-', 0, 'RUMKIT POLDA NTB'),
(480, 42, '2709 XXI', 'AMBULANCE', 'AMBULANCE STANDART ISUZU', '2015-05-05', 'MCNHR55EGJ069285', 'M069285', 'Baik', 'R6', 'OPERASIONAL', '-', 0, 'RUMKIT POLDA NTB'),
(481, 42, '2709 XXI', 'AMBULANCE', 'AMBULANCE STANDART ISUZU', '2017-07-07', '68109', '29625', 'Baik', 'R6', 'OPERASIONAL', '-', 0, 'RUMKIT POLDA NTB'),
(482, 28, '820 XXI', 'JEEP', 'JEEP DAIHATSU', '1996-12-21', '22844', '9372824', 'Baik', 'R4', 'OPERASIONAL', '-', 0, 'DIT INTELKAM POLDA NTB'),
(483, 28, '822 XXI', 'JEEP', 'JEEP MITSUBISHI', '2003-03-03', '4115', '4G-18398498', 'Baik', 'R2', 'OPERASIONAL', '-', 0, 'DIT INTELKAM POLDA NTB'),
(484, 28, '8 XXI', 'JEEP', 'JEEP HYUNDAI', '2011-01-01', 'G4KDBU528223', 'KMHJT81BMCU384934', 'Baik', 'R4', 'OPERASIONAL', '-', 0, 'DIT INTELKAM POLDA NTB'),
(485, 28, '850 XXI', 'MINBUS', 'MINIBUS TOYOTA INNOVA', '2015-02-02', '1TR-8841685', 'MHFXW43G0F4094688', 'Baik', 'R4', 'OPERASIONAL', '-', 0, 'DIT INTELKAM POLDA NTB'),
(486, 28, '823 XXI', 'MINBUS', 'MINIBUS TOYOTA AVANZA', '2013-03-03', '3SZ-DDZ3315', 'MHKM1CA3JDK014956', 'Baik', 'R4', 'OPERASIONAL', '-', 0, 'DIT INTELKAM POLDA NTB'),
(487, 28, '81 XXI', 'MINIBUS', 'MINIBUS TOYOTA AVANZA', '2014-04-04', 'DEH2552', 'MHKM1CA3JEK018060', 'Baik', 'R4', 'OPERASIONAL', '-', 0, 'DIT INTELKAM POLDA NTB'),
(488, 28, '851 XXI', 'MINIBUS', 'MINIBUS TOYOTA AVANZA', '2014-04-04', '3SZDFB1199', 'MHKM1CA3JEK019892', 'Baik', 'R4', 'OPERASIONAL', '-', 0, 'DIT INTELKAM POLDA NTB'),
(489, 28, '824 XXI', 'DOUBLE CABIN', 'FORD RANGER DOUBLE CABIN', '2011-02-01', 'WLAT1276565', 'MNBBSFE40BW941769', 'Baik', 'R4', 'OPERASIONAL', '-', 0, 'DIT INTELKAM POLDA NTB'),
(490, 28, '80 XXI', 'DOUBLE CABIN', 'ISUZU D-MAX', '2016-06-06', 'PA9196', 'MPATFS86JGT009549', 'Baik', 'R4', 'OPERASIONAL', '-', 0, 'DIT INTELKAM POLDA NTB'),
(491, 28, '860 XXI', 'MINIBUS', 'MINIBUS TOYOTA AVANZA', '2017-07-07', '1NRF253257', 'MHKM5EA3JHK059390', 'Baik', 'R4', 'OPERASIONAL', '-', 0, 'DIT INTELKAM POLDA NTB'),
(492, 28, '801 XXI', 'MINIBUS', 'MINIBUS TOYOTA AVANZA', '2018-08-08', '2NRF693353', 'MHKM5FA4JJK042162', 'Baik', 'R4', 'OPERASIONAL', '-', 0, 'DIT INTELKAM POLDA NTB'),
(493, 28, '852 XXI', 'MINIBUS', 'MINIBUS INOVA', '2017-07-07', '1TRA355904', 'MHFAQ8EMIH0207932', 'Baik', 'R4', 'OPERASIONAL', '-', 0, 'DIT INTELKAM POLDA NTB'),
(494, 28, '89 XXI', 'SEPEDA MOTOR', 'SUZUKI', '2001-01-01', 'F103-ID120209', 'MH8TS125EIJ20903', 'Baik', 'R2', 'OPERASIONAL', '-', 0, 'DIT INTELKAM POLDA NTB'),
(495, 27, '810 XXI', 'SEPEDA MOTOR', 'SUZUKI', '2001-01-01', 'F103-ID120972', 'MH8TS125EIJ20913', 'Baik', 'R2', 'OPERASIONAL', '-', 0, 'DIT INTELKAM POLDA NTB'),
(496, 28, '87 XXI', 'SEPEDA MOTOR', 'SUZUKI', '2001-01-01', 'F103-ID120805', 'MH8TS125EIJ20904', 'Baik', 'R2', 'OPERASIONAL', '-', 0, 'DIT INTELKAM POLDA NTB'),
(497, 28, '870 XXI', 'SEPEDA MOTOR', 'YAMAHA RX KING', '2002-02-02', '3KA-531748', 'MH33KAO103K557563', 'Baik', 'R2', 'OPERASIONAL', '-', 0, 'DIT INTELKAM POLDA NTB'),
(498, 27, '811 XXI', 'SEPEDA MOTOR', 'HONDA WIN', '2002-02-02', 'HBBE10356653', 'MHHAABRIX2K035762', 'Baik', 'R2', 'OPERASIONAL', '-', 0, 'DIT INTELKAM POLDA NTB'),
(499, 27, '840 XXI', 'SEPEDA MOTOR', 'HONDA CBR', '2014-04-04', 'KC41-1227379', 'MH1KK0411BEK227974', 'Baik', 'R2', 'OPERASIONAL', '-', 0, 'DIT INTELKAM POLDA NTB'),
(500, 28, '825 XXI', 'SEPEDA MOTOR', 'SUZUKI ADDRES', '2017-07-07', 'AE54-ID137800', 'MH8CE47AAGJ132754', 'Baik', 'R2', 'OPERASIONAL', '-', 0, 'DIT INTELKAM POLDA NTB'),
(501, 28, '853 XXI', 'MINIBUS', 'MINIBUS INOVA', '2020-02-02', '26D-C727223', 'MHFGB6EM2L0438733', 'Baik', 'R4', 'OPERASIONAL', '-', 0, 'DIT INTELKAM POLDA NTB'),
(502, 28, '854 XXI', 'MINIBUS', 'MINIBUS TOYOTA INNOVA', '2022-02-02', '2GD-C965916', 'MHFAB3EM2N0024226', 'Baik', 'R4', 'OPERASIONAL', '-', 0, 'DIT INTELKAM POLDA NTB'),
(503, 28, '861 XXI', 'TOYOTA', 'TOYOTA VRZ', '2022-02-02', '1GD-5252751', 'MHFAA8GS6NO784011', 'Baik', 'R4', 'OPERASIONAL', '-', 0, 'DIT INTELKAM POLDA NTB'),
(504, 28, '856 XXI', 'TOYOTA', 'TOYOTA INNOVA REBORN', '2023-02-02', '1TR-B043767', 'MHFAW8EM0N0222210', 'Baik', 'R4', 'OPERASIONAL', '-', 0, 'DIT INTELKAM POLDA NTB'),
(505, 28, '855 XXI', 'TOYOTA', 'TOYOTA INIVA', '2023-02-02', 'M2DA-NA29175', 'MHFFAAAAA7P0008237', 'Baik', 'R4', 'OPERASIONAL', '-', 0, 'DIT INTELKAM POLDA NTB'),
(506, 22, '12806 XXI', 'MAZDA ', 'MAZDA 6.2.5. AT', '2012-02-02', 'L510756330', 'JMGH1052C0228569', 'Baik', 'R4', 'OPERASIONAL', '-', 0, 'DITLANTAS POLDA NTB'),
(507, 22, '12897 XXI', 'MAZDA ', 'MAZDA 6.2.5. AT', '2013-03-03', 'L51015930', 'JMGH1052CO228640', 'Baik', 'R4', 'OPERASIONAL', '-', 0, 'DITLANTAS POLDA NTB'),
(508, 22, '128 XXI', 'MAZDA ', 'MAZDA 6', '2014-04-04', '133416', '3395', 'Baik', 'R4', 'OPERASIONAL', '-', 0, 'DITLANTAS POLDA NTB'),
(509, 22, '12802 XXI', 'MAZDA ', 'MAZDA 6', '2014-04-04', '134108', '5959', 'Baik', 'R4', 'OPERASIONAL', '-', 0, 'DITLANTAS POLDA NTB'),
(510, 22, '12 XXI', 'HYUNDAI', 'HYUNDAI TUCSON 2.0 AT', '2011-01-01', 'KMHJT81BMCU384714', 'GAKDBU528078', 'Baik', 'R4', 'OPERASIONAL', '-', 0, 'DITLANTAS POLDA NTB'),
(511, 22, '1223 XXI', 'TERIOS', 'TERIOS XAT EXTRA', '2016-06-06', '352DFX6685', 'MHKG2K1J1GK005883', 'Baik', 'R4', 'OPERASIONAL', '-', 0, 'DITLANTAS POLDA NTB'),
(512, 22, '1287 XXI', 'ISUZU', 'ISUZU NQR 71', '2016-06-06', 'M064678', 'MHCNKR55HFJ064678', 'Baik', 'R4', 'OPERASIONAL', '-', 0, 'DITLANTAS POLDA NTB'),
(513, 22, '1286 XXI', 'DAIHATSU ', 'DAIHATSU LUXIO D M/T', '2013-12-12', 'DEA 0163', 'MHKW3CA2JDK010296', 'Baik', 'R4', 'OPERASIONAL', '-', 0, 'DITLANTAS POLDA NTB'),
(514, 23, '1205 XXI', 'MITSUBISHI', 'MITSUBISHI XPANDER', '2018-12-12', '4A91GH7099', '2NRF887459', 'Baik', 'R4', 'OPERASIONAL', '-', 0, 'DITLANTAS POLDA NTB'),
(515, 22, '1285 XXI', 'TOYOTA', 'TOYOTA RUSH', '2019-10-12', '2NRF887459', 'MHKE8FB2JKK007087', 'Baik', 'R4', 'OPERASIONAL', '-', 0, 'DITLANTAS POLDA NTB'),
(516, 22, '1284 XXI', 'TOYOTA', 'TOYOTA RUSH', '2019-10-12', '2NRF875116', 'MHKE8FB2JKK006735', 'Baik', 'R4', 'OPERASIONAL', '-', 0, 'DITLANTAS POLDA NTB'),
(517, 22, '12807 XXI', 'ISUZU D-MAX', 'ISUZU D-MAX', '2005-12-31', '998312', 'MPATF577HA515139M', 'Baik', 'R4', 'OPERASIONAL', '-', 0, 'DITLANTAS POLDA NTB'),
(518, 22, '12843 XXI', 'FORD', 'FORD RANGER', '2015-12-29', 'P4AT1215396', 'MNBLMFF20FW315394', 'Baik', 'R4', 'OPERASIONAL', '-', 0, 'DITLANTAS POLDA NTB'),
(519, 22, '12840 XXI', 'FORD', 'FORD RANGER', '2015-12-29', 'P4AT12119400', 'MNBLMFF80EW320292', 'Baik', 'R4', 'OPERASIONAL', '-', 0, 'DITLANTAS POLDA NTB'),
(520, 22, '12808 XXI', 'ISUZU', 'ISUZU D-MAX', '2016-02-11', 'PM3498', '13667', 'Baik', 'R4', 'OPERASIONAL', '-', 0, 'DITLANTAS POLDA NTB'),
(521, 21, '1241 XXI', 'TOYOTA', 'TOYOTA DYNA', '2005-12-13', '1792272', '360008704', 'Baik', 'R4', 'OPERASIONAL', '-', 0, 'DITLANTAS POLDA NTB'),
(522, 22, '1240 XXI', 'SUZUKI', 'SUZUKI APV', '2008-01-01', '615AID164500', 'MHVGDN42VT3301731', 'Baik', 'R4', 'OPERASIONAL', '-', 0, 'DITLANTAS POLDA NTB'),
(523, 22, '12844 XXI', 'MITSUBISHI', 'MITSUBISHI LANCER', '2016-10-13', 'RB0820-4B11', 'JMYSTCY4AGU000902', 'Baik', 'R4', 'OPERASIONAL', '-', 0, 'DITLANTAS POLDA NTB'),
(524, 22, '12813 XXI', 'MITSUBISHI', 'MITSUBISHI LANCER', '2017-06-11', '611', '6111', 'Baik', 'R4', 'OPERASIONAL', '-', 0, 'DITLANTAS POLDA NTB'),
(525, 22, '12809 XXI', 'MITSUBISHI', 'MITSUBISHI LANCER', '2017-06-11', '652', '6-52', 'Baik', 'R4', 'OPERASIONAL', '-', 0, 'DITLANTAS POLDA NTB'),
(526, 22, '12804 XXI', 'MITSUBISHI', 'MITSUBISHI LANCER', '2017-06-11', '651 ', '6-51', 'Baik', 'R4', 'OPERASIONAL', '-', 0, 'DITLANTAS POLDA NTB'),
(527, 22, '1201 XXI', 'ISUZU', 'ISUZU MUX', '2018-11-15', 'SY4410', 'MPAUCR86GJT000315', 'Baik', 'R4', 'OPERASIONAL', '-', 0, 'DITLANTAS POLDA NTB'),
(528, 22, '12838 XXI', 'ISUZU', 'ISUZU D-MAX', '2019-10-28', '6988', 'UE5753', 'Baik', 'R4', 'OPERASIONAL', '-', 0, 'DITLANTAS POLDA NTB'),
(529, 22, '12840 XXI', 'ISUZU', 'ISUZU D-MAX', '2019-10-28', '6994', 'UE 5760', 'Baik', 'R4', 'OPERASIONAL', '-', 0, 'DITLANTAS POLDA NTB'),
(530, 22, '1266 XXI', 'ISUZU', 'ISUZU D-MAX', '2017-09-22', '8091', '8-091', 'Baik', 'R4', 'OPERASIONAL', '-', 0, 'DITLANTAS POLDA NTB'),
(531, 22, '122 XXI', 'MAZDA ', 'NEW MAZDA', '2018-07-05', 'PY240114', 'JM6GL-1031J0145795', 'Baik', 'R4', 'OPERASIONAL', '-', 0, 'DITLANTAS POLDA NTB'),
(532, 22, '1203 XXI', 'ISUZU', 'ISUZU D-MAX', '2018-12-05', 'SY4428', 'MPATFS86JJT006741', 'Baik', 'R4', 'OPERASIONAL', '-', 0, 'DITLANTAS POLDA NTB'),
(533, 22, '1204 XXI', 'ISUZU', 'ISUZU D-MAX', '2018-12-05', 'SY7307', 'MPATFS86JJT006761', 'Baik', 'R4', 'OPERASIONAL', '-', 0, 'DITLANTAS POLDA NTB'),
(534, 22, '12842 XXI', 'ISUZU', 'ISUZU MUX', '2019-02-10', '306', 'UE 0520', 'Baik', 'R4', 'OPERASIONAL', '-', 0, 'DITLANTAS POLDA NTB'),
(535, 22, '12501 XXI', 'HINO', 'HINO DUTRO', '2019-12-13', 'W04DTRR-72364', 'MJEC1JG43K-5183454', 'Baik', 'R4', 'OPERASIONAL', '-', 0, 'DITLANTAS POLDA NTB'),
(536, 22, '1250 XXI', 'ISUZU', 'ISUZU NQR 71', '2008-05-02', 'B-007682', 'MHCNK71YL7J007682', 'Baik', 'R4', 'OPERASIONAL', '-', 0, 'DITLANTAS POLDA NTB'),
(537, 21, '12820 XXI', 'SEPEDA MOTOR', 'YAMAHA SCORPIO', '2005-12-31', '5BP-085617', 'MH35BP0047K085319', 'Baik', 'R4', 'OPERASIONAL', '-', 0, 'DITLANTAS POLDA NTB'),
(538, 22, '12819 XXI', 'SEPEDA MOTOR', 'YAMAHA SCORPIO', '2005-12-31', '5BP-0400734', 'MH35BP0036K0400633', 'Baik', 'R2', 'OPERASIONAL', '-', 0, 'DITLANTAS POLDA NTB'),
(539, 22, '12822 XXI', 'SEPEDA MOTOR', 'YAMAHA SCORPIO', '2005-12-31', '5BP-0400840', 'MH35BP0036K0400746', 'Baik', 'R4', 'OPERASIONAL', '-', 0, 'DITLANTAS POLDA NTB'),
(540, 22, '12821 XXI', 'SEPEDA MOTOR', 'YAMAHA SCORPIO', '2005-12-31', '5BP-0400808', 'MH35BP0036K0400706', 'Baik', 'R2', 'OPERASIONAL', '-', 0, 'DITLANTAS POLDA NTB'),
(541, 22, '12824 XXI', 'SEPEDA MOTOR', 'YAMAHA SCORPIO', '2005-12-13', '5BP-0400860', 'MH35BP0036K0400765', 'Baik', 'R2', 'OPERASIONAL', '-', 0, 'DITLANTAS POLDA NTB'),
(542, 22, '12825 XXI', 'SEPEDA MOTOR', 'YAMAHA SCORPIO', '2005-12-31', '5BP-0400602', 'MH35BP0036K0400513', 'Baik', 'R2', 'OPERASIONAL', '-', 0, 'DITLANTAS POLDA NTB'),
(543, 22, '12826 XXI', 'SEPEDA MOTOR', 'YAMAHA SCORPIO', '2005-12-31', '5BP-0400731', 'MH35BP0036K0400634', 'Baik', 'R2', 'OPERASIONAL', '-', 0, 'DITLANTAS POLDA NTB'),
(544, 22, '12815 XXI', 'SEPEDA MOTOR', 'YAMAHA XJ900P', '2005-12-31', '4KM-122572', '4KM-12242', 'Baik', 'R2', 'OPERASIONAL', '-', 0, 'DITLANTAS POLDA NTB'),
(545, 22, '1264 XXI', 'SEPEDA MOTOR', 'YAMAHA SCORPIO', '2007-07-08', '5BP-085634', 'MH35BP0047K085220', 'Baik', 'R2', 'OPERASIONAL', '-', 0, 'DITLANTAS POLDA NTB'),
(546, 22, '1263 XXI', 'SEPEDA MOTOR', 'YAMAHA SCORPIO', '2007-07-08', '5BP-040890', 'MH35BP0036K040786', 'Baik', 'R2', 'OPERASIONAL', '-', 0, 'DITLANTAS POLDA NTB'),
(547, 22, '1221 XXI', 'SEPEDA MOTOR', 'SUZUKI THUNDER', '2008-09-01', 'F405-ID475661', 'MH8EN125A7J474930', 'Baik', 'R2', 'OPERASIONAL', '-', 0, 'DITLANTAS POLDA NTB'),
(548, 22, '1222 XXI', 'SEPEDA MOTOR', 'SUZUI SHOGUN', '2008-09-01', 'F496-108643', 'MH8BF45CA7J102003', 'Baik', 'R2', 'OPERASIONAL', '-', 0, 'DITLANTAS POLDA NTB'),
(549, 22, '12828 XXI', 'SEPEDA MOTOR', 'HARLEY DAVIDSON', '2012-02-01', 'FMM7680429', '5HDIFMM177Y680429', 'Baik', 'R2', 'OPERASIONAL', '-', 0, 'DITLANTAS POLDA NTB'),
(550, 22, '12829 XXI', 'SEPEDA MOTOR', 'HARLEY DAVIDSON', '2012-01-20', 'FMM7685421', '5HDIFMM177Y685421', 'Baik', 'R2', 'OPERASIONAL', '-', 0, 'DITLANTAS POLDA NTB'),
(551, 22, '1251 XXI', 'SEPEDA MOTOR', 'YAMAHA SCORPIO', '2012-08-02', '54D-022697', 'MH354D001BK022608', 'Baik', 'R2', 'OPERASIONAL', '-', 0, 'DITLANTAS POLDA NTB'),
(552, 26, '1243 XXI', 'SEPEDA MOTOR', 'YAMAHA SCORPIO', '2012-08-02', '54D-023739', 'MH354D001BK023753', 'Baik', 'R2', 'OPERASIONAL', '-', 0, 'DIT POLAIRUD POLDA NTB'),
(553, 26, '12831 XXI', 'SEPEDA MOTOR', 'YAMAHA SCORPIO', '2012-04-12', '54D-039825', 'MH354D002CK040397', 'Baik', 'R2', 'OPERASIONAL', '-', 0, 'DIT POLAIRUD POLDA NTB'),
(554, 22, '12832 XXI', 'SEPEDA MOTOR', 'YAMAHA SCORPIO', '2012-04-12', '54D-039891', 'MH354D002CK039844', 'Baik', 'R2', 'OPERASIONAL', '-', 0, 'DIT POLAIRUD POLDA NTB'),
(555, 22, '12827 XXI', 'SEPEDA MOTOR', 'SUZUKI THUNDER', '2012-04-12', 'F4BI-ID113278', 'MH8NF4FAACJ111994', 'Baik', 'R2', 'OPERASIONAL', '-', 0, 'DIT POLAIRUD POLDA NTB'),
(556, 22, '12830 XXI', 'SEPEDA MOTOR', 'SUZUKI THUNDER', '2012-04-12', 'F4BI-ID111506', 'MH8NF4FAACJ1111903', 'Baik', 'R2', 'OPERASIONAL', '-', 0, 'DIT POLAIRUD POLDA NTB'),
(557, 26, '1226 XXI', 'SEPEDA MOTOR', 'SUZUKI AXELO', '2012-12-16', 'F496-ID423200', 'MH8BF45SABJ143648', 'Baik', 'R2', 'OPERASIONAL', '-', 0, 'DIT POLAIRUD POLDA NTB'),
(558, 26, '1227 XXI', 'SEPEDA MOTOR', 'SUZUKI AXELO', '2012-12-16', 'F496-ID419821', 'MH8BF45SABJ138246', 'Baik', 'R2', 'OPERASIONAL', '-', 0, 'DIT POLAIRUD POLDA NTB'),
(559, 26, '1228 XXI', 'SEPEDA MOTOR', 'SUZUKI HAYATE MATIC', '2013-01-22', '135747', 'MH8CF4EJACJ135760', 'Baik', 'R2', 'OPERASIONAL', '-', 0, 'DIT POLAIRUD POLDA NTB'),
(560, 26, '1229 XXI', 'SEPEDA MOTOR', 'SUZUKI HAYATE MATIC', '2013-01-22', '136515', 'MH8CF4EJACJ136520', 'Baik', 'R2', 'OPERASIONAL', '-', 0, 'DIT POLAIRUD POLDA NTB'),
(561, 25, '1230 XXI', 'SEPEDA MOTOR', 'SUZUKI HAYATE MATIC', '2013-01-22', '135591', 'MH8CF4EJACJ135586', 'Baik', 'R2', 'OPERASIONAL', '-', 0, 'DIT POLAIRUD POLDA NTB'),
(562, 26, '1231 XXI', 'SEPEDA MOTOR', 'SUZUKI HAYATE MATIC', '2013-01-22', '135668', 'MH8CF4EJACJ135689', 'Baik', 'R2', 'OPERASIONAL', '-', 0, 'DIT POLAIRUD POLDA NTB'),
(563, 26, '1232 XXI', 'SEPEDA MOTOR', 'HONDA TIGER', '2013-09-24', 'MC23E-0170359', 'MH1MC2319DK-070870', 'Baik', 'R2', 'OPERASIONAL', '-', 0, 'DIT POLAIRUD POLDA NTB'),
(564, 26, '1233 XXI', 'SEPEDA MOTOR', 'HONDA TIGER', '2013-09-24', 'MC23E-1070357', 'MH1MC2314DK-070873', 'Baik', 'R2', 'OPERASIONAL', '-', 0, 'DIT POLAIRUD POLDA NTB'),
(565, 26, '1234 XXI', 'SEPEDA MOTOR', 'HONDA TIGER', '2013-09-24', 'MC23E-1070360', 'MH1MC2313DK-070864', 'Baik', 'R2', 'OPERASIONAL', '-', 0, 'DIT POLAIRUD POLDA NTB'),
(566, 26, '1235 XXI', 'SEPEDA MOTOR', 'YAMAHA JUPITER Z', '2013-11-18', '1DY-198959', 'MH31DY-0050J198943', 'Baik', 'R2', 'OPERASIONAL', '-', 0, 'DIT POLAIRUD POLDA NTB'),
(567, 26, '1236 XXI', 'SEPEDA MOTOR', 'YAMAHA JUPITER Z', '2013-11-18', '1DY-198937', 'MH31DY-0050J198916', 'Baik', 'R2', 'OPERASIONAL', '-', 0, 'DIT POLAIRUD POLDA NTB'),
(568, 26, '1225 XXI', 'SUZUKI', 'SUZUKI ADDRES', '2017-03-13', 'AE54-ID137786', 'MH8CE47AAGJ132686', 'Baik', 'R4', 'OPERASIONAL', '-', 0, 'DIT POLAIRUD POLDA NTB'),
(569, 26, '1245 XXI', 'SEPEDA MOTOR', 'HONDA VARIO 125', '2019-12-12', 'JM41E1538257', 'MH1JM41117KK537344', 'Baik', 'R2', 'OPERASIONAL', '-', 0, 'DIT POLAIRUD POLDA NTB'),
(570, 26, '1246 XXI', 'SEPEDA MOTOR', 'HONDA VARIO 125', '2019-12-12', 'JM41E1538353', 'MH1JM4118KK53440', 'Baik', 'R2', 'OPERASIONAL', '-', 0, 'DIT POLAIRUD POLDA NTB'),
(571, 26, '1247 XXI', 'SEPEDA MOTOR', 'HONDA VARIO 125', '2019-12-12', 'JM41E138369', 'MH1JM4118KK538454', 'Baik', 'R2', 'OPERASIONAL', '-', 0, 'DIT POLAIRUD POLDA NTB'),
(572, 26, '1248 XXI', 'SEPEDA MOTOR', 'HONDA VARIO 125', '2019-02-12', 'JM41E1538236', 'MH1JM411XKK537323', 'Baik', 'R2', 'OPERASIONAL', '-', 0, 'DIT POLAIRUD POLDA NTB'),
(573, 26, '1242 XXI', 'SEPEDA MOTOR', 'KAISAR SPM PINTAR', '2008-03-09', '162FMJ88301470', 'MGPDRB2T18L000208', 'Baik', 'R4', 'OPERASIONAL', '-', 0, 'DIT POLAIRUD POLDA NTB'),
(574, 26, '1238 XXI', 'SEPEDA MOTOR', 'SUZUKI DR200S', '2017-10-20', 'H402-229740', 'JSISH42A7J2100692', 'Baik', 'R2', 'OPERASIONAL', '-', 0, 'DIT POLAIRUD POLDA NTB'),
(575, 26, '1239 XXI', 'SEPEDA MOTOR', 'SUZUKI DR200S', '2017-10-20', 'H402-230035', 'JSISH42A2J2100826', 'Baik', 'R2', 'OPERASIONAL', '-', 0, 'DIT POLAIRUD POLDA NTB'),
(576, 26, '1257 XXI', 'SEPEDA MOTOR', 'SUZUKI DR200S', '2017-02-10', 'H402-230733', 'JSISH42A5J2101520', 'Baik', 'R2', 'OPERASIONAL', '-', 0, 'DIT POLAIRUD POLDA NTB'),
(577, 26, '1275 XXI', 'SEPEDA MOTOR', 'YAMAHA MT 25', '2018-06-12', '6401E-0081775', 'MH3RG1010JK008854', 'Baik', 'R2', 'OPERASIONAL', '-', 0, 'DIT POLAIRUD POLDA NTB'),
(578, 26, '1276 XXI', 'SEPEDA MOTOR', 'YAMAHA MT 25', '2018-12-06', '6401E-0081774', 'MH3SG3180KK090433', 'Baik', 'R2', 'OPERASIONAL', '-', 0, 'DIT POLAIRUD POLDA NTB'),
(579, 26, '1277 XXI', 'SEPEDA MOTOR', 'YAMAHA MT 25', '2018-12-06', '6401E-0081725', 'MH3RG1010JK008817', 'Baik', 'R2', 'OPERASIONAL', '-', 0, 'DIT POLAIRUD POLDA NTB'),
(580, 26, '1280 XXI', 'SEPEDA MOTOR', 'YAMAHA MT 25', '2018-12-06', '6401E-0081697', 'MH3RG1010JK008787', 'Baik', 'R2', 'OPERASIONAL', '-', 0, 'DIT POLAIRUD POLDA NTB'),
(581, 26, '1290 XXI', 'SEPEDA MOTOR', 'YAMAHA NMAX', '2019-12-20', 'G3E4E-1726341', 'MH3SG3180KK090427', 'Baik', 'R2', 'OPERASIONAL', '-', 0, 'DIT POLAIRUD POLDA NTB'),
(582, 26, '1291 XXI', 'SEPEDA MOTOR', 'YAMAHA NMAX', '2019-12-20', 'G3E4E-1726337', 'MH3SG180KK090433', 'Baik', 'R2', 'OPERASIONAL', '-', 0, 'DIT POLAIRUD POLDA NTB'),
(583, 26, '1247 XXI', 'SEPEDA MOTOR', 'YAMAHA NMAX', '2019-12-20', 'G3E4E01726271', 'MH3SG3180KK090439', 'Baik', 'R2', 'OPERASIONAL', '-', 0, 'DIT POLAIRUD POLDA NTB'),
(584, 26, '1248 XXI', 'SEPEDA MOTOR', 'YAMAHA NMAX', '2019-12-20', 'G3E4E-1726438', 'MH3SG3180KK090455', 'Baik', 'R2', 'OPERASIONAL', '-', 0, 'DIT POLAIRUD POLDA NTB'),
(585, 26, '1249 XXI', 'SEPEDA MOTOR', 'YAMAHA NMAX', '2019-12-20', 'G3E4E-1726240', 'MH3SG3180KK090458', 'Baik', 'R2', 'OPERASIONAL', '-', 0, 'DIT POLAIRUD POLDA NTB'),
(586, 25, '1250 XXI', 'SEPEDA MOTOR', 'YAMAHA NMAX', '2019-12-20', 'G3E4E-1726734', 'MH3SG3180KK090504', 'Baik', 'R2', 'OPERASIONAL', '-', 0, 'DIT POLAIRUD POLDA NTB'),
(587, 26, '1258 XXI', 'SEPEDA MOTOR', 'YAMAHA XJ900P', '2017-10-12', '4KM-136643', 'JYA4KM0H0136689', 'Baik', 'R2', 'OPERASIONAL', '-', 0, 'DIT POLAIRUD POLDA NTB'),
(588, 26, '1259 XXI', 'SEPEDA MOTOR', 'YAMAHA XJ900P', '2017-10-12', '4KM-136644', 'JYA4KM0H0136690', 'Baik', 'R2', 'OPERASIONAL', '-', 0, 'DIT POLAIRUD POLDA NTB'),
(589, 26, '1270 XXI', 'SEPEDA MOTOR', 'HONDA HFR 800X', '2017-02-12', 'RC79E5201237', 'JH2RC94AOHK000657', 'Baik', 'R2', 'OPERASIONAL', '-', 0, 'DIT POLAIRUD POLDA NTB'),
(590, 26, '1271 XXI', 'SEPEDA MOTOR', 'HONDA HFR 800X', '2017-02-21', 'RC79E5202737', 'JH2RC94A4HK001486', 'Baik', 'R2', 'OPERASIONAL', '-', 0, 'DIT POLAIRUD POLDA NTB'),
(591, 25, '1272 XXI', 'SEPEDA MOTOR', 'HONDA VFR 800X', '2017-02-12', 'RC79E5202078', 'JH2RC94AXHK001184', 'Baik', 'R2', 'OPERASIONAL', '-', 0, 'DIT POLAIRUD POLDA NTB'),
(592, 26, '1273 XXI', 'SEPEDA MOTOR', 'HONDA VFR 800X', '2017-12-21', 'RC79E5202367', 'JH2RC94A1HK001283', 'Baik', 'R2', 'OPERASIONAL', '-', 0, 'DIT POLAIRUD POLDA NTB'),
(593, 26, '1274 XXI', 'SEPEDA MOTOR', 'HONDA VFR 800X', '2017-12-21', 'RC79E5202712', 'JH2RC94A1HK001462', 'Baik', 'R2', 'OPERASIONAL', '-', 0, 'DIT POLAIRUD POLDA NTB'),
(594, 26, '1260 XXI', 'SEPEDA MOTOR', 'YAMAHA XJ900P', '2018-10-26', '4KM137569', 'JYA4KM0J0137569', 'Baik', 'R2', 'OPERASIONAL', '-', 0, 'DIT POLAIRUD POLDA NTB'),
(595, 26, '1261 XXI', 'SEPEDA MOTOR', 'YAMAHA XJ900P', '2018-10-26', '4KM137556', 'JYA4KM0J0137646', 'Baik', 'R4', 'OPERASIONAL', '-', 0, 'DIT POLAIRUD POLDA NTB'),
(596, 26, '1265  XXI', 'SEPEDA MOTOR', 'YAMAHA XJ900P', '2018-10-26', '4KM137572', 'JYA4KM0J0137572', 'Baik', 'R2', 'OPERASIONAL', '-', 0, 'DIT POLAIRUD POLDA NTB'),
(597, 25, '1267 XXI', 'SEPEDA MOTOR', 'YAMAHA XJ900P', '2018-10-26', '4KM137530', 'JYA4KM0J0137619', 'Baik', 'R2', 'OPERASIONAL', '-', 0, 'DIT POLAIRUD POLDA NTB'),
(598, 26, '1268 XXI', 'SEPEDA MOTOR', 'YAMAHA XJ900P', '2018-10-26', '4KM137552', 'JYA4KM0J0137641', 'Baik', 'R2', 'OPERASIONAL', '-', 0, 'DIT POLAIRUD POLDA NTB'),
(599, 26, '1269 XXI', 'SEPEDA MOTOR', 'YAMAHA XJ900P', '2018-10-26', '4KM137538', 'JYA4KM0J0137627', 'Baik', 'R2', 'OPERASIONAL', '-', 0, 'DIT POLAIRUD POLDA NTB'),
(600, 44, '1-28 XXI', 'TOYOTA', 'TOYOTA KIJANG INOVA', '2018-10-10', '1TR-A387282', 'MHFJW8EM/H2341641', 'Baik', 'R4', 'I KADEK WIDIASA', 'BRIPTU', 0, 'POLRESTA MATARAM'),
(601, 44, '2-28 XXI', 'SUZUKI', 'SUZUKI GRAND VITARA 2.4 A/T', '2015-01-01', '124B-1277529', 'JSAJTEA4VE4200477', 'Baik', 'R4', 'LALU WIRA', 'BRIGADIR', 0, 'POLRESTA MATARAM'),
(602, 44, '3-28 XXI', 'ISUZU', 'ISUZU D-MAX', '2017-03-23', 'RG3534', 'MPATFS86JHT006992', 'Baik', 'R4', 'RAMA DHANY', 'BRIGADIR', 0, 'POLRESTA MATARAM'),
(603, 44, '3111-28 XXI', 'SEPEDA MOTOR', 'YAMAHA RX KING', '2004-01-01', '3KA-543029', 'MH33KA0103K56821', 'Baik', 'R2', 'IDA BAGUS YOGA', 'AIPDA', 0, 'POLRESTA MATARAM'),
(604, 44, '4001-28 XXI', 'SEPEDA MOTOR', 'YAMAHA RX KING', '2004-01-01', '3KA-628622', 'MH33KA0104K654583', 'Baik', 'R2', 'NANANG DERMANTO', 'AIPTU', 0, 'POLRESTA MATARAM'),
(605, 44, '60-28 XXI', 'BUS', 'ISUZU NQR 71', '2013-01-07', 'BO38286', '38286', 'Baik', 'R6', 'PUTU ADYANTHARA', 'AIPDA', 0, 'POLRESTA MATARAM'),
(606, 44, '61-28 XXI', 'TRUCK', 'ISUZU ELF 120', '2005-12-01', 'B003404', 'MHCNK71LY51003404', 'Baik', 'R6', 'HERMAN SAMAD', 'BRIPKA', 0, 'POLRESTA MATARAM'),
(607, 44, '62-28 XXI', 'TRUCK', 'HINO R6 TANGKI', '2018-06-06', 'W04DTRR55370', 'MJE1JG43J5165099', 'Baik', 'R6', 'HERMAN SAMAD', 'BRIPKA', 0, 'POLRESTA MATARAM'),
(608, 44, '600-28 XXI', 'KIA SPORTAGE', 'KIA SPORTAGE', '2003-01-01', '8790', '181907', 'Baik', 'R4', 'BENGKEL CAHAYA ', '-', 0, 'POLRESTA MATARAM'),
(609, 44, '601-28 XXI', 'TOYOTA', 'TOYOTA COROLLA', '1996-01-01', 'L016104', 'MHF53AGA-109538717', 'Baik', 'R4', 'GUDANG LOGISTIK', '-', 0, 'POLRESTA MATARAM'),
(610, 44, '53-28 XXI', 'SUZUKI', 'SUZUKI APV', '2017-01-01', '402827', '402737', 'Baik', 'R4', 'GUDANG LOGISTIK', '-', 0, 'POLRESTA MATARAM'),
(611, 44, '6001-28 XXI', 'SUZUKI', 'SUZUKI A100', '2012-05-04', 'A100-ID227852', 'MHDA-100VXX1350953', 'Baik', 'R2', 'ARYADI', 'BRIPTU', 0, 'POLRESTA MATARAM'),
(612, 44, '6002-28 XX1', 'SEPEDA MOTOR', 'YAMAHA RX KING', '2004-01-01', '3KA629641', 'MH33KA0104K655532', 'Baik', 'R2', 'DHANI', 'BRIPKA', 0, 'POLRESTA MATARAM'),
(613, 44, '602-28 XXI', 'FORD', 'FORD RANGER', '2009-01-02', 'WLTA132990', 'MNBBSFE408W787843', 'Baik', 'R4', 'ASWADI', 'BRIGADIR', 0, 'POLRESTA MATARAM'),
(614, 44, '15-28 XXI', 'MITSUBISHI', 'MITSUBISHI KUDA', '2003-01-01', '4D59202908', 'MHMVB5WHR2K013660', 'Baik', 'R4', 'GUDANG LOGISTIK', '-', 0, 'POLRESTA MATARAM'),
(615, 44, '5001-28 XXI', 'SEPEDA MOTOR', 'KAWASAKI KLX 150', '2019-12-07', 'LX150EW48266', 'MH4LX150FHJP43864', 'Baik', 'R2', 'SUBEKTI', 'AKP', 0, 'POLRESTA MATARAM'),
(616, 44, '800-28 XXI', 'SEDAN', 'SEDAN HYUNDAI', '2016-12-31', 'G4FGFU197468', 'KMHDG41CMFU465798', 'Baik', 'R4', 'I NENGAH KAWI', 'AIPDA', 0, 'SIPROPAM POLRESTA MATARAM'),
(617, 44, '8001-28 XXI', 'SEPEDA MOTOR', 'YAMAHA RX KING', '2004-01-01', '3KA-6296600', 'MH33KA0104K655557', 'Baik', 'R2', 'AKHMAD FIKRI', 'IPDA', 0, 'SIPROPAM POLRESTA MATARAM'),
(618, 44, '8002-28 XXI', 'SEPEDA MOTOR', 'MILLENIUM', '2002-01-01', 'YGIGIFMJ20000389', 'LY4YPBK892B000165', 'Baik', 'R2', 'L IKHSAN', 'IPTU', 0, 'SIPROPAM POLRESTA MATARAM'),
(619, 46, '1-37 XXI', 'ISUZU', 'ISUZU MUX', '2018-08-08', 'SR2450', 'MPAUCR86GJT000197', 'Baik', 'R4', 'OPERASIONAL', '-', 0, 'POLRES KLU'),
(620, 46, '2-37 XXI', 'SUZUKI', 'SUZUKI VITARA', '2016-01-06', 'J24B', 'JSAJTEA4VG4100027', 'Baik', 'R4', 'OPERASIONAL', '-', 0, 'POLRES KLU'),
(621, 46, '3-37 XXI', 'ISUZU', 'ISUZU D-MAX', '2015-05-05', 'RG3859', 'MPATFS86JHT007077', 'Baik', 'R4', 'OPERASIONAL', '-', 0, 'BAG OPS POLRES KLU'),
(622, 46, '1201-37 XXI', 'BUS', 'ISUZU NQR 71', '2014-04-04', 'B060035', 'MHCNKR71HEJ060035', 'Baik', 'R6', 'OPERASIONAL', '-', 0, 'BAG LOG POLRES KLU'),
(623, 46, '1202-37 XXI', 'TRUCK', 'TRUCK HINO', '2017-07-07', '84648K', 'MJE01JG43J5165103', 'Baik', 'R6', 'OPERASIONAL', '-', 0, 'BAG LOG POLRES KLU'),
(624, 46, '1203-37 XXI', 'FORD', 'FORD RANGER', '2008-08-08', '120669', '778398', 'Baik', 'R4', 'OPERASIONAL', '-', 0, 'BAG LOG POLRES KLU'),
(625, 46, '1204-37 XXI', 'SEPEDA MOTOR', 'KAWASAKI TRAIL KLX 250', '2016-06-06', 'LX250DEA72965', 'JKALX250SFDA19249', 'Baik', 'R2', 'OPERASIONAL', '-', 0, 'BAG LOG POLRES KLU'),
(626, 46, '1205-37 XXI', 'SEPEDA MOTOR', 'KAWASAKI KLX 150', '2017-07-07', 'LX1500EW46020', 'MH4LX150FHJP43873', 'Baik', 'R2', 'OPERASIONAL', '-', 0, 'BAG LOG POLRES KLU'),
(627, 46, '1206-37 XXI', 'SEPEDA MOTOR', 'SUZUKI THUNDER', '2014-04-04', 'F4BID118425', 'MH8NF4FAADJ118530', 'Baik', 'R2', 'OPERASIONAL', '-', 0, 'BAG LOG POLRES KLU'),
(628, 46, '2201-37 XXI', 'ISUZU', 'ISUZU ELP NKR 57', '2017-07-07', 'M072255', 'MHCNHR55EHJ072255', 'Baik', 'R4', 'OPERASIONAL', '-', 0, 'DOKKES POLRES KLU'),
(629, 46, '701-37 XXI', 'NISSAN TERRANO', 'NISSAN TERRANO', '2016-06-06', 'Z24975933Y', 'MHBDICDIF6J073150', 'Baik', 'R4', 'OPERASIONAL', '-', 0, 'SAT REKRIM POLRES KLU'),
(630, 49, '32 XXI', 'TOYOTA', 'TOYOTA FORTUNER A/T', '2012-02-02', '2KD-6636914', 'MHFZR6963A3015709', 'Baik', 'R4', 'OPERASIONAL', '-', 0, 'KAPOLRES POLRES SUMBAWA BARAT'),
(631, 49, '32-XXI', 'SUZUKI', 'SUZUKI GRAND VITARA 2.4 A/T', '2016-06-06', '124B-1276811', 'JSAJTEA4200199', 'Baik', 'R4', 'OPERASIONAL', '-', 0, 'KAPOLRES POLRES SUMBAWA BARAT'),
(632, 49, '32 - XXI', 'ISUZU', 'ISUZU MUX', '2018-08-08', 'SR2799', 'MPAUCR86GJT000246', 'Baik', 'R4', 'OPERASIONAL', '-', 0, 'KAPOLRES POLRES SUMBAWA BARAT'),
(633, 49, '15-32 XXI', 'ISUZU', 'ISUZU D-MAX', '2022-02-02', 'XL0817', 'MPATFS86JNT001104', 'Baik', 'R4', 'OPERASIONAL', '-', 0, 'KAPOLRES POLRES SUMBAWA BARAT'),
(634, 49, '2-32 XXI', 'MITSUBISHI', 'MITSUBISHI LANCER', '2016-06-06', '4B112M5PG4032', 'MNYSTCY4AFU000873', 'Baik', 'R4', 'OPERASIONAL', '-', 0, 'WAKAPOLRES SUMBAWA BARAT'),
(635, 49, '152-32 XXI', 'ISUZU', 'ISUZU D-MAX', '2020-02-02', 'TR3633', 'MPATFS86JKT006049', 'Baik', 'R4', 'OPERASIONAL', '-', 0, 'WAKAPOLRES SUMBAWA BARAT'),
(636, 49, '151-32 XXI', 'ISUZU', 'ISUZU D-MAX', '2020-02-02', 'TR9514', 'MPATFS86JKT006243', 'Baik', 'R4', 'OPERASIONAL', '-', 0, 'BAG OPS POLRES SUMBAWA BARAT'),
(637, 49, '4-32 XXI', 'MITSUBISHI', 'MITSUBISHI KUDA', '2005-05-05', '4G18-4X2217', 'MHMVA1WJR4K-005935', 'Baik', 'R4', 'OPERASIONAL', '-', 0, 'BAG REN POLRES SUMBAWA BARAT'),
(638, 49, '5-32 XXI', 'KIA SPORTAGE', 'KIA SPORTAGE', '2005-05-05', 'FQW-037155', 'KNAJE-552257037155', 'Baik', 'R4', 'OPERASIONAL', '-', 0, 'BAG SDM POLRES SUMBAWA BARAT'),
(639, 49, '51-32 XXI', 'BUS', 'MITSUBISHI FE', '2011-11-11', '4D34T-FX9267', 'MHMFE84BAJ-002466', 'Baik', 'R4', 'OPERASIONAL', '-', 0, 'BAG LOG POLRES SUMBAWA BARAT'),
(640, 49, '53-32 XXI', 'BUS', 'TOYOTA DYNA', '2013-03-03', 'WO4DT-RJ626684', 'MHFC1JU43C5060482', 'Baik', 'R6', 'OPERASIONAL', '-', 0, 'BAG LOG POLRES SUMBAWA BARAT'),
(641, 49, '52-32 XXI', 'ISUZU', 'ISUZU NQR 71', '2014-04-04', 'B069929', 'MHNCKR71HFJ069929', 'Baik', 'R6', 'OPERASIONAL', '-', 0, 'BAG LOG POLRES SUMBAWA BARAT'),
(642, 49, '54-32 XXI', 'MITSUBISHI', 'MITSUBISHI COLT', '2005-05-05', '4D31CA-55585', 'MHMFE334E5R033826', 'Baik', 'R6', 'OPERASIONAL', '-', 0, 'BAG LOG POLRES SUMBAWA BARAT'),
(643, 49, '57-32 XXI', 'HINO', 'HINO DUTRO', '2018-08-08', 'WO4DTRR55378', 'MJEC1JG43J5165102', 'Baik', 'R6', 'OPERASIONAL', '-', 0, 'BAG LOG POLRES SUMBAWA BARAT'),
(644, 49, '58-32 XXI', 'TOYOTA', 'TOYOTA KIJANG', '2009-09-09', '2L-9496000', 'MHF11LF7898712354', 'Baik', 'R4', 'OPERASIONAL', '-', 0, 'BAG LOG POLRES SUMBAWA BARAT'),
(645, 49, '55-32 XXI', 'TOYOTA', 'TOYOTA KIJANG', '2009-09-09', '2L-9496038', 'MHF11LF78000010751', 'Baik', 'R4', 'OPERASIONAL', '-', 0, 'BAG LOG POLRES SUMBAWA BARAT'),
(646, 49, '3-32 XXI', 'FORD', 'FORD RANGER', '2009-09-09', 'WLTA133390', 'MNBBSFE408W787936', 'Baik', 'R4', 'OPERASIONAL', '-', 0, 'BAG LOG POLRES SUMBAWA BARAT'),
(647, 49, '532-32 XXI', 'YAMAHA', 'YAMAHA RX KING', '2005-05-05', '3KA-544804', 'MH33KA0103K570778', 'Baik', 'R2', 'OPERASIONAL', '-', 0, 'BAG LOG POLRES SUMBAWA BARAT'),
(648, 49, '533-32 XXI', 'YAMAHA', 'YAMAHA RX KING', '2005-05-05', '3KA-544805', 'MH33KA0103K570779', 'Baik', 'R2', 'OPERASIONAL', '-', 0, 'BAG LOG POLRES SUMBAWA BARAT'),
(649, 49, '514-32 XXI', 'YAMAHA', 'YAMAHA RX KING', '2005-05-05', '3KA-543878', 'MH33KA0103K568791', 'Baik', 'R2', 'OPERASIONAL', '-', 0, 'BAG LOG POLRES SUMBAWA BARAT'),
(650, 49, '515-32 XXI', 'YAMAHA', 'YAMAHA RX KING', '2005-05-05', '828767', '854368', 'Baik', 'R2', 'OPERASIONAL', '-', 0, 'BAG LOG POLRES SUMBAWA BARAT'),
(651, 49, '516-32 XXI', 'YAMAHA', 'YAMAHA RX KING', '2006-06-06', '3KA-564369', 'MH33KA0103K59027', 'Baik', 'R2', 'OPERASIONAL', '-', 0, 'BAG LOG POLRES SUMBAWA BARAT'),
(652, 49, '517-32 XXI', 'SEPEDA MOTOR', 'YAMAHA RX KING', '2006-06-06', '3KA-828886', 'MH33KA0188K854483', 'Baik', 'R2', 'OPERASIONAL', '-', 0, 'BAG LOG POLRES SUMBAWA BARAT'),
(653, 49, '518-32 XXI', 'SEPEDA MOTOR', 'YAMAHA RX KING', '2006-06-06', '3KA-789387', 'MH33KA0176K815229', 'Baik', 'R2', 'OPERASIONAL', '-', 0, 'BAG LOG POLRES SUMBAWA BARAT'),
(654, 49, '519-32 XXI', 'SEPEDA MOTOR', 'YAMAHA RX KING', '2006-06-06', '3KA-788415', 'MH33KA0176K814363', 'Baik', 'R2', 'OPERASIONAL', '-', 0, 'BAG LOG POLRES SUMBAWA BARAT'),
(655, 49, '520-32 XXI', 'SEPEDA MOTOR', 'YAMAHA RX KING', '2006-06-06', '3KA-538610', 'MH33KA0103K564575', 'Baik', 'R2', 'OPERASIONAL', '-', 0, 'BAG LOG POLRES SUMBAWA BARAT'),
(656, 49, '522-32 XXI', 'SEPEDA MOTOR', 'YAMAHA RX KING', '2006-06-06', '3KA-538656', 'MH33KA0103K564596', 'Baik', 'R2', 'OPERASIONAL', '-', 0, 'BAG LOG POLRES SUMBAWA BARAT'),
(657, 49, '523-32 XXI', 'SEPEDA MOTOR', 'YAMAHA RX KING', '2006-06-06', '3KA-788626', 'MH33KA017K814537', 'Baik', 'R2', 'OPERASIONAL', '-', 0, 'BAG LOG POLRES SUMBAWA BARAT'),
(658, 32, '1-33 XXI', 'MINIBUS', 'ISUZU MUX', '2018-08-08', '5R1581', 'MPAUCRJT000150', 'Baik', 'R4', 'OPERASIONAL', '-', 0, 'KAPOLRES SUMBAWA '),
(659, 50, '3-33 XXI', 'DOUBLE CABIN', 'ISUZU D-MAX', '2019-09-09', 'TS0482', 'MPATS86JKT006291', 'Baik', 'R4', 'OPERASIONAL', '-', 0, 'BAG OPS POLRES SUMBAWA'),
(660, 50, '5-33 XXI', 'JEEP', 'KIA SPORTAGE', '2003-03-03', '8682', '181896', 'Baik', 'R4', 'BACHTIAR', '-', 0, 'SUMDA POLRES SUMBAWA');
INSERT INTO `kendaraan` (`id_kendaraan`, `id_satker`, `nopol`, `jenis`, `merk`, `tahun`, `mesin`, `rangka`, `kondisi`, `roda`, `pemegang`, `pangkat`, `nrp`, `jabatan`) VALUES
(661, 50, '51-33 XXI', 'SEPEDA MOTOR', 'SUZUKI A100', '1998-12-19', 'A100ID234106', 'MH8A100VX2J356997', 'Baik', 'R2', 'DEWA GEDE', '-', 0, 'BAG SUMDA RES SUMBAWA'),
(662, 50, '12-33 XXI', 'SEDAN', 'HYUNDAI  ELENTRA', '2014-04-04', 'G4FGFU197406', 'KMHDG441CMFU465631', 'Baik', 'R4', 'OPERASIONAL', '-', 0, 'KABAG LOG RES SUMBAWA'),
(663, 50, '120-33 XXI', 'MINIBUS', 'MITSUBISHI KUDA', '2003-03-03', '4D56202906', 'MHMVB5WHR2K013664', 'Baik', 'R4', 'KASEMI', '-', 0, 'BAG LOG POLRES SUMBAWA '),
(664, 50, '121-33 XXI', 'MICRO BUS', 'BUS SEDANG', '2006-06-06', '4D34TF06140', 'MHMFE84PBAJ002363', 'Baik', 'R6', 'EKO ANDIA', '-', 0, 'BAG LOG POLRES SUMBAWA'),
(665, 50, '122-33 XXI', 'MICRO BUS', 'BUS KECIL', '2006-06-06', 'B067958', 'MHCNKR71HFJ067956', 'Baik', 'R6', 'EKO ANDIA', '-', 0, 'BAG LOG POLRES SUMBAWA '),
(666, 50, '123-33 XXI', 'JEEP', 'GRAND VITARA', '2014-04-04', 'J24B-1276977', '1SAJTEA4VE4200273', 'Baik', 'R4', 'OPERASIONAL', '-', 0, 'RANJAB KAPOLRE SUMBAWA'),
(667, 50, '124-33 XXI', 'SEPEDA MOTOR', 'KAWASAKI TRAIL', '2017-07-07', 'LX150GEW46024', 'MH4LX150FHJP43874', 'Baik', 'R2', 'KETUT SURYANA', '-', 0, 'BAG LOG POLRES SUMBAWA BARAT'),
(668, 50, '125-33 XXI', 'TRUCK', 'MERCYDES BENZ', '1982-12-08', '663505', '808394', 'Baik', 'R4', 'M RYAN', '-', 0, 'BAG LOG POLRES SUMBAWA '),
(669, 50, '126-33 XXI', 'MINIBUS', 'ISUZU PANTHER ', '2003-03-03', '244396', '244-396', 'Baik', 'R4', 'OPERASIONAL', '-', 0, 'BAG LOG POLRES SUMBAWA '),
(670, 50, '6-33 XXI', 'MINIBUS', 'AVANZA ', '2017-07-07', '3SZDFB1304', 'MHKM1CA3JEK0198896', 'Baik', 'R4', 'OPERASIONAL', '-', 0, 'KASAT INTEL POLRES SUMBAWA'),
(671, 50, '60-33 XXI', 'MINIBUS', 'TOYOTAI INOVA', '2020-02-02', '1TR-A733527', 'MHFGW8EN8L1030177', 'Baik', 'R4', 'OPERASIONAL', '-', 0, 'KASAT INTEL POLRES SUMBAWA'),
(672, 50, '61-33 XXI', 'MINIBUS', 'TOYOTA  INOVA', '2023-02-03', '3-SZDFB1304', 'MHKM1CA3JEKO198896', 'Baik', 'R4', 'OPERASIONAL', '-', 0, 'KASAT INTEL POLRES SUMBAWA'),
(673, 50, '7-33 XXI', 'MINIBUS', 'MITSUBISHI ', '1999-12-19', '4G17C8K4966', 'T12058074620', 'Baik', 'R4', 'OPERASIONAL', '-', 0, 'RESKRIM RES SUMBWA'),
(674, 50, '70-33 XXI', 'SEPEDA MOTOR', 'HONDA VERZA', '2018-08-20', 'KC01E1107045', 'MH1KC0111JK007028', 'Baik', 'R2', 'WAYAN', '-', 0, 'RESKRIM RES SUMBWA'),
(675, 50, '9-33 XXI', 'MINIBUS', 'DAIHATSU ', '2012-02-02', 'DJ78807', 'MHKB3BA1JBK008978', 'Baik', 'R4', 'SUDARMIN', '-', 0, 'BINMAS RES SUMBAWA'),
(676, 50, '90-33 XXI', 'MINIBUS', 'ISUZU NHR', '2017-07-07', 'M072636', 'MHCNHR55EHJ072666', 'Baik', 'R4', 'OPERASIONAL', '-', 0, 'BINMAS RES SUMBAWA'),
(677, 50, '91-33 XXI', 'SEPEDA MOTOR', 'SUZUKI THUNDER', '2014-04-04', 'F4BI-ID121393', 'MH8NF4FAAEJ121326', 'Baik', 'R2', 'ABDUL', '-', 0, 'BINMAS RES SUMBAWA'),
(678, 50, '92-33 XXI', 'SEPEDA MOTOR', 'HONDA KIRANA ', '2004-04-04', '1065009', '1184K-066095', 'Baik', 'R2', 'SUMARDI', '-', 0, 'BINMAS RES SUMBAWA'),
(679, 50, '10-33 XXI', 'TRUCK', 'MITSUBISHI COLT', '2003-03-03', '4D31335292', 'MHMFE334E2RO200808', 'Baik', 'R6', 'KOMANG ADI', '-', 0, 'SAT SABHARA RES USMBAWA'),
(680, 50, '100-33 XXI', 'TRUCK', 'ISUZU ', '2006-06-06', 'B-004243', 'MHCNK71LY61004243', 'Baik', 'R6', 'SYAHRUN', '-', 0, 'SAT SABHARA RES USMBAWA'),
(681, 50, '101-33 XXI', 'PICK UP', 'ISUZU D-MAX', '2013-03-03', 'LB-4780', 'MPATFS86JDT-009673', 'Baik', 'R4', 'M BHAKTI', '-', 0, 'SAT SABHARA RES USMBAWA'),
(682, 50, '102-33 XXI', 'RANSUS', 'AWC', '2013-03-03', 'DE08TIS221139CA', 'KL3F3CBEF1CK000070', 'Baik', 'R6', 'BAGUS YOGI', '-', 0, 'SAT SABHARA RES USMBAWA'),
(683, 50, '103-33 XXI', 'RANSUS', 'APC', '2015-05-05', 'W9AT1529127', 'MNBBE805W487400', 'Baik', 'R6', 'KOMANG EDI', '-', 0, 'SAT SABHARA RES USMBAWA'),
(684, 50, '104-33 XXI', 'TRUCK BOX', 'ISUZU NQR 71', '2014-04-04', '62215', '6-2215', 'Baik', 'R4', 'KURNIA PUTRA', '-', 0, 'SAT SABHARA RES USMBAWA'),
(685, 50, '105-33 XXI ', 'SEDAN', 'MITSUBISHI LANCER', '2014-04-04', 'PC24014B11', 'JMYSTCY4AFU000727', 'Baik', 'R4', 'GUSTI BAGUS', '-', 0, 'SAT SABHARA RES USMBAWA'),
(686, 50, '106-33 XXI', 'SEPEDA MOTOR', 'KAWASAKI KLX 150', '2012-02-02', 'LX1500EP69156', 'MH4LX150CCKP40193', 'Baik', 'R2', 'NUR KHOLIS', '-', 0, 'SAT SABHARA RES USMBAWA'),
(687, 50, '107-33 XXI', 'SEPEDA MOTOR', 'KAWASAKI TRAIL', '2013-03-03', 'LX250DEA72977', 'JKALX250SFDA19261', 'Baik', 'R2', 'DANNIAR', '-', 0, 'SAT SABHARA RES SUMBAWA'),
(688, 50, '108-33 XXI', 'SEPEDA MOTOR', 'KAWASAKI TRAIL', '2012-02-22', 'LX1500EP71187', 'MH4LX150CKP45590', 'Baik', 'R2', 'PERIAN', '-', 0, 'SAT SABHARA RES SUMBAWA'),
(689, 50, '109-33 XXI', 'SEPEDA MOTOR', 'KAWASAKI TRAIL', '2012-02-02', 'LX100EP70868', 'MH4LX150CCKP40442', 'Baik', 'R2', 'JANUR', '-', 0, 'SAT SABHARA RES SUMBAWA'),
(690, 50, '1001-33 XXI', 'SEPEDA MOTOR', 'KAWASAKI TRAIL', '2012-02-02', 'LX1500EP70396', 'MH4LX150CCKP40569', 'Baik', 'R2', 'ALDI MULIADI', '-', 0, 'SAT SABHARA RES SUMBAWA'),
(691, 50, '1002-33 XXI', 'SEPEDA MOTOR', 'KAWASAKI TRAIL', '2012-02-02', 'LX1500EP71031', 'MH4LX150CCKP45607', 'Baik', 'R2', 'FAUZAN', '-', 0, 'SAT SABHARA RES SUMBAWA'),
(692, 50, '1003-33 XXI', 'SEPEDA MOTOR', 'KAWASAKI TRAIL', '2012-02-02', 'LX1500EP70809', 'MH4LX150CCKP40471', 'Baik', 'R2', 'PUTRA SANJAYA', '-', 0, 'SAT SABHARA RES SUMBAWA'),
(693, 50, '1004-33 XXI', 'SEPEDA MOTOR', 'KAWASAKI TRAIL', '2012-02-02', 'LX1500EP70799', 'MH4LX150CCKP40248', 'Baik', 'R2', 'SAMSUL', '-', 0, 'SAT SABHARA RES SUMBAWA'),
(694, 50, '1005-33 XXI', 'SEPEDA MOTOR', 'KAWASAKI TRAIL', '2012-02-02', 'LX1500EP70921', 'MH4LX150CCKP45829', 'Baik', 'R2', 'RANGGA', '-', 0, 'SAT SABHARA RES SUMBAWA'),
(695, 50, '1006-33 XXI', 'SEPEDA MOTOR', 'KAWASAKI TRAIL', '2012-02-02', 'LX1500EP71441', 'MH4LX-150CCKP40193', 'Baik', 'R2', 'KOMANG EDI', '-', 0, 'SAT SABHARA RES SUMBAWA'),
(696, 53, '1-35 XXI', 'ISUZU', 'ISUZU MUX', '2017-07-07', 'SR1966', 'MPAUCR86GJT000166', 'Baik', 'R4', 'OPERASIONAL', '-', 0, 'KAPOLRES BIMA KOTA'),
(697, 53, '2-35 XXI', 'SUZUKI', 'SUZUKI GRAND VITARA 2.4 A/T', '2014-04-04', '124B-1276279', 'JSAJTEA4VE200083', 'Baik', 'R4', 'OPERASIONAL', '-', 0, 'WAKAPOLRES BIMA KOTA'),
(698, 53, '3-35 XXI', 'ISUZU', 'ISUZU D-MAX', '2018-08-08', 'RG3545', 'MPATFS86JHT006997', 'Baik', 'R4', 'KABAG OPS', '-', 0, 'KABAG OPS POLRES BIMA KOTA'),
(699, 53, '51-35 XXI', 'SEPEDA MOTOR', 'YAMAHA RX KING', '2002-02-02', '3KA-629626', 'MH33KA0104K655511', 'Rusak Berat', 'R2', 'OPERASIONAL', '-', 0, 'BAG SDM POLRES BIMA KOTA'),
(700, 53, '53-35 XXI', 'SEPEDA MOTOR', 'YAMAHA RX KING', '2004-04-04', '3KA676746', 'MH33KA0144K702483', 'Baik', 'R2', 'AGUS', 'AIPTU', 0, 'BAG SDM POLRES BIMA KOTA'),
(701, 53, '52-35 XXI', 'SEPEDA MOTOR', 'YAMAHA RX KING', '2002-02-02', '3KA631274', 'MH3KA0404K657178', 'Baik', 'R2', 'POLSEK KEDIRI', '-', 0, 'BAG SDM POLRES BIMA KOTA'),
(702, 53, '5-35 XXI', 'HYUNDAI', 'HYUNDAI  ELENTRA', '2014-04-04', 'G4FGU197892', 'KMHDG41CMFU466470', 'Baik', 'R4', 'OPERASIONAL', '-', 0, 'BAG SDM POLRES BIMA KOTA'),
(703, 53, '125-35 XXI', 'SEPEDA MOTOR', 'KAWASAKI KLX 150', '2018-08-08', 'LX1500EW45995', 'MH4LX150FHJP43877', 'Baik', 'R2', 'OPERASIONAL', '-', 0, 'BAG LOG POLRES BIMA KOTA'),
(704, 53, '123-25 XXI', 'SEPEDA MOTOR', 'YAMAHA RX KING', '2008-08-08', '3KA828696', 'MH33KA0188K854206', 'Baik', 'R2', 'OPERASIONAL', '-', 0, 'BAG LOG POLRES BIMA KOTA'),
(705, 53, '124-35 XXI', 'SEPEDA MOTOR', 'YAMAHA RX KING', '2008-08-08', '3KA828645', 'MH33KA0188K854224', 'Baik', 'R2', 'OPERASIONAL', '-', 0, 'BAG LOG POLRES BIMA KOTA'),
(706, 53, '312-35 XXI', 'SEPEDA MOTOR', 'YAMAHA RX KING', '2001-01-01', '3KA540634', 'MH33KA0103K566565', 'Baik', 'R2', 'OPERASIONAL', '-', 0, 'BAG LOG POLRES BIMA KOTA'),
(707, 53, '12-35 XXI', 'ISUZU', 'ISUZU D-MAX', '2014-04-04', 'JY9313', 'MPATFS85HTC106884', 'Baik', 'R4', 'OPERASIONAL', '-', 0, 'BAG LOG POLRES BIMA KOTA'),
(708, 53, '121-35 XXI', 'MITSUBISHI', 'BUS ANGKUT', '2010-01-01', '4D34TFX9265', 'MHMFE84PBAJ002646', 'Baik', 'R6', 'OPERASIONAL', '-', 0, 'BAG LOG POLRES BIMA KOTA'),
(709, 53, '122-35 XXI', 'HINO', 'HINO R6 TANGKI', '2018-08-08', 'W04D TRR55368', 'MJEC1JG43J5165097', 'Baik', 'R6', 'OPERASIONAL', '-', 0, 'BAG LOG POLRES BIMA KOTA'),
(710, 53, '63-35 XXI', 'SEPEDA MOTOR', 'YAMAHA RX KING', '2012-02-02', '3KA519548', 'MH33KA0102K545278', 'Baik', 'R2', 'OPERASIONAL', '-', 0, 'SAT INTELKAM RES BIMA KOTA'),
(711, 52, '8-36 XXI', 'SUZUKI', 'SUZUKI ADDRES', '2017-07-07', '0-', 'MH8CE47AAGJ131175', 'Baik', 'R4', 'OPERASIONAL', '-', 0, 'SIKEU POLRES BIMA '),
(712, 52, '123-36 XXI', 'SEPEDA MOTOR', 'HONDA VERZA', '2019-09-09', 'KC01E1007207', 'MH1KC011XJK006458', 'Baik', 'R2', 'OPERASIONAL', '-', 0, 'POLRES BIMA'),
(713, 52, '124-36 XXI', 'SEPEDA MOTOR', 'KAWASAKI KLX 150', '2018-08-08', 'LX150CEW63859', 'MH4LX150GHJP56594', 'Baik', 'R2', 'OPERASIONAL', '-', 0, 'SAT RESKRIM POLRES BIMA'),
(714, 52, '125-36 XXI', 'SEPEDA MOTOR', 'KAWASAKI TRAIL', '2011-01-01', 'LX150CEP42927', 'MH4LX150BKP28031', 'Baik', 'R2', 'OPERASIONAL', '-', 0, 'SAT RESKRIM POLRES BIMA'),
(715, 52, '126-36 XXI', 'SEPEDA MOTOR', 'KAWASAKI TRAIL', '2017-07-07', 'LX150CEWA5473', 'MH4LX150FHJP43003', 'Baik', 'R2', 'OPERASIONAL', '-', 0, 'SAT RESKRIM POLRES BIMA'),
(716, 52, '127-36 XXI', 'SEPEDA MOTOR', 'KAWASAKI TRAIL', '2011-01-01', 'LX150CEP42575', 'MH4LX150CEP42575', 'Baik', 'R2', 'OPERASIONAL', '-', 0, 'SAT RESKRIM POLRES BIMA'),
(717, 52, '1517-36 XXI', 'SEPEDA MOTOR', 'KAWASAKI TRAIL', '2011-01-01', 'LX150CEP44320', 'MH4LX150CBKT29017', 'Baik', 'R2', 'OPERASIONAL', '-', 0, 'SAT SAMAPTA POLRES BIMA'),
(718, 52, '1518-XXI', 'SEPEDA MOTOR', 'KAWASAKI TRAIL', '2011-01-01', 'LX150CEP43253', 'MH4LX150CBKT28211', 'Baik', 'R2', 'OPERASIONAL', '-', 0, 'SAT SAMAPTA POLRES BIMA'),
(719, 52, '1519-36 XXI', 'SEPEDA MOTOR', 'KAWASAKI TRAIL', '2011-01-01', 'LX150CEP43217', 'MH4LX150CBKT28389', 'Baik', 'R2', 'OPERASIONAL', '-', 0, 'SAT SAMAPTA POLRES BIMA'),
(720, 52, '1520-36 XXI', 'SEPEDA MOTOR', 'KAWASAKI TRAIL', '2011-01-01', 'LX1500CEP71227', 'MH4LX150CCKP45895', 'Baik', 'R2', 'OPERASIONAL', '-', 0, 'SAT SAMAPTA POLRES BIMA'),
(721, 52, '1521-36 XXI', 'SEPEDA MOTOR', 'KAWASAKI TRAIL', '2011-01-01', 'LX1500CEP71412', 'MH4LX150CCKP40350', 'Baik', 'R2', 'OPERASIONAL', '-', 0, 'SAT SAMAPTA POLRES BIMA'),
(722, 52, '1522-36 XXI', 'SEPEDA MOTOR', 'KAWASAKI TRAIL', '2011-01-01', 'LX1500CEP4981', 'MH4LX150', 'Baik', 'R2', 'OPERASIONAL', '-', 0, 'SAT SAMAPTA POLRES BIMA'),
(723, 52, '1523-36 XXI', 'SEPEDA MOTOR', 'KAWASAKI TRAIL', '2011-01-01', 'LX1500CEP438465', 'MH4LX150CBKP2866', 'Baik', 'R2', 'OPERASIONAL', '-', 0, 'SAT SAMAPTA POLRES BIMA'),
(724, 52, '1524-36 XXI', 'SEPEDA MOTOR', 'KAWASAKI TRAIL', '2011-01-01', 'LX1500CEP43821', 'MH4LX150BKP28694', 'Baik', 'R2', 'OPERASIONAL', '-', 0, 'SAT SAMAPTA POLRES BIMA'),
(725, 52, '1525-36 XXI', 'SEPEDA MOTOR', 'KAWASAKI TRAIL', '2015-05-05', 'LX250DEA72980', 'JKALX250SGDA21880', 'Baik', 'R2', 'OPERASIONAL', '-', 0, 'SAT SAMAPTA POLRES BIMA'),
(726, 52, '1526-36 XXI', 'SEPEDA MOTOR', 'KAWASAKI TRAIL', '2015-05-05', 'LX250DEA76743', 'JKALX250SGDA21968', 'Baik', 'R2', 'OPERASIONAL', '-', 0, 'SAT SAMAPTA POLRES BIMA'),
(727, 52, '1527-36 XXI', 'SEPEDA MOTOR', 'KAWASAKI TRAIL KLX 250', '2015-05-05', '0--', 'JKALX250SFDA19264', 'Baik', 'R2', 'OPERASIONAL', '-', 0, 'SAT SAMAPTA POLRES BIMA'),
(728, 52, '1528-36 XXI', 'SEPEDA MOTOR', 'KAWASAKI TRAIL', '2015-05-05', 'LX250DEA76635', 'JKALX250SGDA21860', 'Baik', 'R2', 'OPERASIONAL', '-', 0, 'SAT SAMAPTA POLRES BIMA'),
(729, 52, '1529-36 XXI', 'SEPEDA MOTOR', 'KAWASAKI TRAIL', '2015-05-05', 'LX250DEA73051', 'JKALX250SFDA19335', 'Baik', 'R2', 'OPERASIONAL', '-', 0, 'SAT SAMAPTA POLRES BIMA'),
(730, 52, '1530-36 XXI', 'SEPEDA MOTOR', 'KAWASAKI TRAIL', '2015-05-05', 'LX250DEA76502', 'JKALX250SGDA21727', 'Baik', 'R2', 'OPERASIONAL', '-', 0, 'SAT SAMAPTA POLRES BIMA'),
(731, 52, '1531-36 XXI', 'SEPEDA MOTOR', 'SUZUKI ADDRES', '2018-08-08', 'H402-224220', 'J51SH42A7H2100508', 'Baik', 'R2', 'OPERASIONAL', '-', 0, 'SAT SAMAPTA POLRES BIMA'),
(732, 52, '1532-36 XXI', 'SEPEDA MOTOR', 'SUZUKI ADDRES', '2018-08-08', 'H402-224283', 'J51SH42A0H20000106589', 'Baik', 'R2', 'OPERASIONAL', '-', 0, 'SAT SAMAPTA POLRES BIMA'),
(733, 52, '1533-36 XXI', 'SEPEDA MOTOR', 'SUZUKI ADDRES', '2018-08-08', 'H402-224312', 'J51SH42A9H2100607', 'Baik', 'R2', 'OPERASIONAL', '-', 0, 'SAT SAMAPTA POLRES BIMA'),
(734, 50, '1007-33 XXI', 'SEPEDA MOTOR', 'KAWASAKI TRAIL', '2013-03-03', 'LX250DEA62777', 'JKLX250SDDA13003', 'Baik', 'R2', 'ALIF ALFATH AKBAR', '-', 0, 'SAT SABHARA RES SUMBAWA'),
(735, 50, '1008-33 XXI', 'SEPEDA MOTOR', 'KAWASAKI TRAIL', '0012-01-22', 'LX250DEA62751', 'JKLX250SDDA12977', 'Rusak Ringan', 'R2', 'M IZZUL', '-', 0, 'SAT SABHARA RES SUMBAWA'),
(736, 49, '1009-33 XXI', 'SEPEDA MOTOR', 'KAWASAKI TRAIL', '2013-03-03', 'LX250DEA62718', 'JKLX250SDDA12944', 'Baik', 'R2', 'YUSRIL SURYA', '-', 0, 'SAT SABHARA RES SUMBAWA'),
(737, 50, '1010-33 XXI', 'SEPEDA MOTOR', 'KAWASAKI TRAIL', '2013-03-03', 'LX250DEA62754', 'JKLX250SDDA12980', 'Baik', 'R2', 'M FAUZIANUR', '-', 0, 'SAT SABHARA RES SUMBAWA'),
(738, 50, '1011-33 XXI', 'SEPEDA MOTOR', 'KAWASAKI TRAIL', '2013-03-03', 'LX250DEA62701', 'JKLX250SDDA12927', 'Baik', 'R2', 'DUTA ARI', '-', 0, 'SAT SABHARA RES SUMBAWA'),
(739, 50, '1012-33 XXI', 'ISUZU', 'ISUZU D-MAX', '2019-09-09', 'TT9707', 'MPATS86JKT006478', 'Baik', 'R4', 'OPERASIONAL', '-', 0, 'KASAT SABHARA RES SUMBAWA'),
(740, 50, '1013-33 XXI', 'ISUZU', 'ISUZU D-MAX', '2022-02-02', 'XL7018', 'MPATFS86JNT001118', 'Baik', 'R4', 'AGUS WIDODO', '-', 0, 'SAT SABHARA RES SUMBAWA'),
(741, 50, '1014-33 XXI', 'SEPEDA MOTOR', 'SUZUKI DR200S', '2017-07-07', 'H402-224317', 'JS1SH42AXH2100602', 'Baik', 'R2', 'DAYAT ARI', '-', 0, 'SAT SABHARA RES USMBAWA'),
(742, 50, '1015-33 XXI', 'SEPEDA MOTOR', 'SUZUKI DR200S', '2017-07-07', 'H402-224216', 'JS1SH42A7H2100511', 'Baik', 'R2', 'M HAERULFAHRI', '-', 0, 'SAT SABHARA RES SUMBAWA'),
(743, 50, '1016-33 XXI', 'SEPEDA MOTOR', 'SUZUKI DR200S', '2017-07-07', 'H402-224435', 'JS1SH42A2H2100724', 'Baik', 'R2', 'M YUNDA', '-', 0, 'SAT SABHARA RES SUMBAWA'),
(744, 50, '1017-33 XXI', 'SEPEDA MOTOR', 'SUZUKI DR200S', '2017-07-07', 'H402-224331', 'JS1SH42A5H-100635', 'Baik', 'R2', 'TAENREZI', '-', 0, 'SAT SABHARA RES USMBAWA'),
(745, 50, '1018-33 XXI', 'TRUCK', 'HINO R6 TANGKI', '2018-08-08', 'W04DTR55380', 'MJEC1JG43J5165104', 'Baik', 'R6', 'WAYAN MERTA', '-', 0, 'SAT SABHARA RES USMBAWA'),
(746, 50, '1019-33 XXI', 'SEPEDA MOTOR', 'YAMAHA VIXION', '2018-08-08', 'G3E7E-0436176', 'MH3RG4610HK056848', 'Baik', 'R2', 'IBNU HAJAR', '-', 0, 'SAT SABHARA RES USMBAWA'),
(747, 50, '1020-33 XXI', 'SEPEDA MOTOR', 'YAMAHA VIXION', '2018-08-08', 'G3E7E-0445404', 'MH3RG4610HK068005', 'Baik', 'R2', 'JUNAFRI', '-', 0, 'SAT SABHARA RES SUMBAWA'),
(748, 50, '1021-33 XXI', 'SEPEDA MOTOR', 'YAMAHA VIXION', '2018-08-08', 'G3E7E-0443340', 'MH3RG4610HK063217', 'Baik', 'R2', 'RAHMAT', '-', 0, 'SAT SABHARA RES SUMBAWA'),
(749, 50, '1022-33 XXI', 'SEPEDA MOTOR', 'YAMAHA VIXION', '2018-08-08', 'G3E7E-0433794', 'MH3RG4610HK056814', 'Baik', 'R2', 'EFIK MARO', '-', 0, 'SAT SABHARA RES SUMBAWA'),
(750, 50, '1023-33 XXI', 'SEPEDA MOTOR', 'YAMAHA VIXION', '2018-08-08', 'G3E7E-0443727', 'MH3RG4610HK063885', 'Baik', 'R2', 'GUSTI BAGUS YOGI', '-', 0, 'SAT SABHARA RES USMBAWA'),
(751, 50, '1024-33 XXI', 'SEPEDA MOTOR', 'YAMAHA VIXION', '2018-08-08', 'G3E7E-0422321', 'MH3RG4610HK041938', 'Baik', 'R2', 'I WAYAN MERTA', '-', 0, 'SAT SABHARA RES USMBAWA'),
(752, 50, '1025-33 XXI', 'RANSUS', 'ISUZU HD 5.8', '2022-02-02', 'B113752', 'MHCNMR71HLJ113752', 'Baik', 'R6', 'OPERASIONAL', '-', 0, 'SAT SABHARA RES SUMBAWA'),
(753, 50, '11-33 XXI', 'PICK UP', 'TOYOTA KIJANG', '1994-12-19', '5K9214099', 'MH31KF500116478', 'Baik', 'R4', 'OPERASIONAL', '-', 0, 'SAT LANTAS RES SUMBAWA'),
(754, 50, '110-33 XXI', 'PICK UP', 'MITSUBISHI L200', '2004-04-04', '4M4AD0286', 'MMBJNK7706D008369', 'Baik', 'R4', 'ARIF TEJA', 'AIPDA', 0, 'SAT LANTAS RES SUMBAWA'),
(755, 50, '111-33 XXI', 'SEPEDA MOTOR', 'YAMAHA SCORPIO', '2006-06-06', '5BP-063987', 'MH35BP0046K063886', 'Baik', 'R2', 'BGS NYM HENDRAWAN', 'BRIPKA', 0, 'SAT LANTAS RES SUMBAWA'),
(756, 50, '12-33 XXI', 'SEPEDA MOTOR', 'YAMAHA SCORPIO', '2007-07-07', '5BP-085592', 'MH35BP0047K085156', 'Baik', 'R2', 'USMANTO', 'AIPDA', 0, 'SAT LANTAS RES SUMBAWA'),
(757, 50, '113-33 XXI', 'SEPEDA MOTOR', 'YAMAHA SCORPIO', '2007-07-07', '5BP- 085556', 'MH35BP0047K08194', 'Baik', 'R2', 'ADI KADEK', 'AIPDA', 0, 'SAT LANTAS RES SUMBAWA'),
(758, 50, '114-33 XXI', 'SEPEDA MOTOR', 'YAMAHA SCORPIO', '2007-01-07', 'WLAT875961', 'MNBBSFE407W703799', 'Baik', 'R2', 'OPERASIONAL', '-', 0, 'SAT LANTAS RES SUMBAWA'),
(759, 50, '115-33 XXI', 'SEPEDA MOTOR', 'KAWASAKI TRAIL', '2010-01-01', 'LX150CEP08698', 'MH4LX150C9KP07234', 'Baik', 'R2', 'LALU HENDRA', 'AIPDA', 0, 'SAT LANTAS RES SUMBAWA'),
(760, 50, '116-33 xxi', 'MINIBUS', 'DAIHATSU XENIA', '2011-11-11', 'dg013146', 'MHKV1BA2JAK071452', 'Baik', 'R4', 'USMANTO', 'AIPTU', 0, 'SAT LANTAS RES SUMBAWA'),
(761, 50, '117-33 XXI', 'SEDAN', 'SEDAN HYUNDAI', '2012-02-02', '546905', '561398', 'Baik', 'R4', 'MAHROJAN', 'BRIPTU', 0, 'SAT LANTAS RES SUMBAWA'),
(762, 50, '118-33 XXI', 'SEPEDA MOTOR', 'YAMAHA SCORPIO', '2012-02-02', '54D-040603', 'MH354D002CK040539', 'Baik', 'R2', 'BAHARUDIN', 'AIPDA', 0, 'SAT LANTAS RES SUMBAWA'),
(763, 50, '119-33 XXI', 'SEPEDA MOTOR', 'YAMAHA SCORPIO', '2012-02-02', '54D-040718', 'MH354D002CK040707', 'Baik', 'R2', 'FANNY', 'BRIPTU', 0, 'SAT LANTAS RES USMBAWA'),
(764, 50, '1110-33 XXI', 'PICK UP', 'FORD RANGER', '2014-04-04', 'P4AT1217369', 'MNBLMFF20FW317783', 'Baik', 'R4', 'IRWAN', 'BRIPTU', 0, 'SAT LANTAS RES SUMBAWA'),
(765, 50, '1111-33 XXI', 'SEPEDA MOTOR', 'YAMAHA AEROX', '2017-07-07', 'E3T1E-001388', 'MH33SE9910GJ00A375', 'Baik', 'R2', 'JUANDA', 'BRIPTU', 0, 'SAT LANTAS RES SUMBAWA'),
(766, 50, '1112-33 XXI', 'DOUBLE CABIN', 'ISUZU D-MAX', '2018-08-08', 'RR9020', 'MPATFS86JHT008091', 'Baik', 'R2', 'BAHARUDIN', 'AIPDA', 0, 'SAT LANTAS RES SUMBAWA'),
(767, 50, '1113-33 XXI', 'RANSUS', 'ISUZU 120', '2018-08-08', 'B005713', 'MHCNK71LYGJ005713', 'Baik', 'R4', 'EDY', 'BRIPKA', 0, 'SAT LANTAS RES SUMBAWA'),
(768, 50, '1114-33 XXI', 'MINIBUS', 'DAIHATSU TERIOS', '2018-08-08', '2NRF733143', 'MHKG8FALJJK003954', 'Baik', 'R4', 'HAERUL', 'BRIPTU', 0, 'SAT LANTAS RES SUMBAWA'),
(769, 50, '1115-33 XXI', 'RANSUS', 'BUS', '2018-08-08', 'B094160', 'MHCN1R71LJJ094160', 'Baik', 'R6', 'EDY', 'BRIPKA', 0, 'SAT LANTAS RES SUMBAWA'),
(770, 50, '1116-33 XXI', 'SEPEDA MOTOR', 'SUZUKI DR200S', '2019-09-01', 'H402-230976', 'JSISH42A2J2101734', 'Baik', 'R2', 'YULDI', 'BRIPKA', 0, 'SAT LANTAS RES SUMBAWA'),
(771, 50, '1117-33 XXI', 'SEPEDA MOTOR', 'SUZUKI DR200S', '2019-09-09', 'H402-229682', 'JSISH42A2J2100630', 'Baik', 'R2', 'ABDURRAHMAN', 'AIPDA', 0, 'SAT LANTAS RES SUMBAWA'),
(772, 50, '1118-33 XXI', 'MINIBUS', 'TOYOTA RUSH', '2019-09-09', '2NRP892538', 'MHKE8FA2JK000075', 'Baik', 'R4', 'IRAWAN', 'BRIGADIR', 0, 'SAT LANTAS RES SUMBAWA'),
(773, 50, '119-33 XXI', 'MINIBUS', 'TOYOTA RUSH', '2019-09-09', '2NRP919412', 'MHKE8FA2JKJ000444', 'Baik', 'R4', 'NADYA', 'IPDA', 0, 'SAT LANTAS RES SUMBAWA'),
(774, 50, '1120-33 XXI', 'MINIBUS', 'TOYOTA RUSH', '2019-09-09', '2NRP933146', 'MHKE8FA2JKJ000617', 'Baik', 'R4', 'ROMMY', 'IPDA', 0, 'SAT LANTAS RES SUMBAWA'),
(775, 50, '1121-33 XXI', 'SEPEDA MOTOR', 'JUPITER Z', '2020-02-02', 'E3R5E-0252410', 'MH3UE1120KJ240101', 'Baik', 'R2', 'WAHYUANDI', 'AIPDA', 0, 'SAT LANTAS RES SUMBAWA'),
(776, 50, '1122-33 XXI', 'SEPEDA MOTOR', 'HONDA VARIO 125', '2020-02-02', 'JM41E1E1538255', 'MH1JM4113KK538440', 'Baik', 'R2', 'BAGUS', 'AIPDA', 0, 'SAT LANTAS RES SUMBAWA'),
(777, 50, '1123-33 XXI', 'SEPEDA MOTOR', 'HONDA VARIO 125', '2020-02-02', 'JM41E1E1651139', 'MH1JM411XLK651517', 'Baik', 'R2', 'ZAKIRUROHMAN', 'BRIGADIR', 0, 'SAT LANTAS RES SUMBAWA'),
(778, 50, '1124-33 XXI', 'DOUBLE CABIN', 'ISUZU D-MAX', '2020-02-02', 'VE6039', 'MPATFS86JLT005032', 'Baik', 'R4', 'RIJAL', 'BRIPTU', 0, 'SAT LANTAS RES SUMBAWA'),
(779, 50, '1125-33 XXI', 'SEPEDA MOTOR', 'SUZUKI HAYATE MATIC', '2012-02-02', '1-36515', 'MH8CF4EJACJ-136520', 'Baik', 'R4', 'NI MADE DIAN', 'BRIGADIR', 0, 'SAT LANTAS RES SUMBAWA'),
(780, 50, '1126-33 XXI', 'SEDAN', 'MAZDA', '2012-02-02', '-00', '0-0', 'Baik', 'R4', 'HAERUL RIZAL', 'BRIPTU', 0, 'SAT LANTAS RES SUMBAWA'),
(781, 50, '18-33 XXI', 'SEPEDA MOTOR', 'SUZUKI', '2014-04-04', 'F4BI-ID121296', 'MH8NF4FAAEJ121332', 'Baik', 'R2', 'RUKMINI', '-', 0, 'BENSAT RES SUMBAWA'),
(782, 50, '20-33 XXI', 'SEDAN', 'MITSUBISHI LANCER', '2014-04-04', 'PB811754B11', 'JMYSTCY4AFU000636', 'Baik', 'R2', 'OPERASIONAL', '-', 0, 'KA SPKT RES SUMBAWA'),
(783, 50, '21-33 XXI', 'MOBIL TAHANAN', 'ISUZU NHR', '2016-06-06', '69363', 'MHCNHRSEG-069363', 'Baik', 'R4', 'OPERASIONAL', '-', 0, 'KASAT TAHTI RS SUMBAWA'),
(784, 50, '22-33 XXI', 'AMBULANCE', 'ISUZU ', '2005-05-05', 'M011405', 'MHCNN55EY47J011405', 'Baik', 'R6', 'HERRY SUGITO', '-', 0, 'SIDOKES POLRES SUMBAWA'),
(785, 50, '220-33 XXI', 'AMBULANCE', 'ISUZU ', '2015-05-05', '000', '0-000', 'Baik', 'R6', 'KURNIAWAN', '-', 0, 'SIDOKES POLRES SUMBAWA'),
(786, 24, '15113-XXI', 'SEPEDA MOTOR', 'SUPERMOTO', '2013-03-03', 'BM164FML-2343626', 'MJAS16M2DJ000095', 'Baik', 'R2', 'OPERASIONAL', '-', 0, 'DIT PAMOBVIT POLDA NTB'),
(787, 24, '15403-XXI', 'SEPEDA MOTOR', 'SUPERMOTO', '2013-03-03', 'BM164FML-2343501', 'MJAS16M2DJ000078', 'Baik', 'R2', 'OPERASIONAL', '-', 0, 'DIT PAMOBVIT POLDA NTB'),
(788, 24, '15505-XXI', 'SEPEDA MOTOR', 'SUPERMOTO', '2013-03-03', 'BM164FML-2343647', 'MJAS16M2DJ000080', 'Baik', 'R2', 'OPERASIONAL', '-', 0, 'DIT PAMOBVIT POLDA NTB'),
(789, 24, '15602-XXI', 'SEPEDA MOTOR', 'YAMAHA VIXION', '2016-06-06', 'G3E7E-0212180', 'MH3RG1810GK212289', 'Baik', 'R2', 'OPERASIONAL', '-', 0, 'DIT PAMOBVIT POLDA NTB'),
(790, 24, '15404-XXI', 'SEPEDA MOTOR', 'YAMAHA VIXION', '2016-06-06', 'G3E7E-0212384', 'MH3RG1810GK12206', 'Baik', 'R2', 'OPERASIONAL', '-', 0, 'DIT PAMOBVIT POLDA NTB'),
(791, 24, '15603-XXI', 'SEPEDA MOTOR', 'YAMAHA VIXION', '2016-06-06', 'G3E7E-0214382', 'MH3RG1810GK214078', 'Baik', 'R2', 'OPERASIONAL', '-', 0, 'DIT PAMOBVIT POLDA NTB'),
(792, 24, '15114-XXI', 'SEPEDA MOTOR', 'SUZUKI ADDRES', '2017-07-07', 'AE54IDI37742', 'MH8CE47AAGJ132738', 'Baik', 'R2', 'OPERASIONAL', '-', 0, 'DIT PAMOBVIT POLDA NTB'),
(793, 24, '15103-XXI', 'TOYOTA', 'TOYOTA HYLUX', '2014-04-04', '1TR-7529053', 'MR0AW12G3D-0038414', 'Baik', 'R4', 'OPERASIONAL', '-', 0, 'DIT PAMOBVIT POLDA NTB'),
(794, 24, '15104-XXI', 'TOYOTA', 'TOYOTA HYLUX', '2014-04-04', '1TR-7515815', 'MR0AW12G5D0037930', 'Baik', 'R4', 'OPERASIONAL', '-', 0, 'DIT PAMOBVIT POLDA NTB'),
(795, 24, '15301-XXI', 'MITSUBISHI', 'MITSUBISHI TRITON', '2017-07-07', '4D56UAK6140', 'MMBJNKL30HH021362', 'Baik', 'R4', 'OPERASIONAL', '-', 0, 'DIT PAMOBVIT POLDA NTB'),
(796, 24, '16012-XXI', 'MITSUBISHI', 'MITSUBISHI TRITON', '2017-07-07', '4D56UAK0761', 'MMBJNKL30HH016187', 'Baik', 'R4', 'OPERASIONAL', '-', 0, 'DIT PAMOBVIT POLDA NTB'),
(797, 24, '15202-XXI', 'MITSUBISHI', 'MITSUBISHI TRITON', '2017-07-07', '4D56UAK1093', 'MMBJNKL30HH0116649', 'Baik', 'R4', 'OPERASIONAL', '-', 0, 'DIT PAMOBVIT POLDA NTB'),
(798, 24, '15107-XXI', 'ISUZU', 'ISUZU NKL', '2019-09-09', 'B105545', 'MHCNLR71HKJ105545', 'Baik', 'R4', 'OPERASIONAL', '-', 0, 'DIT PAMOBVIT POLDA NTB'),
(799, 24, '15504-XXI', 'KOVICO', 'KOVICO', '2023-03-03', '281756', 'KP9ZN7AHDNGBTS009', 'Baik', 'R4', 'OPERASIONAL', '-', 0, 'DIT PAMOBVIT POLDA NTB'),
(800, 44, '1201-28 XXI', 'SEPEDA MOTOR', 'YAMAHA RX KING', '2024-01-01', '3KA-629346', 'MH33KA0104K655199', 'Baik', 'R2', 'I WAYAN P', 'AIPDA', 0, 'SIUM POLRESTA MATARAM'),
(801, 44, '130-28 XXI', 'ISUZU', 'ISUZU PANTHER ', '2006-01-01', 'B-111699', 'MHGTBR-54B3K11699', 'Baik', 'R4', 'OPERASIONAL', '-', 0, 'SPKT POLRESTA MATARAM'),
(802, 44, '140-28 XXI', 'TOYOTA', 'TOYOTA AVANZA', '2018-01-01', '2NRF-693990', 'MHKM5FA4JJKO42106', 'Baik', 'R4', 'ARIS M', 'BRIPTU', 0, 'SAT INTELKAM POLRESTA MATARAM'),
(803, 44, '141-28 XXI', 'TOYOTA', 'TOYOTA KIJANG', '2019-01-01', '1TR-A639958', 'MHFGWBEM1K1027202', 'Baik', 'R4', 'INDRA', 'BRIPTU', 0, 'SAT INTELKAM POLRESTA MATARAM'),
(804, 44, '142-28 XXI', 'TOYOTA', 'TOYOTA KIJANG', '2021-01-01', '1TR-A758980', 'MHFGWBEMSL1030850', 'Baik', 'R4', 'KOMANG ARTANA', 'AIPTU', 0, 'SAT INTELKAM POLRESTA MATARAM'),
(805, 44, '143-28 XXI', 'TOYOTA', 'TOYOTA KIJANG', '2020-01-01', '1TR-A930864', 'MHFGW8EMXM2394750', 'Baik', 'R4', 'FAUZI', 'BRIPKA', 0, 'SAT INTELKAM POLRESTA MATARAM'),
(806, 44, '1401-28 XXI', 'SEPEDA MOTOR', 'YAMAHA RX KING', '2013-05-04', '3KA-519868', 'MH33KA0102K545624', 'Baik', 'R2', 'OPERASIONAL', '-', 0, 'SAT INTELKAM POLRESTA MATARAM'),
(807, 44, '1401-28 XXI', 'ISUZU', 'ISUZU TLD', '1985-01-01', 'C941109', 'MDTLD-24CR00001261', 'Baik', 'R6', 'OPERASIONAL', '-', 0, 'SAT RESKRIM POLRESTA MATARAM'),
(808, 44, '150-28 XXI', 'TOYOTA', 'TOYOTA KIJANG', '2018-09-04', 'A5119221 TR', 'MHFJW8EMBJ2358146', 'Baik', 'R4', 'CAHYA WISNU', 'BRIPTU', 0, 'SAT RESKRIM POLRESTA MATARAM'),
(809, 44, '1501-28 XXI', 'SEPEDA MOTOR', 'YAMAHA RX KING', '2024-01-01', '3KA-519718', 'MH33KA0102K545573', 'Baik', 'R2', 'LALU AANG', 'AIPTU', 0, 'SAT RESKRIM POLRESTA MATARAM'),
(810, 44, '1502-28 XXI', 'SEPEDA MOTOR', 'KAWASAKI KLX 150', '2018-11-23', 'LX150CEWD8562', 'MH4LX150HJJP48959', 'Baik', 'R2', 'LALU SALMAN', 'BRIPTU', 0, 'SAT RESKRIM POLRESTA MATARAM'),
(811, 44, '1503-28 XXI', 'SEPEDA MOTOR', 'YAMAHA MIO', '2018-12-11', 'E3R2E-2091849', 'MH35E88HOJJ016999', 'Baik', 'R2', 'WAYAN ANGGA', 'BRIPTU', 0, 'SAT RESKRIM POLRESTA MATARAM'),
(812, 44, '1504-28 XXI', 'SEPEDA MOTOR', 'YAMAHA NMAX', '2018-11-23', 'G3E4E1220651', 'MH3SG3198JK406095', 'Baik', 'R2', 'SRI RAHAYU', 'AIPTU', 0, 'SAT RESKRIM POLRESTA MATARAM'),
(813, 44, '170-28 XXI', 'DAIHATSU ', 'GRAND MAX', '2012-01-30', 'K3-DE1298', 'K3-DE1298MHKB3BA1JBK008995', 'Baik', 'R4', 'I WAYAN S', 'AIPTU', 0, 'SAT BINMAS POLRESTA MATARAM'),
(814, 44, '171-28 XXI', 'ISUZU', 'ISUZU ELF 120', '2017-09-04', 'M072637', 'MHCNHR55EHJ072637', 'Baik', 'R4', 'KRESNADI', 'BRIGADIR', 0, 'SAT BINMAS POLRESTA MATARAM'),
(815, 44, '180-28 XXI', 'RANSUS', 'AWC', '2014-05-26', '-1', '-10', 'Baik', 'R6', 'IKSAN KURNIA', 'BRIPKA', 0, 'SAT SAMAPTA POLRESTA MATARAM'),
(816, 44, '181-28 XXI', 'TRUCK', 'TRUCK MITS COLT', '2003-01-01', '4D31288026', 'MHMFE334E2R017503', 'Baik', 'R6', 'BUDI', 'BRIPDA', 0, 'SAT SAMAPTA POLRESTA MATARAM'),
(817, 44, '182-28 XXI', 'MITSUBISHI', 'TRUCK ANGKUT', '2004-01-01', '4D31449079', 'MHMFE334ER027353', 'Baik', 'R6', 'ARIQ', 'BRIPKA', 0, 'SAT SAMAPTA POLRESTA MATARAM'),
(818, 44, '183-28 XXI', 'ISUZU', 'ISUZU ELP NKR 55 BLKK', '2013-03-19', 'M045243', 'MHCNK55EYCJ045243', 'Baik', 'R4', 'OPERASIONAL', '-', 0, 'SAT SAMAPTA POLRESTA MATARAM'),
(819, 44, '184-28 XXI', 'ISUZU', 'ISUZU NQR 71', '2013-08-30', 'B0049407', 'MHCNKR71HDJ049407', 'Baik', 'R6', 'RAFLI', 'BRIPDA', 0, 'SAT SAMAPTA POLRESTA MATARAM'),
(820, 44, '185-28 XXI', 'ISUZU', 'ISUZU PANTHER ', '2003-01-01', 'MHGTBR54B3K110584', 'E110584', 'Baik', 'R4', 'OPERASIONAL', '-', 0, 'SAT SAMAPTA POLRESTA MATARAM'),
(821, 44, '186-28 XXI', 'ISUZU D-MAX', 'ISUZU D-MAX', '2013-12-17', 'LB5740', 'MPATF586JDT009686', 'Baik', 'R4', 'RUDI', 'BRIPDA', 0, 'SAT SAMAPTA POLRESTA MATARAM'),
(822, 44, '188-28 XXI', 'DOUBLE CABIN', 'ISUZU D-MAX', '2020-10-10', 'TR9496', 'MPATS86JKT0027', 'Baik', 'R4', 'EKO', 'AIPDA', 0, 'SAT SAMAPTA POLRESTA MATARAM'),
(823, 44, '189-28 XXI', 'ISUZU D-MAX', 'ISUZU D-MAX', '2020-10-04', 'TR9502', 'MPATS86JKT006233', 'Baik', 'R4', 'GEDE LINGGA', 'BRIPKA', 0, 'SAT SAMAPTA POLRESTA MATARAM'),
(824, 44, '1802-28 XXI', 'SEDAN', 'HYUNDAI  ELENTRA', '2016-12-31', 'G4FGFU199269', 'KMHDG41CMFU468593', 'Baik', 'R4', 'AHMAD', 'AIPDA', 0, 'SAT SAMAPTA POLRESTA MATARAM'),
(825, 44, '1801-28 XXI', 'ISUZU', 'ISUZU D-MAX', '2022-02-02', 'XL0808', 'MPATFS86JNT001076', 'Baik', 'R4', 'FIRDAUS', 'BRIPDA', 0, 'SAT SAMAPTA POLRESTA MATARAM'),
(826, 44, '1803-28 XXI', 'MILLENIUM', 'MILLENIUM', '2002-02-02', 'YGIGIFMJ2000499', 'LY4YPBK810B000290', 'Baik', 'R2', 'HARIS', 'BRIPTU', 0, 'SAT SAMAPTA POLRESTA MATARAM'),
(827, 44, '1804-28 XXI', 'SEPEDA MOTOR', 'HONDA GL', '2002-01-01', 'UABCE1007170', 'MHIUABE1AK007137', 'Baik', 'R2', 'CHAIRIL', 'BRIPKA', 0, 'SAT SAMAPTA POLRESTA MATARAM'),
(828, 44, '1805-28 XXI', 'SEPEDA MOTOR', 'HONDA MEGA', '2012-11-20', 'KC21E1075292', 'MHIKC2113CK073563', 'Baik', 'R2', 'EKA', 'IPDA', 0, 'SAT SAMAPTA POLRESTA MATARAM'),
(829, 44, '1806-28 XXI', 'SEPEDA MOTOR', 'YAMAHA RX KING', '2004-01-01', '3KA-538690', 'MH33KA0103K65473', 'Baik', 'R2', 'RIZAL', 'BRIPTU', 0, 'SAT SAMAPTA POLRESTA MATARAM'),
(830, 44, '1807-28 XXI', 'SEPEDA MOTOR', 'YAMAHA RX KING', '2004-01-01', '3KA-676749', 'MH33KA0144K702478', 'Baik', 'R2', 'GUSTI LANANG', 'BRIPDA', 0, 'SAT SAMAPTA POLRESTA MATARAM'),
(831, 44, '1809-28 XXI', 'SEPEDA MOTOR', 'YAMAHA RX KING', '2009-01-10', '3KA-828632', 'MH33KA0188K-854291', 'Baik', 'R2', 'FADIL', 'BRIPKA', 0, 'SAT SAMAPTA POLRESTA MATARAM'),
(832, 44, '1810-28 XXI', 'SEPEDA MOTOR', 'YAMAHA RX KING', '2009-10-10', '3KA-828896', 'MH33KA0188K-854424', 'Baik', 'R2', 'GEDE YUDA', 'BRIPDA', 0, 'SAT SAMAPTA POLRESTA MATARAM'),
(833, 44, '181-28 XXI', 'SEPEDA MOTOR', 'YAMAHA RX KING', '2009-01-10', '3KA-838674', 'MH33KA0188K-854262', 'Baik', 'R2', 'ASWADI', 'BRIGADIR', 0, 'SAT SAMAPTA POLRESTA MATARAM'),
(834, 44, '220-28 XXI', 'ISUZU', 'ISUZU ELF 120', '2005-12-01', 'B004146', 'MHCNK71LY61004146', 'Baik', 'R6', 'AHMAD', 'AIPDA', 0, 'SAT TAHTI POLRESTA MATARAM'),
(835, 44, '221-28 XXI', 'ISUZU', 'ISUZU NHR', '2016-03-18', '069360', 'MHCNHR5EG-069360', 'Baik', 'R6', 'IDA NYOMAN', 'BRIGADIR', 0, 'SAT TAHTI POLRESTA MATARAM'),
(836, 44, '2300-28 XXI', 'SEPEDA MOTOR', 'SUZUKI ADDRES', '2017-03-13', '6293', '104655199', 'Baik', 'R2', 'OPERASIONAL', '-', 0, 'SIKEU POLRES POLRESTA MATARAM'),
(837, 46, '702-37 XXI', 'TOYOTA', 'TOYOTA RUSH', '2022-02-02', '2NRG842279', 'MHKEE8FB3JNK070462', 'Baik', 'R4', 'OPERASIONAL', '-', 0, 'SAT RESKRIM POLRES KLU'),
(838, 46, '601-37 XXI', 'AVANZA VELOZ', 'AVNAZA', '2019-09-09', '2NR-F863716', 'MHKM5FA4JKK054371', 'Baik', 'R4', 'OPERASIONAL', '-', 0, 'SAT INTELKAM POLRES KLU'),
(839, 46, '602-37 XXI', 'INNOVA', 'INNOVA VENTURER', '2022-02-02', '1TRA931141', 'MHFJW8EM0M2394790', 'Baik', 'R4', 'OPERASIONAL', '-', 0, 'SAT INTELKAM POLRES KLU'),
(840, 46, '1001-37 XXI', 'SEDAN', 'SEDAN LANCER', '2016-06-06', 'RB45314B11', 'JMYSTCY4AG0001033', 'Baik', 'R4', 'OPERASIONAL', '-', 0, 'SAT SABHARA RES KLU'),
(841, 46, '1002-37 XXI', 'TRUCK', 'TRUCK MITSUBISHI', '2003-03-03', '4D31449065', 'MHMFE334E4R027512', 'Baik', 'R6', 'OPERASIONAL', '-', 0, 'SAT SABHARA RES KLU'),
(842, 46, '1003-37 XXI', 'ISUZU', 'TRUCK ISUZU ', '2017-03-03', 'B075188', 'MHCNKR71HGJ075188', 'Baik', 'R6', 'OPERASIONAL', '-', 0, 'SAT SABHARA RES KLU'),
(843, 46, ' 1005-37 XXI', 'ISUZU', 'ISUZU D-MAX', '2022-02-02', 'XL8228', 'MPATFS86JNT001162', 'Baik', 'R4', 'OPERASIONAL', '-', 0, 'SAT SABHARA RES KLU'),
(844, 46, '1006-37 XXI', 'ISUZU', 'ISUZU D-MAX', '2020-02-02', 'TR9516', 'MPATS86JKT006256', 'Baik', 'R4', 'OPERASIONAL', '-', 0, 'SAT SABHARA RES KLU'),
(845, 46, '1007-37 XXI', 'ISUZU', 'ISUZU D-MAX', '2020-02-02', 'TS0495', 'MPATS86JKT006294', 'Baik', 'R4', 'OPERASIONAL', '-', 0, 'SAT SABHARA RES KLU'),
(846, 46, '1008-37 XXI', 'SEPEDA MOTOR', 'KAWASAKI TRAIL', '2014-04-04', 'LX250DEA67891', 'JKALLX250SEDA15806', 'Baik', 'R2', 'OPERASIONAL', '-', 0, 'SAT SABHARA RES KLU'),
(847, 46, '1009-37 XXI', 'SEPEDA MOTOR', 'KAWASAKI TRAIL', '2014-04-04', 'LX250DEA68038', 'JKALX250SEDA15933', 'Baik', 'R2', 'OPERASIONAL', '-', 0, 'SAT SABHARA RES KLU'),
(848, 46, '1010-37 XXI', 'SEPEDA MOTOR', 'KAWASAKI TRAIL', '2014-04-04', 'LX250DE68050', 'JKALX250SEDA15945', 'Baik', 'R2', 'OPERASIONAL', '-', 0, 'SAT SABHARA RES KLU'),
(849, 46, '1011-37 XXI', 'SEPEDA MOTOR', 'KAWASAKI TRAIL', '2014-04-04', 'LX250DEA77883', 'JKALX250SEDA23078', 'Baik', 'R6', 'OPERASIONAL', '-', 0, 'SAT SABHARA RES KLU'),
(850, 46, '1012-37 XXI', 'SEPEDA MOTOR', 'KAWASAKI TRAIL', '2014-01-04', 'LX250DEA67890', 'JKALX250SEDA15805', 'Baik', 'R2', 'OPERASIONAL', '-', 0, 'SAT SABHARA RES KLU'),
(851, 46, '1013-37 XXI', 'SEPEDA MOTOR', 'KAWASAKI TRAIL', '2014-04-04', 'LX250DEA68037', 'JKALX250SEDA15932', 'Baik', 'R2', 'OPERASIONAL', '-', 0, 'SAT SABHARA RES KLU'),
(852, 46, '1014-37 XXI', 'SEPEDA MOTOR', 'KAWASAKI TRAIL', '2014-04-04', 'LX250DEA68049', 'JKALX250SEDA15944', 'Baik', 'R2', 'OPERASIONAL', '-', 0, 'SAT SABHARA RES KLU'),
(853, 46, '1015-37 XXI', 'SEPEDA MOTOR', 'KAWASAKI TRAIL', '2014-01-04', 'LX250DEA67896', 'JKALX250SEDA15811', 'Baik', 'R2', 'OPERASIONAL', '-', 0, 'SAT SABHARA RES KLU'),
(854, 46, '1017-37 XXI', 'SEPEDA MOTOR', 'KAWASAKI TRAIL', '2014-04-04', 'LX250DEA67876', 'JKALX250SEDA15791', 'Baik', 'R2', 'OPERASIONAL', '-', 0, 'SAT SABHARA RES KLU'),
(855, 46, '1017-37 XXI', 'SEPEDA MOTOR', 'KAWASAKI TRAIL', '2017-07-07', 'LX250DEA68047', 'JKALX250SEDA15942', 'Baik', 'R2', 'OPERASIONAL', '-', 0, 'SAT SABHARA RES KLU');

-- --------------------------------------------------------

--
-- Table structure for table `merk`
--

CREATE TABLE `merk` (
  `id_merk` int(11) NOT NULL,
  `nama_merk` varchar(200) NOT NULL
) ENGINE=InnoDB DEFAULT CHARSET=utf8mb4 COLLATE=utf8mb4_general_ci;

--
-- Dumping data for table `merk`
--

INSERT INTO `merk` (`id_merk`, `nama_merk`) VALUES
(1, 'REVOLVER COP&CDS'),
(3, 'REVOLVER CPP'),
(4, 'REVOLVER S&W'),
(5, 'REVOLVER TAURUS'),
(6, 'REVOLVER R1-V1 PINDAD'),
(7, 'REVOLVER SPAIN'),
(8, 'HS 9'),
(9, 'CZ-P-07'),
(10, 'SIG SAUER'),
(11, 'SS1 V2- SABHARA'),
(12, 'SS1 V1- PINDAD'),
(13, 'ROGER MINI'),
(14, 'CANIK'),
(15, 'CZ-P-10 S'),
(16, 'CS SCORPION EVO 3A1'),
(17, 'LARAS LICIN'),
(18, 'PISTOL ISYARAT'),
(19, 'GT LANCER'),
(20, 'FLASH BALL'),
(21, 'AK 101'),
(22, 'SS2-V4'),
(23, 'SS1-V4'),
(24, 'AK 102'),
(25, 'AK SAIGA'),
(26, 'STYER'),
(27, 'MPX'),
(28, 'MP5'),
(29, 'SB2- V5 A1'),
(30, 'SS1 V5'),
(31, 'SS2 V4'),
(32, 'M16'),
(33, 'SKS'),
(34, 'LE'),
(35, 'SIG SAUER PENDEK'),
(36, 'GLOCK'),
(37, 'R1 V1- R1 V2 PINDAD'),
(38, 'HS CROATIA'),
(39, 'REVOLVER DETEKTIF'),
(40, 'REVOLVER COLT COBRA'),
(41, 'REVOLVER R1-V2 PINDAD'),
(42, 'REVOLVER COP, CPP, COBRA'),
(43, 'COLT COMANDO'),
(44, 'ELECTRIC GUN'),
(45, 'SS2-V5 A1'),
(46, 'MAG 4'),
(47, 'MOUSER'),
(48, 'MAG4'),
(49, 'REVOLVER COP'),
(50, 'REVOLVER CDS'),
(51, 'REVOLVER PPS'),
(52, 'SB2 V6');

-- --------------------------------------------------------

--
-- Table structure for table `migrations`
--

CREATE TABLE `migrations` (
  `id` bigint(20) UNSIGNED NOT NULL,
  `version` varchar(255) NOT NULL,
  `class` varchar(255) NOT NULL,
  `group` varchar(255) NOT NULL,
  `namespace` varchar(255) NOT NULL,
  `time` int(11) NOT NULL,
  `batch` int(11) UNSIGNED NOT NULL
) ENGINE=InnoDB DEFAULT CHARSET=utf8mb3 COLLATE=utf8mb3_general_ci;

--
-- Dumping data for table `migrations`
--

INSERT INTO `migrations` (`id`, `version`, `class`, `group`, `namespace`, `time`, `batch`) VALUES
(1, '2020-12-28-223112', 'CodeIgniter\\Shield\\Database\\Migrations\\CreateAuthTables', 'default', 'CodeIgniter\\Shield', 1730778137, 1),
(2, '2021-07-04-041948', 'CodeIgniter\\Settings\\Database\\Migrations\\CreateSettingsTable', 'default', 'CodeIgniter\\Settings', 1730778137, 1),
(3, '2021-11-14-143905', 'CodeIgniter\\Settings\\Database\\Migrations\\AddContextColumn', 'default', 'CodeIgniter\\Settings', 1730778137, 1),
(6, '2024-11-06-014048', 'App\\Database\\Migrations\\AddUserDataToUsers', 'default', 'App', 1730876015, 2);

-- --------------------------------------------------------

--
-- Table structure for table `pemegang`
--

CREATE TABLE `pemegang` (
  `id_pemegang` int(11) NOT NULL,
  `id_satker` int(11) DEFAULT NULL,
  `id_jenis` int(11) DEFAULT NULL,
  `id_merk` int(11) DEFAULT NULL,
  `nama` varchar(200) NOT NULL,
  `pangkat` varchar(100) NOT NULL,
  `nrp` varchar(100) NOT NULL,
  `no_senpi` varchar(100) NOT NULL,
  `amu` varchar(100) NOT NULL,
  `berlaku` varchar(100) NOT NULL
) ENGINE=InnoDB DEFAULT CHARSET=utf8mb4 COLLATE=utf8mb4_general_ci;

--
-- Dumping data for table `pemegang`
--

INSERT INTO `pemegang` (`id_pemegang`, `id_satker`, `id_jenis`, `id_merk`, `nama`, `pangkat`, `nrp`, `no_senpi`, `amu`, `berlaku`) VALUES
(22, 31, 5, 8, 'TIHAR SIAGIAN, S.I.K.', 'AKBP', '75061096', 'H237976', '12', '2024-12-05'),
(23, 31, 5, 8, 'HARJANTO SAKSONO, S. Sos.', 'KOMPOL', '74040784', 'H238033', '12', '2024-12-05'),
(24, 31, 5, 8, 'I MADE SUMBER JAYA', 'AIPTU', '80120506', 'H238002', '12', '2024-12-05'),
(25, 31, 5, 8, 'I PUTU WARDANA SUTRISNA', 'AIPDA', '82101048', 'H237999', '12', '2024-12-05'),
(26, 31, 5, 8, 'RANGGA PURNIAWAN ', 'AIPDA', '84090166', 'H237983', '12', '2024-12-05'),
(27, 31, 5, 8, 'I WAYAN KARSA', 'AIPTU', '81120245', 'H238020', '12', '2024-12-05'),
(28, 31, 5, 8, 'MUNTOHAR', 'AIPDA', '82070603', 'H238034', '12', '2024-12-05'),
(29, 31, 5, 8, 'M. ARU WIDIARTO', 'AIPDA', '83071151', 'H237975', '12', '2024-12-05'),
(30, 31, 5, 8, 'I KOMANG SUAGIARTHA', 'AIPDA', '84051049', 'H238022', '12', '2024-12-05'),
(31, 31, 5, 8, 'LALU NOER MASHALIHUL M.', 'AIPDA', '84010441', 'H238039', '12', '2024-12-05'),
(32, 31, 5, 8, 'I NYOMAN DENNY A.', 'BRIPKA', '88060437', 'H237980', '12', '2024-12-05'),
(33, 31, 5, 8, 'GUNTUR WARSITO', 'BRIPKA', '85111011', 'H237979', '12', '2024-12-05'),
(34, 31, 5, 8, 'GAZALI', 'BRIPKA', '83121186', 'H238005', '12', '2024-12-05'),
(35, 31, 5, 8, 'EDY HARIANTO', 'BRIPKA', '86121120', 'H237971', '12', '2024-12-05'),
(36, 31, 5, 8, 'DEDY ARDIANSYAH YP.', 'BRIGPOL', '93020028', 'H237998', '12', '2024-12-05'),
(37, 31, 5, 8, 'ISKANDAR ZULKARNAEN', 'BRIGPOL', '93090817', 'H237984', '12', '2024-12-05'),
(38, 31, 5, 8, 'I MADE SURIATHA', 'BRIPKA ', '87101200', 'H237982', '12', '2024-12-05'),
(39, 31, 5, 8, 'SYARIFUDDIN', 'AIPDA', '77070049', 'H237973', '12', '2024-12-05'),
(40, 31, 5, 8, 'LILYK SONY T.', 'AIPTU', '68010268', 'H237974', '12', '2024-12-05'),
(41, 31, 5, 8, 'MADE ARIANA', 'AIPDA', '83020125', 'H237962', '12', '2024-12-05'),
(42, 31, 5, 8, 'BURHANUDDIN, S.H.', 'BRIPKA', '80010468', 'H237987', '12', '2024-12-05'),
(43, 31, 5, 8, 'ABDUL HAYI ', 'BRIPKA', '81011091', 'H237977', '12', '2024-12-05'),
(44, 31, 5, 8, 'DIDIK DARMAWANSYAH', 'BRIGPOL', '87121296', 'H238016', '12', '2024-12-05'),
(45, 31, 5, 8, 'FISI FAJRI RAHMAN', 'BRIGPOL', '95060285', 'H238018', '12', '2024-12-05'),
(46, 31, 5, 8, 'DHAFID SHIDDIQ, S.H., S.I.K., M.M.', 'KOMPOL', '84042072', 'H237968', '12', '2024-12-05'),
(47, 31, 5, 8, 'BOWO TRI HANDOKO, S.E., S.I.K.', 'KOMPOL', '83111433', 'H237995', '12', '2024-12-05'),
(48, 31, 5, 8, 'M. YUSWANDI S', 'BRIGPOL', '93100403', 'H237995', '12', '2024-12-05'),
(49, 30, 5, 15, 'SYARIF HIDAYAT, S.I.K., S.H.', 'KOMBESPOL', '76101103', 'G152449', '20', '2025-06-01'),
(50, 30, 5, 15, 'FERI JAYA SATRIANSYAH, S.H.', 'AKBP', '74010680', 'G154726', '20', '2025-03-15'),
(51, 30, 5, 15, 'CATUR ERWIN S., S.I.K., M.H.', 'KOMPOL', '84101920', 'G152538', '20', '2025-05-02'),
(52, 30, 5, 15, 'AGUS DWI ANANTO, S.H.', 'KOMPOL', '67080421', 'G152549', '20', '2025-05-02'),
(53, 30, 5, 8, 'ENDRO YUDI SASMOKO, S.H.', 'AKP', '80110041', 'H238041', '20', '2025-06-01'),
(54, 30, 5, 15, 'AGUS EKA ARTHA S., S.H.', 'AKP', '80070027', 'G153225', '20', '2025-06-01'),
(55, 30, 5, 15, 'ORDE BAKTI', 'IPTU', '72010435', 'G153180', '20', '2025-06-01'),
(56, 30, 5, 8, 'DWI SENTOT M. YANUAR', 'IPDA', '89010409', 'H238062', '20', '2025-03-15'),
(57, 30, 5, 15, 'JONO SUGIANTO, S.Adm', 'IPDA', '82010404', 'G152004', '20', '2025-03-15'),
(58, 30, 5, 8, 'PUTU GEDE SUBAGIARTAMA', 'IPDA', '85010216', 'H238059', '20', '2025-05-02'),
(59, 30, 5, 8, 'I KOMANG ADISENA M., S.H.', 'IPDA', '84110135', 'H238096', '20', '2025-05-02'),
(60, 30, 5, 8, 'KT. MARGA UTAMA', 'IPDA', '77050218', 'H238100', '20', '2025-05-02'),
(61, 30, 5, 15, 'LALU GUNAWAN ', 'AIPTU', '79071406', 'H152039', '20', '2025-06-01'),
(62, 30, 5, 8, 'M. AMINUDIN ', 'BRIPKA', '87080201', 'H238072', '20', '2025-06-01'),
(63, 30, 5, 15, 'AZ MUTAKIM, S,Adm.', 'AIPDA', '81071202', 'G155062', '20', '2025-06-01'),
(64, 30, 5, 8, 'M. ERFAN AFANDI', 'AIPDA ', '81111101', 'H238045', '20', '2025-06-01'),
(65, 30, 5, 15, 'BARITA PADANG', 'BRIGPOL', '92090027', 'G152478', '20', '2025-06-01'),
(66, 30, 5, 15, 'SUPARJON', 'AIPDA', '82031186', 'G152440', '20', '2025-06-01'),
(67, 30, 5, 8, 'I PUTU SURYAWAN ', 'AIPDA', '83040247', 'H238076', '20', '2025-06-01'),
(68, 30, 5, 8, 'SUGIARTO', 'AIPTU', '79071075', 'H238056', '20', '2025-06-01'),
(69, 30, 5, 8, 'L. ANTA AGUS JULI P.', 'BRIGPOL', '92080865', 'H238054', '20', '2025-06-01'),
(70, 30, 5, 15, 'M. ERWIN HARIADI', 'AIPDA', '81111102', 'G152464', '20', '2025-06-01'),
(71, 30, 5, 8, 'WAHYU YUNIANTO', 'BRIPKA', '88060361', 'H238061', '20', '2025-06-01'),
(72, 30, 5, 8, 'DEDY ZULKARNAEN', 'AIPDA', '81121031', 'H238046', '20', '2025-05-02'),
(73, 30, 5, 8, 'GURUN WAHYU WASESO', 'AIPDA', '85100028', 'H238063', '20', '2025-06-01'),
(74, 30, 5, 8, 'SANUSI, S.H.', 'AIPTU', '81040980', 'H238064', '20', '2025-06-01'),
(75, 30, 5, 8, 'M. CHALID', 'AIPDA', '82091219', 'H238065', '20', '2025-06-01'),
(76, 30, 5, 15, 'DEDY RIDWAN ', 'AIPTU', '70100003', 'G152497', '20', '2025-06-01'),
(77, 30, 5, 8, 'KADEK MAHENDRA P.', 'AIPDA', '93070773', 'H238077', '20', '2025-06-01'),
(78, 30, 5, 8, 'NYOMAN SUDIRA', 'AIPDA', '86120132', 'H238078', '20', '2025-06-01'),
(79, 30, 5, 8, 'GEDE KARANG', 'AIPDA', '78050003', 'H233630', '20', '2025-06-01'),
(80, 30, 5, 8, ' I GEDE KARNANTA, S.H.', 'BRIGPOL', '91090522', 'H238087', '20', '2025-06-01'),
(81, 30, 5, 8, 'IDA PUTU ALIT', 'AIPTU', '77100768', 'H238082', '20', '2025-06-01'),
(82, 30, 5, 8, 'AHMAD FITRI, S.H.', 'BRIPKA', '88120908', 'H238099', '20', '2025-06-01'),
(83, 30, 5, 8, 'I GST NGR LOKA P.', 'BRIGPOL', '94020800', 'H233622', '20', '2025-06-01'),
(84, 30, 5, 8, 'EKO FERDI PURWANTO', 'BRIGPOL', '90070282', 'H233628', '20', '2025-06-01'),
(85, 30, 5, 8, 'ROBY JUNIAWAN, S.H.', 'BRIGPOL', '93061076', 'H238073', '20', '2025-06-01'),
(86, 30, 5, 8, 'JAMALUDIN RAMLING, S.H.', 'AIPTU', '81120273', 'H238053', '20', '2025-06-01'),
(87, 30, 5, 15, 'IDHAM KHALID, S.Kep.Ns.', 'BRIGPOL', '91100525', 'G152010', '20', '2025-06-01'),
(88, 30, 5, 8, 'RAHMAT HIDAYAT', 'AIPDA', '81041054', 'H238068', '20', '2025-06-01'),
(89, 30, 5, 8, 'M.H. AZMI, S.H.', 'BRIGPOL', '94060114', 'H238070', '20', '2025-05-02'),
(90, 30, 5, 8, 'HUSNUL FIKRI, S.Sos.', 'BRIPKA', '79030634', 'H238088', '20', '2025-05-02'),
(91, 30, 5, 8, 'GEDE MERTANAYASA', 'BRIGPOL', '90030335', 'H238098', '20', '2025-06-01'),
(92, 30, 6, 16, 'AGUS EKA ARTHA S., S.H.', 'AKP', '80070027', 'B273062', '20', '2025-06-01'),
(93, 30, 6, 16, 'IDHAM KHALID, S.Kep.', 'BRIGPOL', '91100525', 'B369869', '30', '2025-06-01'),
(94, 30, 6, 16, 'AZ MUTAKIM', 'AIPDA', '81071302', 'B312804', '30', '2025-06-01'),
(95, 30, 6, 16, 'DEDY RIDWAN', 'AIPTU', '70100003', 'B371345', '30', '2025-06-01'),
(96, 30, 6, 16, 'M. ERWIN HARYADI', 'AIPDA', '81111102', 'B366434', '30', '2025-06-01'),
(97, 30, 6, 11, 'LALU GUNAWAN', 'AIPDA', '79071406', 'AHAF018325', '50', '2025-06-01'),
(98, 30, 6, 11, 'SUPARJON', 'AIPDA', '82031186', 'AHAF018326', '50', '2025-06-01'),
(99, 21, 5, 8, 'I KT MUSTI DHARMA. S.Sos.', 'AKBP', '-', 'H191241', '-', '2023-09-07'),
(100, 21, 5, 8, 'DODDY ALBERTO K.T.', 'AKP', '-', 'H191243', '-', '2023-05-18'),
(101, 21, 5, 8, 'JOLMADI, S.Pd., M.Pd.', 'AKBP', '-', 'H191242', '-', '2024-09-22'),
(102, 21, 5, 8, 'ADAM UTOYO, S.Sos.', 'AKP', '-', 'H191245', '-', '2024-09-24'),
(103, 21, 5, 8, 'I GD SUPARTAYASA, S.H.', 'AIPTU', '-', 'H191255', '-', '2024-12-05'),
(104, 21, 5, 8, 'RUSLAN, S.H.', 'IPDA', '-', 'H191260', '-', '2025-05-22'),
(106, 27, 5, 8, 'HERU SANTOSA', 'AKP', '76110282', 'H204058', '-', '2024-12-31'),
(107, 27, 5, 8, 'PEBRIAN ANDALAN ', 'IPDA', '86100715', 'H172537', '-', '2024-12-31'),
(108, 27, 5, 8, 'LALU HARDI WIJAYA', 'AIPDA', '73010428', 'H180422', '-', '2024-12-31'),
(109, 27, 5, 8, 'LALU NURYADIN JALIL', 'BRIPKA', '78090721', 'H180425', '-', '2024-12-31'),
(110, 27, 5, 8, 'AHMAD', 'AIPDA', '76120583', 'H180428', '-', '2024-12-31'),
(111, 27, 5, 8, 'DODI APRIAN', 'BRIGPOL', '94040359', 'H180855', '-', '2024-12-31'),
(112, 27, 5, 8, 'SOPIAN HADI', 'BRIPKA', '79040900', 'H180830', '-', '2024-12-31'),
(113, 27, 5, 8, 'MUKHTAR HADI', 'AIPDA', '82090417', 'H180717', '-', '2024-12-31'),
(114, 27, 5, 8, 'ABU BAKAR', 'AIPTU', '78040015', 'H180343', '-', '2024-12-31'),
(115, 27, 5, 8, 'SULHAN WIJAYA', 'BRIPKA', '80080289', 'H180847', '-', '2024-12-31'),
(116, 27, 5, 8, 'SUMAJI', 'AIPDA', '75080704', 'H180718', '-', '2024-12-31'),
(117, 27, 5, 8, 'KETUT ARYANA', 'BRIPKA', '76070502', 'H180849', '-', '2024-12-31'),
(118, 27, 5, 8, 'AGUS SANTERI', 'AIPDA', '83080129', 'H172622', '-', '2024-12-31'),
(119, 27, 5, 8, 'ADIN MUSTOFA', 'AKP', '76070700', 'H180435', '-', '2024-12-31'),
(120, 27, 5, 8, 'MASKUR, S.H.', 'AIPDA', '75070764', 'H180437', '-', '2024-12-31'),
(121, 27, 5, 8, 'I GST AGUNG NGURAH A, S.H.', 'BRIGPOL', '94080641', 'H180430', '-', '2024-12-31'),
(122, 27, 5, 8, 'SAMSUL KHAER', 'BHARAKA', '93111056', 'H180860', '-', '2024-12-31'),
(123, 27, 5, 8, 'FIRMAN AF', 'BRIPKA', '86020350', 'H180800', '-', '2024-12-31'),
(124, 27, 5, 8, 'SUMAIDI', 'BRIPKA', '78070908', 'H180859', '-', '2024-12-31'),
(125, 27, 5, 8, 'HUSNUL MAAB', 'BRIPKA', '78070890', 'H180842', '-', '2024-12-31'),
(126, 27, 5, 8, 'KADEK AGUS', 'BRIPKA', '87051669', 'H180845', '-', '2024-12-31'),
(127, 27, 5, 8, 'DIAN YULIANTO', 'BRIPKA', '86071834', 'H180846', '-', '2024-12-31'),
(128, 27, 5, 8, 'LALU JAZWADI', 'BRIPKA', '82090777', 'H180848', '-', '2024-12-31'),
(129, 27, 5, 8, 'IRWAN', 'BRIPKA', '76070778', 'H180854', '-', '2024-12-31'),
(130, 27, 5, 8, 'SUHARTONO', 'AIPDA', '76040260', 'H180547', '-', '2024-12-31'),
(131, 27, 5, 8, 'SUHARTO', 'IPDA', '75080782', 'H180548', '-', '2024-12-31'),
(132, 27, 5, 8, 'MUHDAR', 'AIPDA', '69120340', 'H180841', '-', '2024-12-31'),
(133, 27, 5, 8, 'IHRAM', 'AKP', '76120372', 'H174500', '-', '2024-12-31'),
(134, 27, 5, 8, 'I WYN PUTU SUSENA, S.H.', 'AKP', '76010203', 'H174506', '-', '2024-12-31'),
(135, 27, 5, 8, 'RAKUP, S.Sos.', 'IPDA', '74010615', 'H180424', '-', '2024-12-31'),
(136, 27, 5, 8, 'DIDIK RUDY S.', 'AIPTU', '76120177', 'HH180787', '-', '2024-12-31'),
(137, 27, 5, 8, 'AHMAD KHALID', 'BRIPKA', '77090017', 'HH180712', '-', '2024-12-31'),
(138, 27, 5, 8, 'CRISTHOPHER R.D.S.', 'BRIGPOL', '92020181', 'H180851', '-', '2024-12-31'),
(139, 27, 5, 8, 'DIAN ANGGREINI', 'BRIPDA', '97050864', 'H180852', '-', '2024-12-31'),
(140, 27, 5, 8, 'NI KADEK WINDA', 'BRIPDA', '99120066', 'H180856', '-', '2024-12-31'),
(141, 27, 5, 8, 'RENDY CHRISTIAN EKA P.', 'BRIGPOL', '93120241', 'H172616', '-', '2024-12-31'),
(142, 27, 5, 8, 'BOBBY OSCAR', 'AIPDA', '76100125', 'H180798', '-', '2024-12-31'),
(143, 27, 5, 8, 'EKA WAHYU', 'BRIGPOL', '94050070', 'H180825', '-', '2024-12-31'),
(144, 27, 5, 8, 'MADE SUARIAWAN', 'BRIPKA', '86041957', 'H174490', '-', '2024-12-31'),
(145, 27, 5, 8, 'YASER AINULHAQ', 'BRIGPOL', '94110532', 'H180701', '-', '2024-12-31'),
(146, 27, 5, 8, 'FAESAL IPATURYADI', 'BRIGPOL', '93120250', 'H180858', '-', '2024-12-31'),
(147, 27, 5, 8, 'ARYA AGUNG SUDALITA', 'IPTU', '81010018', 'H180540', '-', '2024-12-31'),
(148, 27, 5, 8, 'I MADE MULYANA', 'IPDA', '76090363', 'H180529', '-', '2024-12-31'),
(149, 27, 5, 8, 'I MADE PURNAMA ARTHA JAYA', 'BRIGPOL', '93060473', 'H180530', '-', '2024-12-31'),
(150, 27, 5, 8, 'LALU ZULFAN F.', 'BRIPKA', '8707070', 'H180702', '-', '2024-12-31'),
(151, 27, 5, 8, 'YUDHA ANGGARA', 'BRIGPOL', '94070177', 'H180615', '-', '2024-12-31'),
(152, 27, 5, 8, 'ANCJAS SAPUTRA, S.H.', 'IPDA', '9010051', 'H180618', '-', '2024-12-31'),
(153, 27, 5, 8, 'ZENDI ZICO SETIARI TIDORE', 'BRIPKA', '86091775', 'H180576', '-', '2024-12-31'),
(154, 27, 5, 8, 'I NENGAH WIRANATA', 'IPTU', '81040779', 'H180577', '-', '2024-12-31'),
(155, 27, 5, 8, 'I PT NGURAH WIDYANTARA', 'BRIPKA', '82060784', 'H180575', '-', '2024-12-31'),
(156, 27, 5, 8, 'SUPRAPTO', 'AKP', '75070565', 'H180619', '-', '2024-12-31'),
(157, 27, 5, 8, 'LALU BUYA RADESKARA', 'BRIGPOL', '95040306', 'H174493', '-', '2024-12-31'),
(158, 27, 5, 8, 'FAISAL RACHMAT', 'BRIPKA', '86070903', 'H180706', '-', '2024-12-31'),
(159, 27, 5, 8, 'IRWAN SUHENDRA', 'AIPTU', '78030065', 'H180531', '-', '2024-12-31'),
(160, 27, 5, 8, 'I MADE LAMEG ', 'AIPTU', '78121181', 'H180532', '-', '2024-12-31'),
(161, 27, 5, 8, 'ABDUL MUTTALIB', 'AIPTU', '82070250', 'H180533', '-', '2024-12-31'),
(162, 27, 5, 8, 'SYAMSURIADI', 'BRIPKA', '78090753', 'H180534', '-', '2024-12-31'),
(163, 27, 5, 8, 'SIGIT DWI SAPUTRA', 'BRIPKA', '85110576', 'H180704', '-', '2024-12-31'),
(164, 27, 5, 8, 'ERMAN HARI R., S.H.', 'IPDA', '80040360', 'H174496', '-', '2024-12-31'),
(165, 27, 5, 8, 'MASHUDIN', 'AIPDA', '80110930', 'H174492', '-', '2024-12-31'),
(166, 27, 5, 8, 'M. AMRI ADISASRI', 'AIPDA', '84030024', 'H180709', '-', '2024-12-31'),
(167, 27, 5, 8, 'M. ARIFIN PURNAMA', 'BRIPKA', '75100821', 'H180711', '-', '2024-12-31'),
(168, 27, 5, 8, 'ADUS MARIADI', 'BRIPKA', '85121414', 'H180708', '-', '2024-12-31'),
(169, 27, 5, 8, 'AKHMAD FATHONI, S.Adm.', 'AIPDA', '77040092', 'H180824', '-', '2024-12-31'),
(170, 27, 5, 8, 'IVAN APRIYANTO', 'BRIPKA', '88040626', 'H180539', '-', '2024-12-31'),
(171, 27, 5, 8, 'HULAILI', 'AIPTU', '81010582', 'H180541', '-', '2024-12-31'),
(172, 27, 5, 8, 'RAIDI HARTADI', 'BRIPKA', '84101342', 'H180542', '-', '2024-12-31'),
(173, 27, 5, 8, 'IBRAHIM YUNUS', 'BRIPKA', '85061395', 'H180823', '-', '2024-12-31'),
(174, 27, 5, 8, 'MUZAKKI', 'AIPDA', '84121469', 'H180703', '-', '2024-12-31'),
(175, 27, 5, 8, 'ANGGORO PUJIANTO', 'AIPDA', '84030030', 'H180610', '-', '2024-12-31'),
(176, 27, 5, 8, 'DENNY ADWIYANA', 'BRIGPOL', '95050056', 'H180543', '-', '2024-12-31'),
(177, 27, 5, 8, 'DOMINGOS SOARES', 'AIPDA', '75080992', 'H180544', '-', '2024-12-31'),
(178, 27, 5, 8, 'A.A. NGURAH RAI, S.H.', 'IPDA', '86071479', 'H180545', '-', '2024-12-31'),
(179, 27, 5, 8, 'I KADEK DWI SUPARJANA', 'AIPDA', '83110195', 'H180546', '-', '2024-12-31'),
(180, 27, 5, 8, 'I KOMANG MAS DEDDY, S.Adm.', 'AIPDA', '82031278', 'H180714', '-', '2024-12-31'),
(181, 27, 5, 8, 'CHAERUL DENI', 'IPDA', '88050398', 'H180715', '-', '2024-12-31'),
(182, 27, 5, 8, 'MARTEN MARAWALI', 'AIPDA', '72110178', 'H180611', '-', '2024-12-31'),
(183, 27, 5, 8, 'I NYOMAN YOGA S.', 'AIPDA', '81030891', 'H180612', '-', '2024-12-31'),
(184, 27, 5, 8, 'IDA BAGUS DIANTARA', 'IPDA', '83120106', 'H180613', '-', '2024-12-31'),
(185, 27, 5, 8, 'MAHRUP, S.H.', 'AKP', '75020539', 'H180614', '-', '2024-12-31'),
(186, 27, 5, 8, 'M. SOFIANTO', 'AIPDA', '77120146', 'H180549', '-', '2024-12-31'),
(187, 27, 5, 8, 'EDY RAMLAN', 'BRIPKA', '80090287', 'H180550', '-', '2024-12-31'),
(188, 27, 5, 8, 'BAMBANG IRAWAN', 'AIPDA', '79061310', 'H180551', '-', '2024-12-31'),
(189, 27, 5, 8, 'ARIE PRIMA, S.AP.', 'IPDA', '89020201', 'H180553', '-', '2024-12-31'),
(190, 27, 5, 8, 'RAMLI', 'BRIPTU', '92070508', 'H180555', '-', '2024-12-31'),
(191, 27, 5, 8, 'WAWAN ARDIANSYAH', 'BRIPKA', '86031269', 'H180556', '-', '2024-12-31'),
(192, 27, 5, 8, 'SAMSUL BAHRI', 'BHARAKA', '92120459', 'H180558', '-', '2024-12-31'),
(193, 27, 5, 8, 'NURDIN, S.AP., M.M.Inov.', 'AKP', '75080807', 'H180579', '-', '2024-12-31'),
(194, 27, 5, 8, 'RICO ANGGA FUNAY', 'BRIPKA', '87071488', 'H180601', '-', '2024-12-31'),
(195, 27, 5, 8, 'AZIZUDIN', 'BRIPTU', '93120882', 'H180602', '-', '2024-12-31'),
(196, 27, 5, 8, 'HENORA SATRIAWAM', 'IPDA', '87031188', 'H180603', '-', '2024-12-31'),
(197, 27, 5, 8, 'KADEK SUDIATNIKA', 'BRIPKA', '96041958', 'H180784', '-', '2024-12-31'),
(198, 27, 5, 8, 'SUGENG RIYADI, S.Sos.', 'IPDA', '75100547', 'H180523', '-', '2024-12-31'),
(199, 27, 5, 8, 'LUKMAN', 'AIPDA', '82090137', 'H180510', '-', '2024-12-31'),
(200, 27, 5, 8, 'HERY WIBADI, S.H.', 'AIPDA', '84030048', 'H180511', '-', '2024-12-31'),
(201, 27, 5, 8, 'M. NAFIAH', 'BRIPKA', '80120228', 'H180512', '-', '2024-12-31'),
(202, 27, 5, 8, 'BUDI MARJOKO', 'AKP', '7412016', 'H180513', '-', '2024-12-31'),
(203, 27, 5, 8, 'AHMAD MASLAHUDIN', 'BRIPKA', '81080037', 'H180514', '-', '2024-12-31'),
(204, 27, 5, 8, 'SUPRAPTO', 'IPDA', '76060395', 'H180515', '-', '2024-12-31'),
(205, 27, 5, 8, 'GAZALI', 'BRIPKA', '87091140', 'H180713', '-', '2024-12-31'),
(206, 27, 5, 8, 'FAHRI ', 'BRIGPOL', '94080346', 'H180440', '-', '2024-12-31'),
(207, 27, 5, 8, 'I PUTU YUDHISTIRA K.', 'IPDA', '87010124', 'H180525', '-', '2024-12-31'),
(208, 27, 5, 8, 'KOMANG JUNI', 'BRIGPOL', '89060638', 'H180526', '-', '2024-12-31'),
(209, 27, 5, 8, 'AGUS RIYANSYAH', 'BRIPKA', '87080834', 'H180527', '-', '2024-12-31'),
(210, 27, 5, 8, 'LALU AGUS JAMALUDIN', 'AIPDA', '83080190', 'H180710', '-', '2024-12-31'),
(211, 27, 5, 8, 'MERTE', 'IPDA', '75010689', 'H180535', '-', '2024-12-31'),
(212, 27, 5, 8, 'SUNARDI', 'AIPDA', '81040895', 'H180536', '-', '2024-12-31'),
(213, 27, 5, 8, 'SYAMSUDIN', 'AIPTU', '75040687', 'H180537', '-', '2024-12-31'),
(214, 27, 5, 8, 'JUMAIDI', 'AIPDA', '81080709', 'H180538', '-', '2024-12-31'),
(215, 27, 5, 8, 'HARI MULADI MUSLIM', 'BRIPKA', '86061395', 'H174491', '-', '2024-12-31'),
(216, 27, 5, 8, 'EDIANA, A.Md. Par.', 'AIPDA', '82051510', 'H180719', '-', '2024-12-31'),
(217, 27, 5, 8, 'DWI CAHYONO S.', 'AIPDA', '82080300', 'H180821', '-', '2024-12-31'),
(218, 27, 5, 8, 'MUH. KUSMAYADI ', 'BRIPKA', '85090857', 'H180822', '-', '2024-12-31'),
(219, 27, 5, 8, 'AFRIAN PUTRA ADINATA', 'BRIGPOL', '90040295', 'H180783', '-', '2024-12-31'),
(220, 27, 5, 8, 'DENI JAYADI', 'BRIPTU', '94060445', 'H180829', '-', '2024-12-31'),
(221, 27, 5, 8, 'KHSAN', 'BRIPKA', '88030500', 'H180439', '-', '2024-12-31'),
(222, 27, 5, 8, 'YUDIANSYAH PUTRA', 'BRIGPOL', '93100668', 'H180833', '-', '2024-12-31'),
(223, 27, 5, 8, 'JAINI', 'BRIPKA', '79060683', 'H180501', '-', '2024-12-31'),
(224, 27, 5, 8, 'AGUS DARMAWAN', 'BRIPKA', '78120720', 'H174483', '-', '2024-12-31'),
(225, 27, 5, 8, 'ADI KURNIAWAN', 'BHARAKA', '92040535', 'H174484', '-', '2024-12-31'),
(226, 27, 5, 8, 'NAZAMUDIN, S.H.', 'BRIPTU', '93110679', 'H174485', '-', '2024-12-31'),
(227, 27, 5, 8, 'A. RASYID', 'BHARAKA', '93090341', 'H180607', '-', '2024-12-31'),
(228, 27, 5, 8, 'OKA PUTRA U., S.Sos.', 'BRIPKA', '87011191', 'H180605', '-', '2024-12-31'),
(229, 27, 5, 8, 'ILMIN', 'BRIPKA', '79080592', 'H180828', '-', '2024-12-31'),
(230, 27, 5, 8, 'AL GAYAM', 'BRIPKA', '78030923', 'H180837', '-', '2024-12-31'),
(231, 27, 5, 8, 'HENDRA', 'AIPDA', '80070840', 'H180716', '-', '2024-12-31'),
(232, 27, 5, 8, 'ZUFRI, S.Sos.', 'AIPDA', '83010071', 'H180503', '-', '2024-12-31'),
(233, 27, 5, 8, 'ZULKIFLI', 'AIPDA', '8108516', 'H180504', '-', '2024-12-31'),
(234, 27, 5, 8, 'JUNAIDDIN', 'AIPDA', '79030607', 'H180505', '-', '2024-12-31'),
(235, 27, 5, 8, 'SUBHSN TAIF, S.H.', 'AIPDA', '78080960', 'H180506', '-', '2024-12-31'),
(236, 27, 5, 8, 'IDRUS', 'IPDA', '75010703', 'H180507', '-', '2024-12-31'),
(237, 27, 5, 8, 'ISMAIL', 'AIPDA', '73010500', 'H180508', '-', '2024-12-31'),
(238, 27, 5, 8, 'FIRMA ABDUL AZIZ', 'BRIPTU', '00070057', 'H180832', '-', '2024-12-31'),
(239, 27, 5, 8, 'ANGGI PUTRA', 'BRIPTU', '92080748', 'H180799', '-', '2024-12-31'),
(240, 27, 5, 8, 'KAYUN NURHUDA, S.H.', 'BRIGPOL', '93060560', 'H180839', '-', '2024-12-31'),
(241, 27, 5, 8, 'M. JASULI RAMADHAN', 'IPTU', '81070841', 'H174511', '-', '2024-12-31'),
(242, 27, 5, 8, 'M. BARAMA KUMBARA, S.H.', 'BRIPKA', '79090161', 'H180516', '-', '2024-12-31'),
(243, 27, 5, 8, 'I PT ARYA DINATA', 'BRIGPOL', '90040251', 'H180517', '-', '2024-12-31'),
(244, 27, 5, 8, 'SUKARDIN', 'BRIPKA', '78010805', 'H180707', '-', '2024-12-31'),
(245, 27, 5, 8, 'RIFEN SAMUDRA MAMIRI', 'BHARAKA', '94010034', 'H180519', '-', '2024-12-31'),
(246, 27, 5, 8, 'IDHAM', 'BRIPKA', '76040249', 'H180520', '-', '2024-12-31'),
(247, 27, 5, 8, 'YAYOK DHARMA P, S.E.', 'BRIPKA', '85032031', 'H180521', '-', '2024-12-31'),
(248, 27, 5, 8, 'ADIK NANANG K.', 'BHARATU', '93050102', 'H180522', '-', '2024-12-31'),
(249, 27, 5, 8, 'SURYANSYAH', 'BRIPKA', '79090539', 'H180518', '-', '2024-12-31'),
(250, 27, 5, 8, 'NURUL IMAM', 'BRIPTU', '93120827', 'H174482', '-', '2024-12-31'),
(251, 27, 5, 8, 'M. ROSIDIN', 'BRIPTU', '97100872', 'H174486', '-', '2024-12-31'),
(252, 27, 5, 8, 'AKHYAR, S.H.', 'IPDA', '78030026', 'H180831', '-', '2024-12-31'),
(253, 27, 5, 8, 'MULYADIN', 'IPDA', '79051967', 'H180720', '-', '2024-12-31'),
(254, 27, 5, 8, 'M. YUSUF', 'BRIPTU', '94090355', 'H174477', '-', '2024-12-31'),
(255, 27, 5, 8, 'ARIEF HIDAYAT, S.Sos.', 'BRIPKA', '88090104', 'H174478', '-', '2024-12-31'),
(256, 27, 5, 8, 'BRUSLI', 'BRIPKA', '79040659', 'H174481', '-', '2024-12-31'),
(257, 27, 5, 8, 'TAUFIKURRAHMAN, S.H.', 'BRIPKA', '80060342', 'H174479', '-', '2024-12-31'),
(258, 27, 5, 8, 'M. SUDRAL IMAM', 'BRIGPOL', '94040373', 'H174508', '-', '2024-12-31'),
(259, 27, 5, 8, 'ERY SOFIYAN ROMI', 'BRIPKA', '78030508', 'H180571', '-', '2024-12-31'),
(260, 27, 5, 8, 'I KETUT ADNYANA', 'BRIPKA', '79060679', 'H180564', '-', '2024-12-31'),
(261, 27, 5, 8, 'I NYOMAN DUPAYANA', 'BRIPKA', '80040508', 'H180565', '-', '2024-12-31'),
(262, 27, 5, 8, 'IBRAHIM', 'BRIPKA', '80090330', 'H180566', '-', '2024-12-31'),
(263, 27, 5, 8, 'JOKO PRESTIWANTO', 'BRIPKA', '78071127', 'H180563', '-', '2024-12-31'),
(264, 27, 5, 8, 'ANDRI NURRAHMANSYAH', 'BRIPKA', '89090083', 'H180570', '-', '2024-12-31'),
(265, 27, 5, 8, 'SYARIFUDIN', 'BRIPKA', '79100711', 'H180568', '-', '2024-12-31'),
(266, 27, 5, 8, 'RAHARDIAN YUVALITA W.', 'BRIGPOL', '94070125', 'H180572', '-', '2024-12-31'),
(267, 27, 5, 8, 'ANDIKA S.', 'BRIPDA', '93050093', 'H180560', '-', '2024-12-31'),
(268, 27, 5, 8, 'LALU WIRAMAJI', 'BRIPKA', '87071376', 'H180559', '-', '2024-12-31'),
(269, 27, 5, 8, 'RUDI ZULHAN', 'AIPTU', '74120808', 'H174505', '-', '2024-12-31'),
(270, 27, 5, 8, 'I GST NGURAH WIDIASTU', 'BRIGPOL', '94060538', 'H174499', '-', '2024-12-31'),
(271, 27, 5, 8, 'M. ADHAR, S.Sos.', 'BRIPKA', '87070706', 'H174487', '-', '2024-12-31'),
(272, 27, 5, 8, 'RAHMAT APRIYANSYAH', 'BRIGPOL', '92040257', 'H180606', '-', '2024-12-31'),
(273, 27, 5, 8, 'JULHAM SIMATUPANG', 'BRIGPOL', '94010113', 'BY804357', '-', '2024-12-31'),
(274, 27, 5, 8, 'I WAYAN NADRATAMA', 'BRIPDA', '94040257', 'BY804314', '-', '2024-12-31'),
(275, 27, 5, 10, 'MAHDELINA', 'BRIPKA', '80030333', '58B141558', '-', '2024-11-30'),
(276, 27, 5, 10, 'DAVID JB', 'BRIPKA', '75010758', '58B141549', '-', '2024-11-30'),
(277, 27, 5, 10, 'ROKHMAN', 'BRIPKA', '76080749', '58A14123', '-', '2024-12-31'),
(278, 27, 5, 10, 'ZULFIKRI', 'BRIPKA', '81081018', '58A141872', '-', '2024-11-30'),
(279, 27, 5, 10, 'LALU ISWAHYUDI', 'BRIPKA', '78080499', '58A141873', '-', '2024-11-30'),
(280, 27, 5, 10, 'LALU JONI HARDI', 'BRIPKA', '79060692', '58A145557', '-', '2024-12-31'),
(281, 27, 5, 10, 'CATUR NINO AMARAL', 'BRIPKA', '76020246', '58A145572', '-', '2024-12-31'),
(282, 27, 5, 10, ' I PUTU EKA ADI S.', 'BRIGPOL', '92120755', '58A146557', '-', '2024-11-30'),
(283, 27, 5, 10, 'MADE SUDARMA', 'BRIPKA', '77060061', '58A146581', '-', '2024-12-31'),
(284, 27, 5, 10, 'KHAIRUL ANAS', 'BRIPKA', '74100615', '58C115756', '-', '2024-12-31'),
(285, 27, 5, 10, 'KETUT SUDIANA PUTRA', 'BRIGPOL', '95080105', '58A141896', '-', '2024-12-31'),
(286, 27, 5, 10, 'WAHYU NADI', 'IPDA', '81010005', '58C101292', '-', '2024-12-31'),
(287, 27, 5, 10, 'NURHANUDIN', 'AIPTU', '80010836', '58C101338', '-', '2024-12-31'),
(288, 27, 5, 8, 'ADITYA WARMAN', 'AIPTU', '81090452', '58C101340', '-', '2024-12-31'),
(289, 27, 5, 10, 'I GB EKA P., S.H., M.I.Kom.', 'KOMPOL', '76030411', '58C101298', '-', '2024-12-31'),
(290, 27, 5, 10, 'RAKIDI', 'AIPDA', '74100637', '58C101297', '-', '2024-12-31'),
(291, 27, 5, 10, 'NURDIANSYAH', 'BRIPKA', '78050976', '58C056607', '-', '2024-12-31'),
(292, 27, 5, 10, 'TAHARUDIN', 'BRIPKA', '79051225', '58C101312', '-', '2024-12-31'),
(293, 27, 5, 10, 'SOFYAN HADI', 'BRIPKA', '78120734', '58A132667', '-', '2024-12-31'),
(294, 27, 5, 10, 'I PUTU W., A,Adm., M.I.Kom.', 'AKP', '77070205', '58A133160', '-', '2024-12-31'),
(295, 27, 5, 10, 'IDA BAGUS PUTU M.', 'AIPTU', '76020303', '58A133198', '-', '2024-12-31'),
(296, 27, 5, 10, 'DENI SASMAWAN', 'AIPTU', '77120070', '58A133219', '-', '2024-12-31'),
(297, 27, 5, 10, 'NAJAFIN HUSAIN, S.Sos., M.M.', 'AIPDA', '78020859', '58A133453', '-', '2024-12-31'),
(298, 27, 5, 10, 'MADE PUTRA SANJAYA', 'IPDA', '88080260', '58C100699', '-', '2024-12-31'),
(299, 27, 5, 10, 'WAYAN KASTAWA', 'AIPDA', '74110626', '58A132636', '-', '2024-12-31'),
(300, 27, 5, 10, 'LALU AGUS FATURAHMAN', 'BRIPKA', '78040940', '58A132638', '-', '2024-12-31'),
(301, 27, 5, 10, 'I WAYAN JAYA P.', 'BRIPKA', '86101077', '58A132648', '-', '2024-12-31'),
(302, 27, 5, 10, 'AA ARY YUDHA S.', 'BRIPKA', '85090780', '58A132660', '-', '2024-12-31'),
(303, 27, 5, 10, 'LALU KRISNA SW.', 'AIPTU', '78091177', '58A132670', '-', '2024-12-31'),
(304, 27, 5, 10, 'GEDE BAYU PRAKOSA', 'BHARAKA', '92100153', '58A132672', '-', '2024-12-31'),
(305, 27, 5, 10, 'ARDIAN NOFRIE', 'AIPDA', '83110221', '58A145555', '-', '2024-12-31'),
(306, 27, 5, 10, 'ERWIN APRIANSYAH', 'BRIPKA', '87041287', '58C049926', '-', '2024-12-31'),
(307, 27, 5, 10, 'DEDIK KRISTIANTO', 'BRIPKA', '75110919', '58C109829', '-', '2024-12-31'),
(308, 27, 5, 10, 'DIDY DIPRIANTO', 'BRIPKA', '81110017', '58C110789', '-', '2024-12-31'),
(309, 27, 5, 10, 'MUH. AHLI', 'AIPDA', '75120895', '58C110796', '-', '2024-12-31'),
(310, 27, 5, 10, 'SIMSON SAMUEL DUKA', 'AIPDA', '74090672', '58C111110', '-', '2024-12-31'),
(311, 27, 5, 10, 'SUKRI', 'AIPDA', '82020474', '58C111111', '-', '2024-12-31'),
(312, 27, 5, 10, 'M.S. IBRAHIM, S.MN.', 'IPDA', '90030313', '58C111112', '-', '2024-12-31'),
(313, 27, 5, 10, 'I PT AGUS ADI WIRAWAN', 'BRIPKA', '86111664', '58C111115', '-', '2024-12-31'),
(314, 27, 5, 10, 'REZKILLAH R, S.Sos.', 'IPDA', '88080145', '58A143311', '-', '2024-12-31'),
(315, 27, 5, 10, 'EGAS DOS SANTOS', 'AIPDA', '76100151', '58A145559', '-', '2024-12-31'),
(316, 27, 5, 10, 'ARDIANSYAH, S.H.', 'BRIPKA', '86121244', '58C101299', '-', '2024-12-31'),
(317, 27, 5, 10, 'NASARUDIN', 'IPDA', '82030850', '58C105412', '-', '2024-12-31'),
(318, 27, 5, 10, 'MUSMULIADIN', 'BRIPKA', '77061079', '58C106000', '-', '2024-12-31'),
(319, 27, 5, 10, 'VITORINA DA COSTA', 'BRIPKA', '78120002', '58C106632', '-', '2024-12-31'),
(320, 27, 5, 36, 'I NENGAH SUMANTRA', 'AKP', '76070396', 'FYP788', '-', '2024-12-31'),
(321, 27, 5, 36, 'HAEKAL AHMAD MIFTAH', 'AKP', '75070581', 'FYP789', '-', '2024-12-31'),
(322, 27, 5, 36, 'DEDI APRIAWAN ', 'IPDA', '87040793', 'AARF436', '-', '2024-12-31'),
(323, 27, 5, 36, 'IWAN SETIAWAN., S.Adm.', 'AKP', '76030290', 'AARF437', '-', '2024-12-31'),
(324, 27, 5, 36, 'KOMARUZ ZAMAN, S.I.K., M.H.', 'KOMBESPOL', '75040499', 'AARF438', '-', '2024-12-31'),
(325, 27, 5, 36, 'SUPRIYONO, S.Adm.', 'KOMPOL', '77020121', 'AARF439', '-', '2024-12-31'),
(326, 27, 5, 36, 'JUNAIDI SUPARWOTO', 'AKP', '76050133', 'AARF442', '-', '2024-12-31'),
(327, 27, 5, 36, 'HENDRI SYAPUTRA, S.I.K.', 'AKBP', '83111393', 'AARF443', '-', '2024-12-31'),
(328, 27, 5, 36, 'AGUNG BUDI LAKSONO, S.I.K.', 'AKP', '92060404', 'AARF444', '-', '2024-12-31'),
(329, 27, 5, 36, 'ACHMADUN HADY, S.H.', 'KOMPOL', '75120744', 'AARF445', '-', '2024-12-31'),
(330, 27, 5, 36, 'SYAIFUL BAHRI', 'AKBP', '66110019', 'AARF440', '-', '2024-12-31'),
(331, 27, 5, 9, 'ABDUL AZIZ', 'BRIGPOL', '89060649', '97227', '-', '2024-12-31'),
(332, 27, 5, 9, 'M. LUKMAN HAKIM MZ', 'BRIGPOL', '89100563', '98925', '-', '2024-12-31'),
(333, 44, 4, 4, 'I KT KERTHA TANIYASA', 'IPTU', '68070461', 'BDB8643', '12', '2025-03-04'),
(334, 44, 5, 8, 'I GST NGR BAGUS SAPUTRA', 'AKP', '75100108', 'H254506', '12', '2025-03-04'),
(335, 44, 5, 8, 'KADEK ANGGA NAMBARA, S.H.', 'IPTU', '85060055', 'H254508', '12', '2025-03-04'),
(336, 44, 5, 10, 'LARFI KUSNA RAHARJA, S.H.', 'IPDA', '73040050', '58C110788', '12', '2025-03-04'),
(337, 44, 4, 4, 'AHMAD TAUFIK', 'IPDA', '82040126', 'BZ5149', '12', '2025-03-04'),
(338, 44, 5, 8, 'I KOMANG WILANDRA, S.H.', 'IPTU', '81090075', 'H254523', '12', '2025-03-04'),
(339, 44, 5, 8, 'IDA BAGUS WIRADIYANA', 'IPDA', '88020435', 'H191226', '12', '2025-03-04'),
(340, 44, 5, 8, 'HADI RAMDANI, S.M.', 'IPDA', '85121120', 'H191232', '12', '2025-03-04'),
(341, 44, 4, 4, 'I MD KUKUH REDANA, S.Fil.', 'AIPDA', '81110089', '9D97147', '12', '2025-03-04'),
(342, 44, 4, 39, 'LALU SAEPULLAH', 'AIPDA', '80090600', '16320', '12', '2025-03-04'),
(343, 44, 4, 4, 'DW PT WIDIANTARA', 'AIPTU', '7810066', 'AEE6094', '12', '2025-03-04'),
(344, 44, 4, 4, 'JIYONO, S.H.', 'AIPTU', '79031311', '02554M', '12', '2025-03-04'),
(345, 44, 5, 10, 'HUSNUL ZAJULI FAHMI', 'AIPTU', '81070177', '58C110784', '12', '2025-03-04'),
(346, 44, 4, 3, 'ALI IMRAN', 'AIPDA', '79101087', '793405', '12', '2025-03-04'),
(347, 44, 4, 3, 'I GST KETUT ARDANA', 'AIPDA', '85100209', '19773M', '12', '2025-03-04'),
(348, 44, 4, 5, 'IDA NYM SUSILA', 'AIPDA', '83070659', 'XL264439', '12', '2025-03-04'),
(349, 44, 4, 4, 'AGUS QODURULLOH', 'AIPDA', '79081311', '9D91175', '12', '2025-03-04'),
(350, 44, 4, 4, 'IDA BAGUS ANOM WIJAYA', 'AIPDA', '81120608', 'BJJ8702', '12', '2025-03-04'),
(351, 44, 4, 3, 'SUPRATMAN', 'AIPDA', '81010597', '816773', '12', '2025-03-04'),
(352, 44, 4, 4, 'I GEDE SUDANA', 'AIPDA', '80070934', 'BDB8521', '12', '2025-03-04'),
(353, 44, 4, 3, 'SUKIRMAN', 'AIPDA', '82121031', '793174', '12', '2025-03-04'),
(354, 44, 4, 4, 'I GD PT SULESTRA', 'AIPDA', '82010758', 'AFB5324', '12', '2025-03-04'),
(355, 44, 4, 4, 'I PT SUARDIKA', 'AIPDA', '85060348', 'BEZ5127', '12', '2025-03-04'),
(356, 44, 4, 39, 'PUTU PARIASA', 'BRIPKA', '83091146', '645400', '12', '2025-03-04'),
(357, 44, 4, 4, 'HADI ISKANDAR', 'AIPDA', '83111101', 'ADU0487', '12', '2025-03-04'),
(358, 44, 4, 4, 'I NENGAH KAWI ARTHA', 'AIPDA', '80061282', '8D19223', '12', '2025-03-04'),
(359, 44, 4, 39, 'ANDRIYANSYAH', 'AIPDA', '84110813', '680707', '12', '2025-03-04'),
(360, 44, 4, 4, 'DANI HAMDANI', 'AIPDA', '83091123', '9D82396', '12', '2025-03-04'),
(361, 44, 5, 8, 'I PT SATRIA WIRAYUDHYA, S.H.', 'AIPDA', '85070296', 'H254522', '12', '2025-03-04'),
(362, 44, 4, 39, 'I NENGAH BAWA, S.H.', 'AIPDA', '83010214', '606498', '12', '2025-03-04'),
(363, 44, 4, 39, 'AKHMAD DANIL KH', 'AIPDA', '83090085', '606750', '12', '2025-03-04'),
(364, 44, 4, 4, 'SUGIANTO, S.Sos.', 'BRIPKA', '79120502', '6D60949', '12', '2025-03-04'),
(365, 44, 5, 8, 'KADEK JULI EDI PUTRAWAN', 'BRIPKA', '80071382', 'H254517', '12', '2025-03-04'),
(366, 44, 4, 4, 'I NYM WIDIARTHA', 'BRIPKA', '84091326', '8D67233', '12', '2025-03-04'),
(367, 44, 4, 39, 'L. FAUZAN ANDRIAN', 'BRIPKA', '87060533', '679569', '12', '2025-03-04'),
(368, 44, 4, 39, 'I GEDE SUGIADA', 'BRIPKA', '89010221', '681765', '12', '2025-03-04'),
(369, 44, 4, 3, 'BINTORO ARIF SISWANTO', 'BRIPKA', '86030300', '02004M', '12', '2025-03-04'),
(370, 44, 4, 39, 'M. AZHAR YASIN', 'BRIPKA', '88100544', '606525', '12', '2025-03-04'),
(371, 44, 5, 8, 'I NYM SUDARSA', 'BRIPKA', '86050673', 'H191228', '12', '2025-03-04'),
(372, 44, 4, 4, 'I NENGAH PUJA', 'BRIPKA', '85120674', 'BDB8343', '12', '2025-03-04'),
(373, 44, 4, 39, 'I GD GIANTARA', 'BRIGPOL', '87111257', '680074', '12', '2025-03-04'),
(374, 44, 4, 39, 'PUTU SUASTIKA', 'BRIPKA', '78060069', '684849', '12', '2025-03-04'),
(375, 44, 4, 4, 'I WYN ROKI SUMANA', 'BRIPKA', '86100335', 'AFB5815', '12', '2025-03-04'),
(376, 44, 5, 8, 'I GD LINGGA WIDIARTHA', 'BRIPKA', '85061842', 'H191233', '12', '2025-03-04'),
(377, 44, 4, 39, 'DHENY IRAWAN P', 'BRIPKA', '86040072', '559983', '12', '2025-03-04'),
(378, 44, 4, 3, 'HERIAWAN ANDIKA', 'BRIPKA', '86050623', '14662M', '12', '2025-03-04'),
(379, 44, 4, 37, 'KHAIRUL PRANGGA', 'BRIGPOL', '88090683', 'BJJ8075', '12', '2025-03-04'),
(380, 44, 4, 3, 'BUDIAMAN', 'BRIPKA', '80010086', 'M47164', '12', '2025-03-04'),
(381, 44, 5, 8, 'I GD SUGRIWA', 'AIPTU', '77040628', 'H254532', '12', '2025-03-04'),
(382, 44, 4, 5, 'DIDI WARTONO JAYADIN', 'BRIGPOL', '92050242', 'XL264451', '12', '2025-03-04'),
(383, 44, 4, 4, 'HIERONIMUS PUTU HARYANDI TAGANG', 'BRIGPOL', '92090064', '9D83100', '12', '2025-03-04'),
(384, 44, 4, 3, 'FRANSISKUS XAVERIUS LIU M.', 'BRIGPOL', '91120177', 'M46682', '12', '2025-03-04'),
(385, 44, 5, 8, 'WAHYU CANDRA SULISTYO, S.H.', 'BRIGPOL', '95110443', 'H254521', '12', '2025-03-04'),
(386, 44, 4, 3, 'LALU DIDIN GUNAWAN', 'BRIGPOL', '93080799', '684681', '12', '2025-03-04'),
(387, 44, 4, 6, 'RIAN SUDANA', 'BRIGPOL', '90030359', 'AES034309', '12', '2025-03-04'),
(388, 44, 4, 4, 'LALU JANUAR YUDHI A.', 'BRIGPOL', '94010941', '9D54827', '12', '2025-03-04'),
(389, 44, 4, 39, 'LALU BENI HARYANTO', 'BRIGPOL', '93110362', '679749', '12', '2025-03-04'),
(390, 44, 4, 5, 'RAHADI KURNIA SETIAWAN', 'BRIGPOL', '92100609', 'XL264434', '12', '2025-03-04'),
(391, 44, 4, 4, 'HERY KISWANTO', 'BRIGPOL', '93050879', 'AJR4381', '12', '2025-03-04'),
(392, 44, 4, 39, 'IDA BGS GD ARDY PRANAYA', 'BRIPTU', '98100180', '679631', '12', '2025-03-04'),
(393, 44, 4, 4, 'NURHADI SAPUTRO', 'BRIGPOL', '92110675', '9D31663', '12', '2025-03-04'),
(394, 44, 5, 8, 'L. INDRA HADI KUSUMA W.', 'BRIGPOL', '94050692', 'H254538', '12', '2025-03-04'),
(395, 44, 4, 4, 'ERWIN HARIYADI, S.H.', 'BRIGPOL', '94100378', '9D96171', '12', '2025-03-04'),
(396, 44, 4, 39, 'SABARUDIN', 'BRIPTU', '93121162', '602116', '12', '2025-03-04'),
(397, 46, 5, 8, 'HENDRI ISMANTO', 'BRIGPOL', '93110111', 'H238084', '10', '2025-02-24'),
(398, 46, 5, 8, 'MIRSANDI', 'AIPDA', '84050144', 'H238058', '10', '2025-02-24'),
(399, 46, 5, 8, 'IGNASIUS HESIS BUANA', 'BRIPKA', '88070978', 'H238080', '10', '2025-02-24'),
(400, 46, 5, 8, 'DODI PURWANDI', 'AIPDA', '84100618', 'H238043', '10', '2025-02-24'),
(401, 46, 5, 8, 'ARDIAWAN PUTRA', 'BRIGPOL', '95030163', 'H261943', '10', '2025-02-24'),
(402, 46, 5, 8, 'SATRIA PRATAMA H.', 'BRIPTU', '96060877', 'H261931', '10', '2025-02-24'),
(403, 46, 5, 8, 'M. AGUS MULYADI', 'BRIGPOL', '93090900', 'H191212', '10', '2025-02-24'),
(404, 46, 5, 8, 'L. FAJAR ALI', 'BRIGPOL', '95040271', 'H261926', '10', '2025-02-24'),
(405, 46, 4, 3, 'HERI RAHMAT', 'AIPTU', '78071247', '684203', '12', '2025-02-24'),
(406, 46, 4, 37, 'ARIYA', 'AIPDA', '83010956', 'QD511140', '12', '2025-02-24'),
(407, 46, 4, 1, 'MUNAJAH', 'BRIPKA', '86081123', '682715', '12', '2025-02-24'),
(408, 46, 5, 6, 'PRATAP ARIS MUNANDAR', 'BRIPTU', '97110733', 'AES021130', '12', '2025-02-24'),
(409, 46, 4, 6, 'HAERUL ANWAR', 'BRIPTU', '93050906', 'AES033617', '12', '2025-02-24'),
(410, 46, 5, 8, 'BAMBANG TEDDY', 'IPTU', '78030182', 'H191220', '10', '2025-01-09'),
(411, 46, 5, 8, 'ROSADI PURWOHADI', 'IPDA', '86070801', 'H261945', '10', '2025-01-09'),
(412, 46, 5, 8, 'ARI RACHMAN F, S.Tr.K', 'IPDA', '98020821', 'H261950', '10', '2025-01-23'),
(413, 46, 5, 8, 'ROBBY HATLAN', 'BRIPKA', '87071667', 'H261946', '10', '2025-01-23'),
(414, 45, 4, 5, 'PURWADI', 'BRIPTU', '95070554', 'XL264400', '12', '2025-04-30'),
(415, 45, 4, 3, 'M. MULYANADI', 'BRIPKA', '86070746', 'M42698', '10', '2025-04-30'),
(416, 45, 4, 5, 'LALU SUHAIDI', 'BRIPTU', '97010723', 'YJ344177', '12', '2025-05-31'),
(417, 45, 5, 38, 'M. DAHLAN', 'AIPTU', '7010031', 'H254496', '12', '2025-05-31'),
(418, 45, 4, 39, 'ROMDIANA', 'AIPTU', '79011065', '782283', '12', '2025-04-30'),
(419, 45, 4, 5, 'MARWAN HAKIM', 'AIPTU', '80120618', 'XL264376', '12', '2025-04-30'),
(420, 45, 4, 5, 'I NYM ADI IRAWAN', 'AIPDA', '84060361', 'XL264374', '12', '2025-03-31'),
(421, 45, 4, 1, 'MADE WIRANATA BALIANA', 'AIPDA', '84071306', '792750', '12', '2025-03-31'),
(422, 45, 5, 38, 'M. NURUL SOLIHIN', 'BRIGPOL', '94120782', 'H2545614', '12', '2025-03-31'),
(423, 45, 5, 38, 'SURIANA SUKMAJAYA', 'AIPDA', '83051061', 'H191236', '12', '2025-03-31'),
(424, 46, 4, 3, 'ISRANDI HARYANA', 'BRIPKA', '85113224', '21691M', '12', '2025-03-31'),
(425, 45, 5, 38, 'PT JONHY HERYADI', 'BRIPKA', '87060281', 'H191238', '12', '2025-03-31'),
(426, 45, 4, 5, 'I GD BUDI ARDANA', 'BRIPKA', '86100923', 'AT514707', '12', '2025-03-31'),
(427, 45, 4, 4, 'EKO WINARTO', 'BRIPKA', '78070530', '9D82414', '12', '2025-03-31'),
(428, 45, 4, 5, 'K. BUDESMAWAN', 'BRIPKA', '84121336', 'XL264409', '12', '2025-03-31'),
(429, 45, 4, 5, 'INDERA SUKARTIKA', 'BRIPKA', '86101884', 'XL264403', '12', '2025-03-31'),
(430, 45, 4, 4, 'ABDUL GANI KHAIR', 'AIPTU', '79120387', '8D68397', '12', '2025-03-31'),
(431, 45, 4, 3, 'KT PUSDA ARYA YASA', 'BRIPKA', '84101354', '630375', '12', '2025-03-31'),
(432, 45, 4, 4, 'DENNY SUKMAJAYA', 'BRIGPOL', '93010388', 'AJR4388', '12', '2025-03-31'),
(433, 45, 5, 38, 'I GEDE ARNAYA', 'AIPDA', '81121131', 'H238049', '12', '2025-03-31'),
(434, 45, 5, 38, 'MULYADIN', 'AIPDA', '83061126', 'H191237', '12', '2024-10-31'),
(435, 45, 4, 1, 'L. IWAN WAHYUDI', 'AIPDA', '81120769', '791990', '12', '2025-02-28'),
(436, 45, 5, 38, 'I GD SADAR HARJUNI', 'BRIPKA', '85061752', 'H254515', '12', '2025-01-31'),
(437, 45, 5, 38, 'I MD DITE PUTRA', 'BRIGPOL', '92020305', 'H254489', '12', '2025-02-28'),
(438, 45, 5, 38, 'L. TEGARIAN TANARA', 'BRIGPOL', '96010069', 'H254490', '12', '2025-01-31'),
(439, 45, 4, 1, 'L. MUHAMAD YAHYA', 'BRIGPOL', '93041032', '675329', '12', '2025-01-31'),
(440, 45, 5, 38, 'RISMAYADI', 'AIPDA', '85120173', 'H191225', '12', '2025-01-31'),
(441, 45, 4, 4, 'IWAN SISWANTO', 'BRIPKA', '81020708', 'BEB4490', '12', '2025-01-31'),
(442, 45, 4, 1, 'I MD PRASDISTAPA', 'AIPDA', '83060464', '617689', '12', '2025-04-30'),
(443, 45, 4, 39, 'AGUS HERMAN JAYADI', 'AIPDA', '84080430', '646028', '12', '2025-02-28'),
(444, 45, 4, 5, 'I MD ARI UTAMA', 'AIPDA', '86100182', 'XL264563', '12', '2025-01-31'),
(445, 45, 5, 38, 'I KT SENTANA YASA, S.H.', 'IPDA', '85070618', 'H191236', '12', '2025-01-31'),
(446, 45, 5, 38, 'I PT KARDHIANTO, S.H., M.H.', 'KOMPOL', '74090269', 'H254499', '12', '2025-01-31'),
(447, 45, 5, 38, 'ARDIAN LESMANA, S.H.', 'BRIGPOL', '94041126', 'H254495', '12', '2025-02-28'),
(448, 45, 4, 1, 'ABDI ABDIANSYAH, S.Sos.', 'AIPDA', '83121503', '791990', '12', '2025-02-28'),
(449, 45, 5, 38, 'MANDA ARYAN NUGRAHA, S.H.', 'IPDA', '87080386', 'H254486', '12', '2025-01-31'),
(450, 45, 5, 38, 'M. RADIAN AGUS DWI LAKSONO', 'BRIPKA', '86010645', 'H191239', '12', '2025-01-31'),
(451, 45, 4, 4, 'FIRMAN IHSAN ARMAWAN', 'BRIGPOL', '94030075', '9D91643', '12', '2024-12-31'),
(452, 45, 5, 38, 'AKHMAD SULIYADI', 'BRIPKA', '87040127', 'H254487', '12', '2024-12-31'),
(453, 45, 4, 39, 'I WYN BUDIANA', 'AIPDA', '85081060', '606594', '12', '2024-12-31'),
(454, 45, 5, 38, 'I GST KADEK DWI SASTRA', 'BRIPKA', '84051550', 'H254511', '12', '2024-12-31'),
(455, 45, 4, 1, 'AKHMAD SANTOSA', 'BRIPKA', '86110531', '816115', '12', '2025-01-31'),
(456, 45, 4, 5, 'LALU CHAKA MAHESA', 'BRIGPOL', '92060301', 'XL264366', '12', '2024-10-31'),
(457, 45, 5, 9, 'I NYM MAHARDIKA', 'AKP', '80020007', 'B793808', '12', '2024-10-30'),
(458, 45, 5, 38, 'L. AMIRUL AKBAR', 'BRIPTU', '94050994', 'H191234', '12', '2024-11-30'),
(459, 45, 5, 38, 'I KADEK ERIKRISNA PURNATA', 'BRIPTU', '96090380', 'H238093', '12', '2024-11-30'),
(460, 45, 5, 38, 'WENDI DANIARTHA', 'AIPDA', '83050195', 'H254503', '12', '2024-11-30'),
(461, 45, 5, 38, 'I GD MERTA YASA', 'AIPDA', '80110619', 'H254516', '12', '2024-11-30'),
(462, 45, 4, 5, 'I NYM SUMANA YOGA K.', 'AIPDA', '82010298', 'XL264315', '12', '2024-10-31'),
(463, 45, 5, 38, 'I GD YASTIKA, S.H.', 'AIPDA', '83010544', 'H191231', '12', '2024-10-31'),
(464, 47, 4, 50, 'DENY ARISTYA', 'AIPDA', '-', '606664S', '12', '2025-03-18'),
(465, 47, 4, 50, 'MASKUR, S.Sos.', 'KOMPOL', '-', '607361', '12', '2024-11-10'),
(466, 47, 4, 50, 'L. HENDRA ADI WIJAYA', 'AIPDA', '-', '644223', '12', '2025-03-18'),
(467, 47, 4, 50, 'LALU DWI CAHYA NUGRAHA', 'BRIGPOL', '-', '681015', '12', '2025-04-29'),
(468, 47, 4, 50, 'I PT MAHA WIBAWA', 'BRIPKA', '-', '682444', '12', '2025-04-29'),
(469, 47, 4, 49, 'I MD TRI SUKRIANA', 'BRIGPOL', '-', '794743', '12', '2025-03-13'),
(470, 47, 4, 3, 'DHORY LEON', 'BRIPTU', '-', '23678M', '12', '2025-03-13'),
(471, 47, 4, 3, 'ANDRIYANTO', 'BRIGADIR', '-', '795463', '12', '2025-03-13'),
(472, 47, 4, 3, 'M. GUNAWAN ISWANDI', 'BRIGPOL', '-', '686403 V', '12', '2025-03-13'),
(473, 47, 4, 3, 'L. MUSTAFA AKMAL', 'BRIGPOL', '-', '686403 V', '12', '2025-03-18'),
(474, 47, 4, 3, 'AHMAD FATONI', 'BRIPTU', '-', '18206 M', '12', '2025-03-18'),
(475, 47, 4, 50, 'KADE ARTINA', '-', '-', 'C680341', '12', '2025-01-29'),
(476, 47, 4, 4, 'L. UNTRYAN SAPUTRA LANTAS', '-', '-', '9D88094', '12', '2025-01-08'),
(477, 47, 4, 50, 'ANDHIKA PERDANA B.P', 'AIPDA', '-', '6806983', '12', '2025-01-30'),
(478, 47, 4, 50, 'WIRAHADI KUSUMA', 'BRIGPOL', '-', '818508', '12', '2025-01-08'),
(479, 47, 4, 50, 'L. MUHAMMAD AKBAR', 'AIPDA', '-', '608129', '12', '2025-01-08'),
(480, 47, 4, 3, 'L. AYANG SATRIA P', '-', '-', '677023', '12', '2025-01-29'),
(481, 47, 4, 50, 'L. KHUTOMA', '-', '-', '642961', '12', '2025-01-29'),
(482, 47, 4, 5, 'M. HATIM', 'BRIPKA', '-', 'ZE.390364', '12', '2025-01-18'),
(483, 47, 4, 5, 'NUR ATMA ANDIRA', 'BRIPKA', '-', 'XL.264578', '12', '2025-04-02'),
(484, 47, 4, 3, 'ARJUNA', 'AIPDA', '-', '01635M', '12', '2025-03-18'),
(485, 47, 4, 3, 'I WAYAN MURDIKA', 'AIPTU', '-', '792805', '12', '2025-01-30'),
(486, 48, 4, 5, 'KHOIRUL ANWAR', 'AIPTU', '-', '-', '12', '2025-03-18'),
(487, 47, 4, 3, 'BAHARUDIN', 'AIPDA', '-', '629940', '12', '2025-03-18'),
(488, 47, 4, 3, 'L. MULTASA MARJAN', 'BRIPKA', '-', 'F02099', '12', '2025-03-18'),
(489, 47, 4, 50, 'PAHRUDIN GANDA PUTRA', 'AIPTU', '-', '604754', '12', '2025-01-30'),
(490, 47, 4, 50, 'NURKI', 'AIPDA', '-', '682679A', '12', '2025-03-18'),
(491, 47, 4, 5, 'L. AHYAR RASIDI', 'AIPDA', '-', 'XL 264595', '12', '2025-04-02'),
(492, 47, 4, 5, 'ILHAM TRI ADIANTO', 'AIPDA', '-', 'XL.264582', '12', '2025-03-18'),
(493, 47, 4, 3, 'SAPOAN', 'AIPDA', '-', '24658 M', '12', '2025-04-02'),
(494, 47, 4, 3, 'AHMAD YANI', 'BRIPKA', '-', '05085M', '12', '2025-04-02'),
(495, 47, 4, 5, 'NUSRIN', 'BRIPKA', '-', 'YJ.344249', '12', '2025-04-02'),
(496, 47, 4, 5, 'AHMAD AZAZI ARNOK', 'BRIPKA', '-', '-', '12', '2025-04-02'),
(497, 47, 4, 4, 'H. DEDI MIRWANTO', 'BRIPKA', '-', '-', '12', '2024-09-18'),
(498, 47, 4, 3, 'KARYADI', 'BRIPKA', '-', '-', '12', '2025-04-02'),
(499, 47, 4, 3, 'SUKRIADI', 'BRIPKA', '-', '-', '12', '2025-04-02'),
(500, 47, 4, 50, 'SYUKUR JAYADI, S.H.', 'AIPTU', '-', '-', '12', '2025-02-08'),
(501, 47, 4, 5, 'TOPAN RIZAL', 'BRIPKA', '-', '-', '12', '2025-03-18'),
(502, 47, 4, 5, 'JUMADIL', 'AIPTU', '-', '-', '12', '2025-02-08'),
(503, 47, 4, 4, 'L. HASAN ASHARI', 'AIPDA', '-', '-', '12', '2025-02-08'),
(504, 47, 4, 5, 'INDRA JAYA KUSUMA', 'BRIPKA', '-', '-', '12', '2025-02-08'),
(505, 47, 4, 4, 'YUNUS', 'BRIPKA', '-', '-', '12', '2025-02-08'),
(506, 47, 4, 3, 'MIL AKROM', 'AIPDA', '-', '-', '12', '2025-02-08'),
(507, 47, 4, 3, 'MUHAMAD RIZAL', 'BRIPKA', '-', '-', '12', '2025-01-30'),
(508, 47, 4, 5, 'SAPTA RAHARDY', 'BRIPKA', '-', '-', '12', '2025-03-18'),
(509, 47, 4, 3, 'ABDURRAHIM', 'BRIPKA', '-', '-', '12', '2025-04-02'),
(510, 47, 4, 3, 'KUSNADI', 'AIPDA', '-', '-', '12', '2025-10-29'),
(511, 47, 4, 4, 'UMAR WIRAHADI', 'AIPDA', '-', '-', '12', '2024-09-18'),
(512, 47, 4, 5, 'I MADE AGUS DIARTHA', 'AIPDA', '-', '-', '12', '2025-01-30'),
(513, 47, 4, 3, 'L. JONI PRANATA', 'BRIGPOL', '-', '-', '12', '2025-03-18'),
(514, 47, 4, 4, 'SUMARLIN', 'BRIPKA', '-', '-', '12', '2025-03-18'),
(515, 47, 4, 49, 'RISMAN FAROJI', 'BRIPKA', '-', '-', '12', '2025-03-18'),
(516, 47, 4, 5, 'LALU M. TUNGGUL', 'IPDA', '-', '-', '12', '2025-04-02'),
(517, 47, 4, 50, 'I WAYAN RAKA ATMAJA', 'AIPDA', '-', 'XL.264578', '12', '2024-10-29'),
(518, 47, 4, 5, 'NURSAHIMAN', 'AIPTU', '-', '-', '12', '2025-04-02'),
(519, 47, 4, 5, 'AKHMAD GUNARTA', 'BRIPKA', '-', '-', '12', '2025-04-29'),
(520, 47, 4, 4, 'AGUS SUCIPTO', 'AIPDA', '-', '-', '12', '2025-05-22'),
(521, 47, 4, 4, 'M. HENDRA A.W', 'BRIPKA', '-', '-', '12', '2025-05-22'),
(522, 47, 4, 3, 'PURDANE', 'AIPDA', '-', '-', '12', '2025-03-18'),
(523, 47, 4, 50, 'BAYU URTI', 'AIPTU', '-', '-', '-', '2025-05-22'),
(524, 47, 4, 5, 'L. WIRANING SUBAKTI', 'BRIPKA', '-', '-', '12', '2025-03-18'),
(525, 47, 4, 3, 'SAMSUL RAHMAN', 'AIPDA', '-', '-', '12', '2025-04-19'),
(526, 47, 4, 4, 'BAMBANG SUTRISNO', 'AKP', '-', '-', '12', '2024-06-13'),
(527, 47, 4, 5, 'L. ARPIN BAMBANG IRAWAN', 'BRIPKA', '-', '-', '12', '2024-09-18'),
(528, 47, 4, 5, 'MAULIDIN AKBAR', 'AIPDA', '-', '-', '12', '2025-02-08'),
(529, 47, 4, 5, 'SYAMSUDIN', 'AIPDA', '-', '-', '12', '2025-01-30'),
(530, 47, 4, 5, 'ASTAN', 'BRIPKA', '-', '-', '12', '2025-01-30'),
(531, 47, 4, 5, 'AGUS HARIADI', 'BRIPKA', '-', '-', '12', '2025-02-08'),
(532, 47, 4, 3, 'KILI', 'AIPDA', '-', '-', '-', '2025-01-30'),
(533, 47, 4, 3, 'I NYM SUARTANA', 'AIPDA', '-', '-', '12', '2025-01-30'),
(534, 47, 4, 3, 'MUHARDI', 'BRIPKA', '-', '-', '12', '2025-03-21'),
(535, 47, 4, 50, 'ASWIN FEBRIAN', 'BRIPKA', '-', '-', '-', '2025-03-18'),
(536, 47, 5, 8, 'SAITA HARDI', 'AIPDA', '-', '-', '12', '2025-04-02'),
(537, 47, 5, 8, 'DIDIK SUGYARTO', 'AIPDA', '-', '-', '12', '2024-11-22'),
(538, 47, 5, 8, 'AHFAS YADI', 'BRIGPOL', '-', '-', '12', '2025-04-02'),
(539, 47, 5, 8, 'L. PUNIA ASMARA', 'AKP', '-', '-', '12', '2024-10-19'),
(540, 47, 5, 8, 'SOFYAN HADI', 'BRIGPOL', '-', '-', '12', '2025-04-02'),
(541, 47, 5, 8, 'L. ARNAL FIRMAN HIDAYAT', 'AIPDA', '-', '-', '12', '2025-03-18'),
(542, 47, 5, 8, 'BAHARUDIN', 'BRIPKA', '-', '-', '12', '2025-03-18'),
(543, 47, 5, 8, 'DAHMANTO', 'IPTU', '-', '-', '12', '2025-03-04'),
(544, 47, 5, 8, 'KALIMANTAN JAYA', 'IPTU', '-', '-', '-', '2024-12-27'),
(545, 47, 5, 8, 'SYAMSUL DIANA P.', 'AIPTU', '-', '-', '12', '2025-03-18'),
(546, 47, 5, 8, 'LALU ARMI', '-', '-', '-', '12', '2024-06-13'),
(547, 47, 5, 8, 'I GD WIRAWAN', 'AIPDA', '-', '-', '12', '2025-04-02'),
(548, 47, 5, 8, 'SUDIRMAN', 'AIPDA', '-', '-', '12', '2025-03-18'),
(549, 47, 5, 8, 'L. PUPUH APRIYADI', 'AIPDA', '-', '-', '12', '2025-04-02'),
(550, 47, 5, 8, 'FEDI MIHARJA, S.H.', 'IPTU', '-', '-', '12', '2025-03-18'),
(551, 47, 5, 8, 'L. ARRIZAL FIRMANSYAH', 'BRIPKA', '-', '-', '12', '2025-03-18'),
(552, 47, 5, 8, 'ALBAROZI', 'BRIPKA', '-', '-', '12', '2025-04-02'),
(553, 47, 5, 8, 'BADRAYASA', 'AIPTU', '-', '-', '-', '2024-06-18'),
(554, 47, 5, 8, 'EFAN MARDIAN', 'BRIPKA', '-', '-', '12', '2025-03-18'),
(555, 47, 5, 8, 'FERY NOVA PRATAMA', 'BRIPKA', '-', '-', '12', '2025-03-18'),
(556, 47, 5, 8, 'JUADI', 'BRIPKA', '-', '-', '12', '2025-03-18'),
(557, 46, 5, 8, 'ALWAN WIJAYA', 'IPDA', '-', '-', '12', '2024-12-28'),
(558, 47, 5, 8, 'SUTRISNO', 'IPDA', '-', '-', '12', '2025-03-01'),
(559, 47, 5, 8, 'FEBRIAN ELDI FAKTA', '-', '-', '-', '12', '2025-03-22'),
(560, 47, 5, 8, 'DYO', 'BRIGPOL', '-', '-', '-', '2025-04-02'),
(561, 47, 5, 8, 'PAJRIANDI M.Z, S.H.', 'BRIPKA', '-', '-', '12', '2025-03-18'),
(562, 47, 5, 8, 'HARJANTO', 'BRIPKA', '-', '-', '12', '2025-04-02'),
(563, 47, 5, 8, 'L. KHARISMA SIDIKARA', 'BRIPKA', '-', '-', '12', '2025-03-18'),
(564, 46, 5, 8, 'M. ZULMAJDI', 'AKP', '-', '-', '12', '2025-03-18'),
(565, 47, 4, 9, 'ACH. YUDHIAN IFANANI, S.H.', '-', '-', '-', '12', '2025-04-02'),
(566, 26, 5, 46, 'AGUS SALIM', 'BRIPKA', '-', 'BI.FF001562', '20', '2024-12-31'),
(567, 26, 5, 46, 'ARDIANSYAH', 'BRIPKA', '-', 'BI.FF001554', '20', '2024-12-31'),
(568, 26, 5, 46, 'SAEFUL EFENDI', 'BRIPKA', '-', 'BI.FF001574', '20', '2025-01-31'),
(569, 26, 5, 46, 'RAMLI AHMAD, S.Adm.', 'BRIPKA', '-', 'BI.FF001571', '20', '2025-01-31'),
(570, 26, 5, 46, 'AGUNG SUBEKTI', 'BRIPKA', '-', 'BI.FF001561', '20', '2025-01-31'),
(571, 26, 5, 46, 'ARDE KARTAMA ', 'BRIPKA', '-', 'BI.FF001557', '20', '2025-01-31'),
(572, 26, 5, 46, 'I WYN MIKO YUDI', 'BRIPKA', '-', 'BI.FF001563', '20', '2025-01-31'),
(573, 26, 5, 46, 'APRIANTA AIDIN NUZUL, S.H.', 'BRIPKA', '-', 'BI.FF001568', '20', '2025-02-28'),
(574, 26, 5, 46, 'PT HENDRA KARDILA', 'BRIPKA', '-', 'BI.FF001565', '20', '2025-02-28'),
(575, 26, 5, 46, 'WINARTO', 'BRIPKA', '-', 'BI.FF001552', '20', '2025-02-28'),
(576, 26, 5, 46, 'WAHYU HARTOMO', 'AIPTU', '-', 'BI.FF001582', '20', '2025-02-28'),
(577, 49, 5, 8, 'FATHURRAKHMAN', 'BRIGPOL', '94050417', 'H258080', '5', '2025-02-04'),
(578, 49, 4, 3, 'SAIDI', 'IPDA', '74100280', '6100962', '5', '2024-12-28'),
(579, 49, 5, 8, 'RIKI KURNIAWAN WIBOWO', 'BRIGPOL', '96090281', 'H258072', '5', '2025-01-18'),
(580, 49, 5, 8, 'HENDRI SATRIAWAN, S.H.', 'BRIGPOL', '04011599', 'H258086', '5', '2025-02-22'),
(581, 49, 5, 8, 'I WYN DENNY SUPRAPTO', 'IPTU', '82110057', 'H191166', '5', '2025-01-04'),
(582, 49, 5, 8, 'SISWOYO, S.H.', 'IPTU', '78050158', 'H191170', '5', '2025-04-19'),
(583, 49, 4, 4, 'BAMBANG HARIANTO', 'BRIPKA', '86111617', '9D97140', '5', '2025-04-18'),
(584, 49, 4, 4, 'IDHAM KHALID', 'BRIPTU', '96110413', 'AE.V8954', '5', '2025-04-18'),
(585, 49, 5, 8, 'ADE YUDISTIRA PRAYOGI', 'BRIPTU', '94020878', 'H258075', '5', '2025-10-28'),
(586, 49, 5, 8, 'ABDUL AZIZ AL-JAELANI, S.H.', 'BRIPTU', '97040832', 'H258085', '5', '2025-05-01'),
(587, 49, 5, 8, 'L. RENSA GEMPITA', 'BRIPTU', '94111086', 'H258067', '5', '2025-05-01'),
(588, 49, 5, 8, 'L. ANJA RINALDI', 'BRIPTU', '98020268', 'H191163', '5', '2025-05-01'),
(589, 49, 5, 8, 'HARIS VICKY PERMANA', 'BRIPTU', '98030157', 'H258090', '5', '2025-05-01'),
(590, 49, 5, 8, 'FARJAN DIMAS ANGGRA RAMLI', 'BRIGPOL', '921100563', 'H2580060', '5', '2025-05-05'),
(591, 48, 5, 10, 'HARIYANTO, S.H., S.I.K.', 'AKBP', '78061323', '58H132671', '-', '2025-05-22'),
(592, 48, 5, 8, 'PANJI KUMARARAMA R.', 'BRIGPOL', '94050193', 'H258032', '-', '2025-05-22'),
(593, 48, 5, 8, 'ARIES WIJAYA', 'AIPDA', '85040529', 'H258031', '-', '2025-05-22'),
(594, 48, 5, 8, 'MANAZILUL HAIR R, S.H.', 'BRIPKA', '90040077', 'H191162', '-', '2025-05-22'),
(595, 48, 4, 39, 'I GEDE JULIATNO', 'AIPDA', '81070838', '603524', '-', '2025-02-08'),
(596, 48, 4, 4, 'L. IMAM SOPIAN', 'BRIGPOL', '94050044', 'AEW-3896', '-', '2025-02-08'),
(597, 48, 4, 39, 'AHSANUL HADI, S.H.', 'AIPTU', '81060356', '681389', '-', '2025-03-20'),
(598, 48, 4, 4, 'BUDI HARTONO', 'BRIPKA', '85010471', 'AEW-6276', '-', '2025-05-22'),
(599, 48, 4, 39, 'M. ISWAHYUDI I AS', 'AIPDA', '85010471', '680916', '-', '2025-05-22'),
(600, 48, 4, 3, 'EGIL MONDA PARADELA', 'BRIPTU', '95020533', '22481', '-', '2025-03-20'),
(601, 48, 5, 8, 'SUHERMAN', 'IPDA', '83110953', 'H191171', '-', '2025-05-22'),
(602, 48, 4, 3, 'I PT AGUS SEPUTRA', 'BRIGPOL', '91080392', '684302', '-', '2025-05-22'),
(603, 48, 5, 8, 'HERI AHYADI', 'AIPDA', '83030037', 'H258034', '-', '2025-05-22'),
(604, 48, 4, 3, 'MUZAYYIN HABIBI', 'BRIPKA', '88030492', '14262.M', '-', '2025-05-22'),
(605, 48, 4, 49, 'MOHAMMAD SIDIK', 'AIPDA', '83080419', '793815', '-', '2025-05-22'),
(606, 48, 4, 5, 'IMAMUDDIN', 'BRIPTU', '97030203', 'AT-514779', '-', '2025-03-20'),
(607, 48, 4, 41, 'NOVIANDI AZALI F.', 'BRIGPOL', '91110290', 'QD-511311', '-', '2025-03-20'),
(608, 48, 4, 3, 'L. JAYA KUSUMA BAKTI', 'BRIGPOL', '94120121', '629649', '-', '2025-04-30'),
(609, 48, 5, 8, 'JANWAR HARIADI', 'AIPDA', '82010792', 'H258105', '-', '2025-05-22'),
(610, 48, 5, 8, 'AGUS KARYAWAN', 'AIPDA', '82050401', 'H258094', '-', '2025-12-30'),
(611, 48, 5, 8, 'I PUTU ADITYA S. P.', 'BRIGPOL', '93070092', 'H258033', '-', '2025-12-30'),
(612, 48, 5, 8, 'IHSAN AL AMINULLAH', 'BRIGPOL', '91120336', ' H258091', '-', '2025-02-08'),
(613, 48, 5, 8, 'BUKRAN TAIB', 'BRIGPOL', '92120259', 'H258092', '-', '2025-02-08'),
(614, 48, 5, 8, 'TIO ALFIAN', 'BRIGPOL', '92050353 ', 'H191167', '-', '2025-02-08');
INSERT INTO `pemegang` (`id_pemegang`, `id_satker`, `id_jenis`, `id_merk`, `nama`, `pangkat`, `nrp`, `no_senpi`, `amu`, `berlaku`) VALUES
(615, 48, 5, 8, 'OSA DELPRIAN', 'BRIPTU', '93050526 ', ' H258093', '-', '2025-02-08'),
(616, 48, 5, 8, 'SUMAN YADISETIANA', 'IPDA', '85090328', 'H258099', '-', '2025-05-22'),
(617, 48, 5, 8, 'APRONI', 'BRIPKA', '85041535', 'H258100', '-', '2025-12-30'),
(618, 48, 4, 37, 'IMAN RAHMANIADI', 'BRIGPOL', '94030883', 'QD-511359', '-', '2025-01-30'),
(619, 48, 4, 5, 'HANDANG J. SH.', 'AIPDA', '84080003', 'ZE-390304', '-', '2025-05-22'),
(620, 48, 4, 3, 'AAN BACHTIAR', 'BRIGPOL', '94040108', '19763.M', '-', '2025-05-22'),
(621, 48, 4, 3, 'ADIYATMA FIRMANSYAH', 'BRIGPOL', '92110240', '17436.M', '-', '2025-05-22'),
(622, 48, 5, 8, 'FITRAWAN DWI R, S.Tr.K.', 'IPDA', '99010748', 'H238095', '-', '2025-05-22'),
(623, 48, 4, 5, 'IKHWAN ZUHDI RAMDANI', 'BRIPTU', '00010161', 'AT  514826', '-', '2025-02-08'),
(624, 48, 4, 3, 'I MD PUJA ADNYANA', 'BRIGPOL', '93060302', ' 20312.M', '-', '2025-04-03'),
(625, 48, 5, 8, 'TOHRIADI', 'BRIPKA', '81100028', 'H191173', '-', '2025-05-22'),
(626, 48, 4, 3, 'HENDRI RIZA SEPTIA', 'BRIGPOL', '92090250', '19654.M', '-', '2025-05-22'),
(627, 48, 5, 8, 'WAHYUDI ERIYAWAN', 'AIPDA', '77010239', 'H191177', '-', '2025-02-10'),
(628, 48, 5, 8, 'MAMAN APRIAWAN', 'AIPDA', '86040077', 'H258035', '-', '2025-05-22'),
(629, 48, 5, 8, 'SURYADI, S.H.', 'AIPDA', '79021122', 'H258106', '-', '2025-05-22'),
(630, 48, 5, 8, 'DAVID PRAWIRA', 'BRIPKA', '85031528', 'H191169', '-', '2025-04-30'),
(631, 48, 5, 8, 'HARUL HANNAN', 'BRIGPOL', '93060296 ', ' H258042', '-', '2025-04-30'),
(632, 48, 4, 5, 'M DAYYIN AFRIAN S.', 'BRIPTU', '96040656', 'ZE  390307', '-', '2025-04-30'),
(633, 48, 4, 3, 'MUHAMMAD RIDOAN', 'BRIPKA', '76100551', '686662', '-', '2025-04-30'),
(634, 48, 5, 8, 'L. ACTORY MARGENTA', 'BRIGPOL', '9510022', 'H191180', '-', '2025-04-30'),
(635, 48, 4, 5, 'ACHMAD RUSADY', 'BRIGPOL', '93070846', 'XL  264615', '-', '2025-04-30'),
(636, 48, 4, 3, 'WALYDDIN AMIN', 'AIPDA', '84060402', '686160', '-', '2025-05-22'),
(637, 48, 4, 5, 'SOFYAN IRWANDI', 'AIPDA', '80111014', 'XL  264609', '-', '2025-05-22'),
(638, 48, 4, 5, 'MOH. YUSUF', 'AIPDA', '83010971', 'XL- 264636', '-', '2025-05-22'),
(639, 48, 4, 5, 'L. DANAL KURNIAWAN', 'BRIPKA', '87051425', '17913.M', '-', '2025-05-22'),
(640, 48, 4, 5, 'ABDURRAHAM,S.Pt', 'AIPDA', '81031259', 'XL  264593', '-', '2025-05-22'),
(641, 48, 4, 5, 'L. AGUS WIRAGUNAWAN', 'AIPDA', '81050196', 'AT  514793', '-', '2025-05-22'),
(642, 48, 4, 39, 'TATANG HIDAYAT', 'AIPDA', '84031166', '608125', '-', '2025-01-30'),
(643, 48, 4, 5, 'JUNAIDI', 'BRIPKA', '87061222', 'XL- 264623', '-', '2025-03-20'),
(644, 48, 4, 5, 'M.YUDHYWAN S.', 'BRIPKA', '85040462', 'YJ  344261', '-', '2025-02-08'),
(645, 48, 5, 8, 'MAHADIRTHA', 'BRIGPOL', '94070577', 'H258043', '-', '2025-04-30'),
(646, 48, 4, 5, 'WIDIYATMAN', 'BRIPKA', '85121353', 'YJ  344187', '-', '2025-05-22'),
(647, 48, 4, 5, 'NASRULLAH', 'BRIPKA', '84121911', 'XL- 264618', '-', '2025-03-20'),
(648, 48, 4, 4, 'ANDI KUNCORO', 'AIPDA', '83030449', '9D- 83868', '-', '2025-05-22'),
(649, 48, 5, 8, 'PATHUL MUNIR', 'IPDA', '72040362', 'H258046', '-', '2025-05-22'),
(650, 48, 4, 4, 'ISKANDAR S.', 'AIPDA', '83031181', 'BJH  7540', '-', '2025-05-22'),
(651, 48, 5, 8, 'IRWAN HARIADI', 'AIPTU', '78121203', 'AT-514795', '-', '2025-05-22'),
(652, 48, 4, 5, 'MARDIANTO', 'AIPDA', '82101104', 'AT-514797', '-', '2025-02-08'),
(653, 48, 4, 39, 'WAHYU WIBISANA', 'BRIPKA', '89010049', '607936', '-', '2025-05-22'),
(654, 48, 4, 5, 'BAMBANG HERIYANTO', 'BRIPKA', '85051154', 'AT  514796', '-', '2025-05-22'),
(655, 48, 4, 49, 'AKHMAD IRAWADI K.', 'AIPDA', '86040076', '793692', '-', '2025-03-20'),
(656, 48, 4, 49, 'ABDUL GANI, S.H.', 'AIPDA', '83031337', '799341', '-', '2025-03-20'),
(657, 48, 5, 8, 'SUPRIANTO P.', 'AIPDA', '83031349', 'H258107', '-', '2025-05-22'),
(658, 48, 5, 8, 'L. MARTA EDI. S', 'BRIPKA', '88031129', 'H258110', '-', '2025-05-22'),
(659, 48, 4, 5, 'WILDAN', 'BRIGPOL', '92120396', 'ZE  390303', '-', '2025-05-22'),
(660, 48, 4, 49, 'L. ASMUNI MANSUR', 'AIPDA', '81010856', '793626', '-', '2025-05-22'),
(661, 48, 4, 5, 'ROLI SUPANDI', 'BRIPKA', '88110687', 'XL  264556', '-', '2025-05-22'),
(662, 48, 4, 50, 'L.A.RAMDANI', 'BRIPKA', '87051575', '30442RY', '-', '2025-01-30'),
(663, 48, 5, 8, 'L.A.BARJI H.', 'BRIGPOL', '93110101', 'H258109', '-', '2025-01-30'),
(664, 48, 4, 5, 'MULIADI', 'AIPDA', '83120519', 'AT  514823', '-', '2025-01-30'),
(665, 48, 4, 5, 'L.INDRAWAN JK', 'AIPDA', '81100045', 'YJ- 344192', '-', '2025-03-20'),
(666, 48, 5, 8, 'MADE SUPARTONO', 'AIPDA', '82020472', 'H191175', '-', '2025-05-22'),
(667, 48, 4, 4, 'OKTEVAN SUSJAL', 'BRIPKA', '79100557 ', 'BJL  0285', '-', '2025-05-22'),
(668, 48, 4, 3, 'AWALUDIN', 'IPDA', '75100731', '675831', '-', '2025-05-22'),
(669, 48, 5, 8, 'I DEWA GD BILLIN', 'IPDA', '84020522', 'H191168', '-', '2025-05-22'),
(670, 48, 4, 3, 'KHAIRUL IRZAM', 'BRIPKA', '87120020', 'F- 03650', '-', '2025-05-22'),
(671, 48, 4, 4, 'IMAMURA N.', 'BRIPKA', '86031478', '9D- 83669', '-', '2025-05-22'),
(672, 48, 4, 4, 'SUMAYADI', 'AIPDA', '85010927', '9D- 83229', '-', '2025-03-20'),
(673, 48, 4, 49, 'DEDDY RETNO S.', 'BRIPKA', '87031434', '795326', '-', '2025-05-22'),
(674, 48, 4, 3, 'HENDRO WARDANA', 'AIPDA', '83010963', '22217.M', '-', '2025-03-20'),
(675, 48, 4, 3, 'JAKA AMARTA', 'AIPDA', '81081218', ' 22648.M', '-', '2025-03-20'),
(676, 48, 4, 3, 'WAHYUDDIN', 'AIPDA', '81080828', '685728', '-', '2025-02-16'),
(677, 48, 4, 4, 'TATANG KURNIAWAN', 'AIPDA', '84040471', 'BEB  4292', '-', '2025-01-30'),
(678, 48, 4, 5, 'LALU ZANWIN, S.H.', 'AIPDA', '82070492', 'XL  264634', '-', '2025-05-22'),
(679, 48, 4, 5, 'ANDI FIRMANSYAH', 'AIPDA', '80010725', 'XL- 264644', '-', '2025-03-30'),
(680, 48, 4, 3, 'I GEDE PRASADA S.', 'BRIPKA', '86050492', '673216', '-', '2025-02-08'),
(681, 51, 4, 6, 'VIKTOR', 'AIPTU', '81050521', 'AE.S 034277', '12', '2025-09-23'),
(682, 51, 5, 8, 'IDA RAMDANI', 'IPDA', '74100273', 'H 191186', '12', '2025-09-23'),
(683, 51, 5, 8, 'GUNTORO, S.H.', 'AIPTU', '79040654', 'H 258112', '12', '2025-09-13'),
(684, 51, 5, 8, 'SUKARMAN', 'AIPDA', '85050362', 'H258111', '12', '2025-09-23'),
(685, 51, 4, 39, 'MURIDAN', 'BRIPKA', '85120868', '606748', '12', '2025-09-23'),
(686, 51, 4, 39, 'AMUNIULLAH', 'BRIPKA', '86090359', '645455', '12', '2025-09-23'),
(687, 51, 5, 8, 'ABDUL HARIS. S.H.', 'BRIPKA', '87120660', 'H258125', '12', '2024-05-05'),
(688, 51, 4, 4, 'ALPIAN, S.H.', 'BRIPKA', '87071629', '12D 6030', '12', '2025-09-23'),
(689, 51, 4, 51, 'SAHRIL ANHAR, S.H.', 'BRIGPOL', '92080238', '24640 M', '12', '2025-09-23'),
(690, 51, 5, 8, 'DEDEN SETIADIN', 'BRIGPOL', '93090464', 'H 191199', '12', '2025-09-23'),
(691, 51, 4, 39, 'HASBULAH, S.H.', 'BRIGPOL', '93030433', '608041', '12', '2025-09-23'),
(692, 51, 4, 3, 'HERMAWAN GAGAN TINA', 'BRIGPOL', '93010626', '08321 R', '12', '2025-09-23'),
(693, 51, 5, 8, 'IRAWAN', 'BRIPTU', '95010885', 'H 191192', '12', '2025-09-23'),
(694, 51, 5, 8, 'MUH. SOFIAN H, S.Sos', 'IPTU', '85050272', 'H 258116', '12', '2025-09-23'),
(695, 51, 4, 4, 'M. SYARIFUDIN, S.H.', 'AIPDA', '83050191', '9D9 7062', '12', '2025-09-23'),
(696, 51, 4, 4, 'BAMBANG S S.Sos.', 'AIPDA', '86090029', 'BEZ 5324', '12', '2025-09-23'),
(697, 51, 4, 3, 'M. KADAFI', 'BRIPKA', '86021025', '07859 R', '12', '2025-09-23'),
(698, 51, 4, 5, 'NURDIN', 'BRIPKA', '86061944', 'AT 514786', '12', '2025-09-23'),
(699, 51, 4, 4, 'KADER, S.H.', 'BRIGPOL', '93110804', 'BJJ 7700', '12', '2025-09-23'),
(700, 51, 4, 5, 'MUAMAR KADAFI', 'BRIPTU', '97060682', 'XL 264265', '12', '2025-09-23'),
(701, 51, 4, 43, 'SINARDINATA', 'BRIPKA', '85081028', '37715 ML', '12', '2025-09-23'),
(702, 51, 4, 4, 'MUAMAR KADAFI', 'BRIPKA', '84101739', '32242', '12', '2025-09-23'),
(703, 51, 4, 5, 'M. RUM', 'BRIPKA', '86101468', 'XL 264230', '12', '2025-09-23'),
(704, 51, 4, 39, 'MIFTAHUL HUDA', 'BRIPKA', '88010748', '602177', '12', '2024-05-05'),
(705, 51, 4, 5, 'YOPHI S', 'BRIPKA', '94010124', 'ZE 390382', '12', '2025-09-23'),
(706, 51, 4, 4, 'ERWINSYAH ADE PUTRA S.H.', 'BRIGPOL', '93020658', 'AHW 9965', '12', '2025-09-23'),
(707, 51, 4, 4, 'FIRMAN ARDIANSYAH', 'BRIGPOL', '93060616', 'AFZ 7271', '12', '2025-09-23'),
(708, 51, 4, 4, 'MUHAMMAD ARAFAH', 'BRIGPOL', '95040299', 'AFZ 8043', '12', '2025-09-23'),
(709, 51, 4, 51, 'MOH. ALQI FARIDAN, S.H.', 'BRIPTU', '97090008', '01762 M', '12', '2025-09-23'),
(710, 51, 4, 5, 'M. SUPRIADIN, S.H.', 'BRIPTU', '96050688', 'XL 264264', '12', '2024-11-21'),
(711, 51, 5, 8, 'PUTU ADITYA PERMANA', 'BRIPDA', '01070646', 'H 258120', '12', '2025-09-23'),
(712, 51, 5, 10, 'MAHMUD SALTOUT', 'BRIPDA', '03060106', '58A134380', '12', '2025-09-23'),
(713, 51, 5, 8, 'ARAFIK', 'AIPTU', '81080127', 'H 191200', '12', '2025-09-23'),
(714, 51, 4, 5, 'MUCHAERI ATMAJA', 'AIPDA', '84030314', 'XL 264275', '12', '2025-09-23'),
(715, 51, 5, 8, 'ARIF BUDIAWAN', 'BRIPDA', '02050019', 'H 191189', '12', '2025-09-23'),
(716, 51, 4, 5, 'JULKIFLI', 'AIPDA', '84121194', 'XL 264309', '12', '2025-09-23'),
(717, 51, 4, 5, 'KHAIRIL MUSLIM', 'AIPDA', '85050959', 'XL 264553', '12', '2025-09-23'),
(718, 51, 4, 5, 'CHAIRUDIN AFANDI', 'BRIPKA', '85090876', 'XL 264350', '12', '2025-09-23'),
(719, 51, 4, 5, 'IWAN CHANDRA GUNAWAN', 'BRIPKA', '86010710', 'XL 264544', '12', '2025-09-23'),
(720, 51, 4, 5, 'PUTRA GATOT APRIATNA', 'BRIPKA', '87040317', 'XL 264552', '12', '2025-09-23'),
(721, 51, 4, 5, 'SAMSUN', 'BRIPKA', '78070391', 'XL 264532', '12', '2025-09-23'),
(722, 51, 4, 6, 'I MADE WIKRAMA', 'BRIPKA', '76010479', 'AE.S 033638', '12', '2025-09-23'),
(723, 51, 4, 6, 'ARWIN AGUSTIAWAN', 'BRIPTU', '95120175', 'AE.S 033615', '12', '2025-09-23'),
(724, 51, 4, 6, 'JALALUDIN', 'BRIPTU', '96010826', 'AE.S 033709', '12', '2025-09-23'),
(725, 51, 5, 8, 'MUHAMMAD ERWIN ROSADI S.Sos.', 'IPDA', '77030701', 'H 258115', '12', '2025-09-23'),
(726, 51, 5, 8, 'SUPRIADIN, S.H.', 'AIPDA', '82060623', 'H 258129', '12', '2025-09-23'),
(727, 51, 4, 5, 'SYAIFUDIN', 'AIPDA', '83120471', 'XL 264524', '12', '2025-09-23'),
(728, 51, 4, 5, 'MOH. ZIKRAL KHAERI', 'AIPDA', '82030158', 'YJ 344264', '12', '2025-09-23'),
(729, 51, 4, 5, 'ASEP SETIA BUDI', 'BRIGPOL', '94020153', 'YJ 344161', '12', '2025-09-23'),
(730, 51, 5, 8, 'SYAMSUL RIZAL', 'IPDA', '80070336', 'H 261883', '12', '2024-05-05'),
(731, 51, 4, 6, 'SARIFUDDIN', 'AIPTU', '80050973', 'AE.S 032995', '12', '2025-09-23'),
(732, 51, 4, 3, 'MUHAMMAD SARIFUDDIN', 'AIPDA', '83030747', '37470 R', '12', '2025-09-23'),
(733, 51, 4, 5, 'SYAHRONI YULISTIARA', 'AIPDA', '86070063', 'YJ 344238', '12', '2025-09-23'),
(734, 51, 4, 51, 'JULIAN WAHYDI MS', 'BRIPTU', '95070194', '24710 M', '12', '2025-09-23'),
(735, 51, 5, 8, 'GUNAWAN HUSNI JAYA', 'IPDA', '76030563', 'H 258121', '12', '2025-09-23'),
(736, 51, 4, 5, 'HADI HARYANTO', 'AIPTU', '80120358', 'XL 264526', '12', '2025-09-23'),
(737, 51, 4, 6, 'MUNAWIR', 'AIPDA', '83060396', 'AE.S 033601', '12', '2025-09-23'),
(738, 51, 4, 6, 'HARDADING', 'BRIPKA', '87081356', 'AE.S 033622', '12', '2025-09-23'),
(739, 51, 4, 5, 'ALHADID, S.Sos', 'BRIPKA', '88120724', 'XL 264274', '12', '2025-09-23'),
(740, 51, 4, 6, 'SOFIAN HADI', 'AIPTU', '77040523', 'AE.S 034321', '12', '2024-11-21'),
(741, 51, 4, 4, 'SURYANSYAH, S.H.', 'AIPTU', '79061195', '9D9 7012', '12', '2025-09-23'),
(742, 51, 4, 6, 'APRIADI', 'AIPTU', '82040087', 'AE.S 034423', '12', '2025-09-23'),
(743, 51, 4, 51, 'HERMAWAN', 'AIPDA', '82010202', 'FO 3423', '12', '2025-09-23'),
(744, 51, 4, 51, 'JULIUS ANDERSON DJARAH, S.Sos.', 'BRIPKA', '87070131', '629853', '12', '2025-09-23'),
(745, 51, 5, 8, 'MUTAQIN', 'BRIPKA', '86080624', 'H 191185', '12', '2025-09-23'),
(746, 51, 4, 4, 'M. HERJUNA', 'BRIGPOL', '94060803', 'AHW 8982', '12', '2025-09-23'),
(747, 51, 4, 4, 'WANDA', 'BRIGPOL', '94010755', '9D9 6851', '12', '2025-09-23'),
(748, 51, 4, 3, 'M. FIKRAM', 'BRIPTU', '95031126', '21893 M', '12', '2025-09-23'),
(749, 51, 5, 8, 'YADHULUL MUSLIMIN', 'IPDA', '87120521', 'H 191191', '12', '2025-09-23'),
(750, 51, 4, 6, 'NYOMAN PARTO MANUABA', 'AIPTU', '78091077', 'AE.S 034803', '12', '2025-09-23'),
(751, 51, 4, 5, 'ARHAM', 'AIPDA', '82111101', 'ZE 390383', '12', '2025-09-23'),
(752, 51, 4, 5, 'JAINUDIN', 'BRIPKA', '79120536', 'XL 264282', '12', '2025-09-23'),
(753, 51, 4, 5, 'BUNGKAR', 'BRIPKA', '84031499', 'ZE 390381', '12', '2025-09-23'),
(754, 51, 4, 5, 'AGUS SUGIANTO', 'BRIPKA', '81080108', 'XL 264519', '12', '2025-09-23'),
(755, 51, 4, 5, 'KHAIRUL ANWAR', 'BRIGPOL', '92100306', 'XL 264295', '12', '2025-09-23'),
(756, 51, 4, 5, 'MUH. FARDIN ANPRATAMA', 'BRIGPOL', '93010551', 'XL 264284', '12', '2025-09-23'),
(757, 51, 4, 5, 'LALU RIKA SUKIMAN', 'BRIPTU', '96070966', 'YJ 344157', '12', '2025-09-23'),
(758, 51, 5, 8, 'JUBAIDIN', 'IPDA', '73020119', 'H 258126', '12', '2022-04-15'),
(759, 51, 4, 6, 'AKA FRANCIS SIREGAR', 'AIPTU', '79040743', 'AE.S 033957', '12', '2024-11-21'),
(760, 51, 4, 6, 'KAMARUDIN', 'AIPTU', '80120531', 'AE.S 034338', '12', '2025-09-23'),
(761, 51, 4, 5, 'EDI JAYA WARDANA', 'AIPDA', '80040601', 'XL 264285', '12', '2025-09-23'),
(762, 51, 4, 4, 'FAHILLAH', 'AIPDA', '81020671', 'AFZ 7407', '12', '2025-09-23'),
(763, 51, 4, 5, 'IRWAN', 'AIPDA', '83110993', 'XL 264276', '12', '2025-09-23'),
(764, 51, 4, 4, 'ABDI', 'AIPDA', '72100445', 'AFZ 8118', '12', '2025-09-23'),
(765, 51, 4, 4, 'IBRAHIM', 'BRIPKA', '84091590', '9D9 7068', '12', '2025-09-23'),
(766, 51, 4, 5, 'ROZI SAPUTRA', 'BRIPTU', '94080973', 'XL 264266', '12', '2024-11-21'),
(767, 21, 4, 5, 'DEDI RAHMAN, S.Pd.', 'AIPDA', '79011236', 'YJ 344240', '12', '2025-09-23'),
(768, 51, 4, 4, 'MUSTAWA', 'AIPDA', '80101011', 'AFZ 760', '12', '2025-09-23'),
(769, 51, 4, 5, 'AAN FIANSYAH', 'BRIPKA', '88120612', 'ZE 390386', '12', '2025-09-23'),
(770, 51, 4, 5, 'MUHAMMAD HUSNUL WAHID', 'BRIGPOL', '90040367', 'XL 264508 ', '12', '2025-09-23'),
(771, 51, 4, 4, 'TAUFIK ARHAM ', 'BRIGPOL', '91080433', 'AFZ 75795', '12', '2025-09-23'),
(772, 51, 4, 6, 'M. JUNAIDI', 'BRIGPOL', '94010340', 'AE.S 033847', '12', '2025-09-23'),
(773, 51, 4, 5, 'RADEN FAMBE WAHYUNINGRAT', 'BRIGPOL', '93020552', 'ZE 390377', '12', '2025-09-23'),
(774, 51, 4, 5, 'IMRAN', 'BRIGPOL', '94120657', 'XL 264293', '12', '2025-09-23'),
(775, 51, 4, 5, 'ARDIANSYAH', 'BRIPTU', '97050105', 'ZE 390379', '12', '2025-09-23'),
(776, 51, 5, 8, 'I NYOMAN SUARDIKA', 'IPDA', '74090265', 'H 191183', '12', '2025-09-23'),
(777, 51, 4, 5, 'I MADE ADI SUHENDRA,S.H.', 'AIPDA', '86010115', 'ZE 390384', '12', '2025-09-23'),
(778, 51, 4, 5, 'ADANG LOLOTONANG, S.H.', 'BRIPKA', '85041713', 'XL 264259', '12', '2025-09-23'),
(779, 51, 4, 6, 'MUKHLIS', 'BRIGPOL', '87070227', 'AE.S 034441', '12', '2025-09-23'),
(780, 51, 4, 5, 'IRWAN AL-HAMZANI', 'BRIGPOL', '92090307', 'XL 264283', '12', '2025-09-23'),
(781, 51, 4, 4, 'TAUFIKURRAHMAN, S.H.', 'AIPTU', '79070460', '12D 6660', '12', '2025-09-23'),
(782, 51, 4, 6, 'BAMBANG', 'AIPTU', '79031064', 'AE.S 034956', '12', '2025-09-23'),
(783, 51, 4, 4, 'FARID, S.H.', 'AIPDA', '82100219', '12D 6724', '12', '2025-09-23'),
(784, 51, 4, 39, 'SIRJONO', 'AIPDA', '82120984', '679951', '12', '2025-09-23'),
(785, 51, 4, 6, 'MUH. ALI HANAFIA, S.Sos', 'AIPDA', '85120750', 'AE.S 034974', '12', '2025-09-23'),
(786, 51, 4, 5, 'HENDRIPTO', 'BRIPKA', '79100539', 'ZE 390380', '12', '2025-09-23'),
(787, 51, 4, 4, 'JUNAIDIN', 'BRIPKA', '84051562', 'AFZ 7285', '12', '2025-09-23'),
(788, 51, 4, 39, 'ABDUL HAMID, S.H.', 'BRIPKA', '89110319', '681944', '12', '2025-09-23'),
(789, 51, 4, 4, 'CHAIRIL ANWAR', 'BRIPKA', '86011287', '9D9 6909', '12', '2025-09-23'),
(790, 51, 4, 5, 'HERU KUSWANTO', 'BRIPKA', '82050789', 'YJ 344267', '12', '2025-09-23'),
(791, 51, 4, 5, 'ADY SOEPRIADIN', 'BRIPKA', '88011002', 'XL 264549', '12', '2025-09-23'),
(792, 51, 4, 5, 'IWAN SETIAWAAN', 'BRIPKA', '88090633', 'XL 264288', '12', '2025-09-23'),
(793, 51, 4, 5, 'ADE DERMAWAN PUTRA', 'BRIGPOL', '92120197', 'XL 264286', '12', '2025-09-23'),
(794, 51, 4, 6, 'RAHMAD RAMADAN RIZKI, S.H.', 'BRIGPOL', '93030805', 'AE.S 034503', '12', '2025-09-23'),
(795, 52, 4, 5, 'USTAMAN', 'BRIGPOL', '95110191', 'ZE.390317', '6', '2025-05-13'),
(796, 52, 5, 8, 'FARDIANSYAH,SH', 'IPDA', '86010317', 'H191196', '10', '2025-05-13'),
(797, 52, 4, 5, 'EKY RISKIANTO', 'BRIPTU', '95090201', 'XL 264437', '6', '2025-05-13'),
(798, 52, 5, 8, 'ARIF RAHMAN,S.Sos', 'AIPTU', '81070190', 'H261923', '6', '2025-05-13'),
(799, 52, 4, 5, 'RENALDI KUSWARI', 'BRIGPOL', '96060452', 'XL 264706', '6', '2025-05-13'),
(800, 52, 4, 5, 'SUPRIADI', 'AIPDA', '86060319', 'XL 263846', '6', '2025-05-13'),
(801, 51, 4, 5, 'I DEWA ADE WISNU D. A', 'BRIPTU', '97070095', 'XL 264484', '6', '2025-05-13'),
(802, 52, 4, 5, 'ISPAN S.', 'BRIGPOL', '96080331', 'XL 264722', '6', '2025-05-13'),
(803, 52, 4, 4, 'ERIK IRAWAN', 'AIPDA', '84090272', '37225R', '6', '2025-05-13'),
(804, 52, 4, 5, 'FIKRIRRAHMAN,S.H.', 'BRIPKA', '88020327', 'XL 264311', '6', '2025-05-13'),
(805, 52, 4, 4, 'HERMANSYAH,SH', 'BRIGPOL', '93120889', '9D89921', '6', '2025-05-13'),
(806, 51, 4, 5, 'AZRIL ALVIAN ROMADAN', 'BRIPTU', '99070004', 'XL 264493', '6', '2025-05-21'),
(807, 52, 4, 3, 'MD YUDHA', 'BRIPTU', '97120436', '79840', '6', '2025-05-13'),
(808, 52, 5, 8, 'LILIK AGRARIANTO', 'AIPTU', '81090122', 'H261924', '10', '2024-07-10'),
(809, 52, 5, 8, 'ABDUL MALIK, S.H.', 'IPTU', '79020317', 'H261928', '10', '2025-05-10'),
(810, 52, 5, 8, 'BINAWAN KHARISMI.S,SH', 'IPDA', '87010404', 'H238086 R', '10', '2025-04-14'),
(811, 52, 4, 5, 'TIRANGGA AJI RINJANI', 'BRIPTU', '97080637', 'ZE 390374', '6', '2024-12-24'),
(812, 52, 5, 8, 'SETYADI ARIANSYAH', 'AIPDA', '85050708', 'H238075 R', '10', '2025-05-06'),
(813, 52, 5, 8, 'ISWIDODO, S.H.', 'AIPDA', '85050704', 'H261919', '10', '2025-01-17'),
(814, 52, 4, 5, 'ABDUL WAHID', 'BRIGPOL', '92120384', 'XL 264709', '6', '2025-12-07'),
(815, 52, 4, 4, 'MAHFUDDIN,SH', 'AIPDA', '85010872', 'AJK 9935', '6', '2024-12-24'),
(816, 52, 5, 8, 'SABARUDIN', 'BRIPKA', '86040675', 'H261914', '10', '2025-02-14'),
(817, 52, 5, 9, 'ABDUL IKHLAS', 'BRIPKA', '89060092', 'C088235 ', '10', '2024-12-01'),
(818, 52, 4, 5, 'IHWAN RANGGA PW,SH', 'BRIPKA', '87010135', 'XL 263850', '6', '2024-12-02'),
(819, 52, 4, 5, 'ABDUL WAHAB, S.H.', 'BRIPKA', '85120308', 'XL 264714', '6', '2024-12-24'),
(820, 52, 5, 8, 'GATOT WAHYUDIN', 'AIPDA', '79070067', 'H238090 ', '10', '2024-02-11'),
(821, 52, 5, 9, 'ALIF RIZKI SYAHPUTRA', 'BRIPTU', '93110913', 'C088239 ', '10', '2024-03-28'),
(822, 52, 5, 8, 'MUHAMMAD IRIANTO', 'BRIPKA', '84031151', 'H261904', '10', '2025-05-19'),
(823, 52, 4, 5, 'RAHMI', 'AIPTU', '78110159', 'XL 264712', '6', '2024-12-05'),
(824, 52, 4, 5, 'HERMANSYAH', 'BRIPKA', '85081614', 'XL.264477', '6', '2025-01-18'),
(825, 52, 4, 5, 'M.AFLAHA,S.H', 'BRIPTU', '95111153', 'XL 264405', '6', '2025-12-18'),
(826, 52, 4, 5, 'NANANG QOSIM', 'AIPDA', '81020456', 'XL 263849', '6', '2024-01-12'),
(827, 52, 4, 3, 'HERMANSYAH', 'AIPDA', '84010538', '23721 M', '6', '2024-12-15'),
(828, 52, 4, 5, 'ROZALUL ADI DARMA', 'BRIGPOL', '94051038', 'YJ 344194', '6', '2025-05-21'),
(829, 52, 4, 3, 'PURNAWAN EFENDI', 'BRIPTU', '95031146', '58999', '6', '2025-05-21'),
(830, 52, 4, 6, 'HAMZAH, S.H.', 'BRIPTU', '96050803', 'QC 508786', '6', '2025-05-21'),
(831, 52, 4, 5, 'MUIZZUDDIN', 'BRIPTU', '96120902', 'XL 264716', '6', '2025-05-21'),
(832, 52, 5, 8, 'SUKARDIN,S.H', 'IPTU', '77050394', 'H191190', '10', '2024-07-10'),
(833, 52, 5, 8, 'ADYNATA, S.H.', 'BRIPKA', '86010334', 'H261921', '6', '2025-05-28'),
(834, 52, 5, 8, 'MUHAMMAD TAHIR', 'AIPDA', '73080672', 'H191187', '10', '2025-04-18'),
(835, 52, 4, 5, 'SYAMSUL ARIFIN', 'BRIPKA', '87091363', 'XL 264431', '6', '2025-03-29'),
(836, 52, 5, 8, 'I WYN PUTRA YASA', 'AIPDA', '85050957', 'H261911', '10', '2025-03-29'),
(837, 52, 4, 5, 'M. AS\'AD,SH', 'AIPDA', '83030202', 'XL 263852', '6', '2025-05-28'),
(838, 52, 5, 8, 'INDRA HARDIANTO', 'BRIPKA', '87110490', 'H191198', '6', '2024-06-19'),
(839, 52, 5, 8, 'MUJAHIDIN', 'IPDA', '87040348', 'H261902', '10', '2024-06-05'),
(840, 52, 5, 8, 'ADY HARYANTO', 'BRIGPOL', '94110286', 'H261937', '10', '2024-12-15'),
(841, 52, 4, 6, 'DIDI ERIADIN', 'BRIPKA', '85031651', 'AES 034958', '6', '2024-06-18'),
(842, 52, 4, 5, 'M. YAMIN', 'BRIPKA', '86071293', 'XL 264715', '6', '2025-01-17'),
(843, 52, 5, 8, 'SUDIRMAN', 'AIPTU', '77030653', 'H191193', '10', '2025-05-12'),
(844, 52, 4, 5, 'ADY APRIANTO', 'BRIPKA', '87040632', 'YJ 344237', '6', '2025-02-14'),
(845, 52, 4, 5, 'MUHTAR', 'IPTU', '69020305', 'ZE 390344', '6', '2025-01-02'),
(846, 52, 4, 5, 'RIDWAN IWAN,SH', 'BRIPKA', '78020726', 'XL 264711', '6', '2024-12-21'),
(847, 52, 4, 3, 'AGUS SUPRIADI', 'AIPTU', '77080063', '607209', '6', '2024-03-20'),
(848, 52, 5, 8, 'VICTOR HERY, S.H., M.M.', 'IPDA', '88110538', 'H261913', '10', '2025-02-14'),
(849, 52, 4, 3, 'BURHAN', 'BRIPKA', '85040643', '800055', '6', '2025-04-18'),
(850, 52, 4, 3, 'RAHMAT FIRDAUS', 'BRIPKA', '89110248', '6779098', '6', '2024-12-05'),
(851, 52, 4, 5, 'HERI SUPRIANTO', 'AIPTU', '74040073', 'XL 264719', '6', '2025-02-14'),
(852, 52, 5, 8, 'OVAN RAMLIN', 'BRIPKA', '85041710', 'H261938', '10', '2025-05-20'),
(853, 52, 4, 6, 'JAYA NINGRAT', 'AIPDA', '79020838', 'QC.508808', '6', '2024-02-11'),
(854, 52, 4, 5, 'SANY ARYANSYAH', 'BRIPTU', ' 95050545', 'ZE 390349', '6', '2025-03-12'),
(855, 52, 4, 5, 'M. FADLI, S.H.', 'AIPDA', '85120158', 'XL 264476', '6', '2025-05-21'),
(856, 52, 4, 5, 'USMAN', 'AIPDA', '84071342', 'XL 263851', '6', '2025-05-12'),
(857, 52, 4, 6, 'I GDE BAGUS YOGA.P', 'BRIPTU', '97100248', 'AES 032199', '10', '2025-05-01'),
(858, 52, 4, 5, 'TAKIM', 'AKP', '67060669', 'XL 264492', '6', '2025-02-14'),
(859, 52, 5, 10, 'EKO SUTOMO.S.I.K.,M.I.K', 'AKBP', '82051489', '58AI32630', '50', '2025-05-15'),
(860, 52, 5, 8, 'M MAULANA PRATAMA', 'BRIPDA', '04050633', 'H191194', '10', '2025-05-01'),
(861, 52, 5, 8, 'RUDINI', 'BRIPDA', '02031170', 'H261936', '50', '2025-05-01'),
(862, 52, 5, 10, 'SAOGI SUJANA ANGSAR', 'KOMPOL', '75040195', 'S8CI0I29I', '50', '2025-01-10'),
(863, 52, 5, 8, 'IWAN SUGIANTO', 'AKP', ' 74090505', 'H261901', '10', '2025-05-10'),
(864, 52, 5, 8, 'L ABDUL HARIS,SH', 'IPDA', '87050332', 'H261929', '10', '2024-12-15'),
(865, 52, 5, 8, 'I GEDE WIRADANA', 'BRIGPOL', '92090054', 'H191188', '10', '2025-02-11'),
(866, 52, 4, 5, 'IRWAN', 'BRIPKA', '84120790', 'XL 264718', '6', '2024-12-05'),
(867, 52, 4, 6, 'MUSLIMIN', 'AIPTU', '81030244', 'AES.027750', '6', '2025-05-30'),
(868, 52, 4, 6, 'MUHAMMAD IHWAN', 'AIPDA', '80010114', 'AES.034902', '6', '2024-12-05'),
(869, 52, 4, 5, 'SURATMAN BUDIONO', 'BRIPKA', '85020574', 'YJ 344217', '6', '2025-03-26'),
(870, 52, 4, 5, 'ANDI MAULANA', 'AIPDA', '85110100', 'ZE 390328', '6', '2024-01-01'),
(871, 52, 5, 8, 'SUDIRMAN,SH', 'AKP', '74120720', 'H261912', '10', '2025-03-05'),
(872, 52, 4, 5, 'SUHERMAN', 'AIPDA', '83070837', 'XL 264483', '6', '2025-03-04'),
(873, 52, 4, 5, 'SUDARTO ', 'IPTU', '71040196', 'XL 264425', '6', '2025-03-04'),
(874, 52, 4, 5, 'ANHAR', 'AIPTU', '81090030', 'ZE 390316', '6', '2025-01-02'),
(875, 52, 4, 3, 'RUSLAN AGUS', 'IPDA', '72180199', '01717 M', '6', '2024-12-08'),
(876, 52, 4, 5, 'L.MANGKU A YUDA M.V.R', 'BRIGPOL', '95120092', 'YJ 344225', '6', '2024-12-18'),
(877, 52, 4, 5, 'NAZARUDIN', 'IPDA', '70030126', 'XL.264708', '6', '2025-05-22'),
(878, 52, 4, 5, 'SALAHUDDIN', 'BRIGPOL', '850119', 'XL 264726', '6', '2025-01-22'),
(879, 52, 4, 5, 'DIAN SULAIMAN', 'BRIPKA', '86110032', 'XL 264710', '6', '2025-06-04'),
(880, 52, 4, 5, 'ABDUL KARIM', 'BRIGPOL', '79120567', 'YJ 344193', '6', '2025-01-22'),
(881, 52, 4, 6, 'ADAM MALIK', 'BRIPKA', '84110669', 'AES 033661', '6', '2025-05-22'),
(882, 52, 4, 5, 'ASDIN', 'AIPTU', '79061369', 'YJ 344230', '6', '2023-12-08'),
(883, 52, 4, 5, 'AMIRULLAH,SH', 'AIPDA', '8505075', 'ZE 390345', '6', '2024-01-23'),
(884, 52, 4, 8, 'ZULKIFLI', 'IPDA', '79020784', 'H191184', '10', '2024-01-21'),
(885, 52, 4, 5, 'BUKHARI', 'BRIPKA', '85081988', 'ZE 390340', '6', '2024-08-10'),
(886, 52, 4, 5, 'INDRAWANSYAH', 'B', '85080826', 'XL 264721', '6', '2024-12-12'),
(887, 52, 5, 8, 'ADI DARMAWAN,S.H', 'IPDA', '89120141', 'H261939', '10', '2024-12-15'),
(888, 52, 4, 3, 'SUTARMAN', 'BRIPKA', '80060321', '17951 M', '6', '2025-01-02'),
(889, 52, 4, 5, 'FARISMAN', 'BRIPKA', '88090292', 'ZE.390348', '6', '2025-01-18'),
(890, 52, 4, 6, 'EDY', 'AIPDA', '72100447', 'AES.033781', '6', '2025-01-18'),
(891, 52, 4, 6, 'TARMIJI', 'BRIPKA', '86011619', 'AES 029945', '6', '2024-12-12'),
(892, 52, 4, 4, 'IRWAN, S.H.', 'BRIPKA', '86120692', 'BJJ8686', '6', '2024-12-14'),
(893, 52, 5, 8, 'SYAHRUL', 'BRIPKA', '86080292', 'H261903', '10', '2025-01-18'),
(894, 52, 4, 5, 'ILHAM', 'AIPDA', '84030192', 'XL. 264727', '6', '2024-12-14'),
(895, 52, 4, 5, 'ARIF KURNIAWAN ', 'BRIPKA', '81051404', 'ZE 390346', '6', '2024-12-14'),
(896, 52, 4, 6, 'JUHAIRI RAHMAN', 'AIPDA', '73110393', 'AES 033689', '-', '2024-12-15'),
(897, 53, 5, 8, 'YUDHA PRANATA, S.I.K, S.H.', 'AKBP', ' 81111181', 'H 254556', '12', '2025-03-20'),
(898, 53, 5, 10, 'HERMAN, S.H.', 'KOMPOL', '73010193', '58C101315 ', '12', '2025-03-20'),
(899, 53, 5, 9, 'FRANTO A. MATONDANG,S.Tr.K.', 'IPTU', '96061327', 'H 233074', '12', '2025-01-20'),
(900, 53, 5, 8, 'RIFQI FARHANDI.R, S.Tr.K.', 'IPDA', '99010810', 'H 233621', '12', '2025-01-20'),
(901, 53, 5, 8, 'HENRY JONATHAN HUTAURUK,S.Tr.K', 'IPDA', '01091400', 'H 233629', '12', '2025-01-20'),
(902, 53, 5, 8, 'DWI ISNANTO, SH', 'AIPTU', '82050066', 'H 261900', '12', '2024-11-21'),
(903, 53, 4, 50, 'SAIFUL, S.H.', 'AIPTU', '80121114', '602650', '12', '2025-03-20'),
(904, 53, 4, 50, 'URIP ARYANTO, SH', 'BRIPKA', ' 87041552', '681323 U', '12', '2025-03-20'),
(905, 53, 4, 4, 'M. SURADIN', 'BRIPKA ', '88120622', 'BJJ8131', '12', '2025-03-20'),
(906, 53, 5, 8, 'MARADONA', 'BRIPKA', '87060156', 'H 261920', '12', '2025-03-20'),
(907, 53, 4, 5, 'DIDI DARMADI, S.H.', 'AIPDA', '85010502', 'YJ 344195', '12', '2025-03-20'),
(908, 53, 4, 5, 'NASHARUDDIN, SH', 'AIPDA', '86070353', 'XL 264531', '12', '2025-03-20'),
(909, 53, 4, 5, 'FAHMI ARDI, SH', 'BRIPKA', '96050607', 'XL 264303', '12', '2025-03-20'),
(910, 53, 4, 5, 'JURAIDIN, SH', 'BRIPKA', '88020974', 'XL 264268', '12', '2025-03-20'),
(911, 53, 4, 5, 'JUMTISAHAR ALFIKAR, SH', 'BRIGPOL', '95050369', 'YJ344202', '12', '2025-03-20'),
(912, 53, 4, 5, 'ERYAWAN HIDAYAT,SH', 'BRIGPOL', '94060121', 'ZE 390370', '12', '2025-03-20'),
(913, 53, 4, 4, 'RANGGA SATRIA, S.H.', 'BRIPTU', '96010151', 'EDU3934', '12', '2025-03-20'),
(914, 53, 5, 9, 'STRA ADY WIJAYA', 'BRIPKA', '89020040', 'C 063140', '12', '2024-11-21'),
(915, 53, 4, 5, 'GADAFID', 'BRIPKA', '81120014', 'XL 264689', '12', '2025-03-20'),
(916, 53, 5, 8, 'HERO SUHARJO ATMIJOYO, SH', 'AIPTU', '80090118', 'H 261885', '12', '2025-03-20'),
(917, 53, 4, 5, 'ANHAR', 'BRIPTU', '96050607', 'XL 264303', '12', '2024-11-21'),
(918, 53, 4, 5, 'TEDDY KURNIAWAN', 'BRIPTU', '97100716', 'XL 264270', '12', '2024-11-21'),
(919, 53, 4, 5, 'LL RIAN AULIA', 'BRIPTU', '95100495', 'XL 264280', '12', '2025-03-20'),
(920, 53, 4, 5, 'MOH. RIAWE', 'BRIPTU', '96101230', 'XL264254', '12', '2025-03-20'),
(921, 53, 4, 5, 'ULIL ALBAB', 'BRIPTU', '97120478', 'YJ344239', '12', '2025-03-20'),
(922, 53, 5, 8, 'RAHMAD HIDAYAT', 'AIPDA', '84071147', 'H 261916', '12', '2025-03-20'),
(923, 53, 5, 8, 'MUHAIMIN MULAWARMAN, S.H', 'IPDA', '77100295', 'H 261908', '12', '2025-03-20'),
(924, 53, 5, 8, 'SUHERMAN', 'BRIPKA', '80020318', 'H 261896', '12', '2025-03-20'),
(925, 53, 4, 50, 'JASMAN', 'BRIPKA', '79040720', '608047', '12', '2025-03-20'),
(926, 53, 4, 5, 'RAHMAT ADNAN', 'BRIPKA', '78110669', 'YJ 344199', '12', '2025-03-20'),
(927, 53, 4, 6, 'I KDK HENGKI MULYADI', 'BRIPTU', '92040069', 'AE.S035199', '12', '2025-03-20'),
(928, 53, 4, 6, 'I WYN ARYA MUDITHA', 'BRIGPOL', '94050092', 'QC. 508733', '12', '2025-03-20'),
(929, 53, 4, 4, 'ANDI  PUTRA', 'BRIPTU', '96100423', 'AJK9468', '12', '2025-03-20'),
(930, 53, 4, 5, 'AHMAD RIADI', 'BRIGPOL', '95080103', 'AE.S034555', '12', '2025-03-20'),
(931, 53, 4, 49, 'MUHAMMAD HAEDIN', 'BRIPTU', '95051020', '816793', '12', '2025-03-20'),
(932, 53, 5, 8, 'SUHATTA, S.H.', 'AKP', '71080100', 'H 191159', '12', '2025-03-20'),
(933, 53, 5, 8, 'STARCIUS DAVID MISA', 'IPDA', '84060208', 'H 191141', '12', '2025-03-20'),
(934, 53, 5, 8, 'MUHAMAD IMANUDDIN, SH', 'IPDA', '82100699', 'H191142', '12', '2025-03-20'),
(935, 53, 5, 8, 'MUHAMMAD SUHAILI', 'IPDA', '84081525', 'H191152', '12', '2025-03-20'),
(936, 53, 5, 8, 'H. SYAFRUDIN', 'AIPDA', '79011066', 'H 191143', '12', '2025-03-20'),
(937, 53, 5, 8, 'H. SYAFRUDIN', 'AIPDA', '79011066', 'H 191143', '12', '2025-03-20'),
(938, 53, 4, 5, 'FAISAL;', 'AIPTU', '78040457', 'XL 264296', '12', '2024-11-21'),
(939, 53, 4, 49, 'SUHARDIN', 'AIPDA', '78081467', '25250 M', '12', '2024-11-21'),
(940, 53, 4, 5, 'RADEN WANSAPUTRA', 'BRIPTU', '94110200', 'ZE 390283', '12', '2025-03-20'),
(941, 53, 4, 50, 'SOFYAN ISKANDAR', 'BRIPKA', '83071034', '15332 R', '12', '2025-03-20'),
(942, 53, 5, 8, 'DEDIANSYAH, S.E.', 'IPTU', '81060284', 'H 191142', '12', '2025-03-20'),
(943, 53, 5, 8, 'SIRAJUDIN, S.H.', 'IPDA', '83100219', 'H 261917', '12', '2025-03-20'),
(944, 53, 4, 4, 'SUNARYO, S.Sos', 'AIPTU', '79060698', 'AEV 7157', '12', '2025-03-20'),
(945, 53, 5, 8, 'ABDUL HAFID', 'AIPDA', '81070329', '58C101315', '12', '2025-03-20'),
(946, 53, 4, 4, 'THAUFARRAHMAN, SH', 'AIPDA', '85120125', 'BEZ 5624', '12', '2025-03-20'),
(947, 53, 4, 4, 'AZHAR GURUH SAPUTRA', 'BRIPTU', '97010689', '9D89015', '12', '2025-03-20'),
(948, 53, 5, 8, 'TOTO HERMANTO', 'BRIPKA', '85111383', 'H 261909', '12', '2025-03-20'),
(949, 53, 4, 4, 'SYAHARUDIN', 'BRIPTU', '95070920', 'BEZ 5435', '12', '2025-03-20'),
(950, 53, 5, 8, 'MUHAMAD IKBAL', 'BRIPTU', '94040563', 'H 261899', '12', '2025-01-20'),
(951, 53, 4, 4, 'M. ALVIN KHAIRU ', 'BRIPTU', '96091023', '9D89944', '12', '2024-11-21'),
(952, 53, 4, 3, 'RAFI\'IN', 'AIPTU', '-', '-', '12', '2025-03-20'),
(953, 53, 4, 6, 'DIMAS DARGO DEWANTORO', 'BRIGPOL', '95060166', 'AE.S034961', '12', '2025-03-20'),
(954, 53, 4, 4, 'M. TOFAN HIDAYAT', 'BRIPTU', '97100455', '9D89267', '12', '2025-03-20'),
(955, 53, 4, 6, 'MUH. RYAS ROSYIED', 'BRIPTU', '98060696', 'AE.S034502', '12', '2025-01-20'),
(956, 53, 5, 8, 'DEDY SUPRIYADI, SH', 'AKP', '76070086', 'H 191152', '12', '2025-11-21'),
(957, 53, 4, 4, 'HUSAIN', 'AIPTU', '80010017', 'AEW 8802', '12', '2025-03-20'),
(958, 53, 5, 8, 'PUTU AGUS. S, S.H.', 'IPDA', '86080024', 'H261889', '12', '2024-11-21'),
(959, 50, 5, 14, 'BAGUS NYOMAN GEDE JUNAEDI, S.H, S.I.K.', 'AKBP', '83061360', 'T6472-23 AT 03815', '10', '2025-03-20'),
(960, 50, 4, 5, 'RONI ANDIKA', 'BRIGPOL', '95100618', 'XL 264541', '12', '2025-03-20'),
(961, 50, 4, 4, 'RONA NUANSA JOHAN', 'BRIPTU', '97040137', '9D 54144', '12', '2025-03-20'),
(962, 50, 5, 9, 'DEDI SUNANDI', 'AIPDA', '83121003', 'C068548', '10', '2025-03-20'),
(963, 50, 5, 8, 'RENDI SANDIKA', 'BRIPTU', '99050122', 'HS 238094', '10', '2025-03-20'),
(964, 50, 5, 8, 'ZULMIN TRI GIFANI', 'BRIPKA', '88070334', 'H2 58065', '10', '2025-03-20'),
(965, 50, 5, 8, 'HENDRO PRIYONO', 'BRIPTU', '99010076', 'H 191154', '10', '2025-03-20'),
(966, 50, 5, 8, 'ADIANSYAH', 'AIPDA', '85050265', 'H2 58055', '10', '2025-03-20'),
(967, 50, 5, 8, 'ONGKY PRATAMA', 'BRIGPOL', '95090346', 'H 191151', '10', '2025-03-20'),
(968, 50, 4, 4, 'I WAYN SARI ANDI PUTRA', 'AIPDA', '83010999', '9D  96026', '12', '2025-03-20'),
(969, 50, 5, 8, 'WISSANDI', 'BRIPKA', '86101023', 'H2 58040', '10', '2025-03-20'),
(970, 50, 5, 14, 'HERYANSYAH', 'BRIPKA', '89070087', 'T6472-23 AT 03821', '10', '2025-03-20'),
(971, 50, 5, 8, 'HENDRA ANDRIYA M', 'BRIGPOL', '92050204', 'H2 58037', '10', '2025-03-20'),
(972, 50, 5, 8, '  WIWIED TURNIAWAN ', 'BRIGPOL', '94031031', 'H 191144', '10', '2025-03-20'),
(973, 50, 5, 14, 'KHAERUDDIN D', 'AIPDA', '84051025', 'T6472-23 AT 03818', '10', '2025-03-20'),
(974, 50, 5, 10, 'I PUTU EKA JORDAN', 'BRIGPOL', '92060704', '58 A132675', '10', '2025-03-20'),
(975, 50, 5, 8, 'ANWAR', 'BRIPKA', '86071819', 'H 191160', '10', '2025-03-20'),
(976, 50, 4, 4, 'ASWAWI ASWANDI', 'BRIGPOL', '94090451', 'AEF 8876', '12', '2025-03-20'),
(977, 50, 4, 4, 'RICKY KOESWORO', 'BRIPKA', '88080468', 'AEV 8832', '12', '2025-03-20'),
(978, 50, 4, 4, 'I KOMANG SUSILA  MIKA', 'BRIGPOL', '93020466', 'AEV 9180', '12', '2025-03-20'),
(979, 50, 4, 4, 'ROMANSYAH DWI PRANA', 'BRIPTU', '98010340', 'AFB 9852', '12', '2025-03-20'),
(980, 50, 5, 8, 'EDWIN ISA MAHENDRA, STK., SIK.', 'AKP', '92050629', 'H2 58049', '10', '2025-03-20'),
(981, 50, 5, 8, 'ALFIAN BUDISETYAWAN', 'IPDA', '-', 'HS 238052', '10', '2025-03-20'),
(982, 50, 5, 8, 'IRAWAN SUKMAWIJAYADI', 'BRIGADIR', '95030250', 'HS 238042', '10', '2025-03-20'),
(983, 50, 4, 5, 'KOMANG PEPEN', 'BRIPKA', '85061340', 'ZE. 390357', '12', '2025-03-20'),
(984, 50, 4, 4, 'EDI MUNAWAR', 'BRIGPOL', '95040129', '9D 96867', '12', '2025-03-20'),
(985, 50, 4, 50, 'FERGINIUS VOESTERMAN DINGGIT', 'BRIGPOL', '92090503', '594495', '12', '2025-03-20'),
(986, 50, 5, 8, 'M. TAHIR LANTU', 'IPTU', '72110243', 'H 258052', '10', '2025-03-20'),
(987, 53, 4, 5, 'IMAM SUBANDI', 'IPTU', '69100351', 'ZE390280', '12', '2024-11-21'),
(988, 53, 5, 8, 'SUKARDIN AR', 'BRIPKA', '79090690', 'H261897', '12', '2024-11-21'),
(989, 53, 5, 8, 'AKBAR', 'AIPDA', '83040411', 'H191155', '12', '2024-11-12'),
(990, 53, 4, 5, 'M. ISRAFIL', 'BRIPKA', '82041487', 'XL264263', '12', '2024-11-21'),
(991, 53, 5, 8, 'RIFKI INSYA GUSPANI', 'BRIPDA', ' 00080315', 'H261887', '12', '2024-11-21'),
(992, 53, 5, 8, 'FAIZ AQILLAH A. NAUFAL', 'BRIPDA', '01120306', 'H261892', '12', '2024-11-21'),
(993, 53, 4, 5, 'M. IKHSAN HADIATNA', 'BRIPDA', '99090669', 'XL 264293', '12', '2024-11-21'),
(994, 53, 4, 6, 'I WYN EGIK SANJAYA', 'BRIPDA', '00090429', 'AE.S034488', '12', '2024-11-21'),
(995, 53, 5, 8, 'SIRAJUDDIN, S.H.', 'AKP', ' 80080046', 'H191146', '12', '2025-03-20'),
(996, 53, 5, 8, 'EKA FARMA, S.H.', 'IPDA', '82080357', 'H 261910', '12', '2025-03-20'),
(997, 53, 4, 4, 'FATWA, S.H.', 'AIPDA', '82120733', '9810', '12', '2025-03-20'),
(998, 53, 4, 3, 'PUSDIKA DWI S, S.H.', 'AIPDA', '84090503', 'S04165', '12', '2025-03-20'),
(999, 53, 4, 3, 'SYAFRUDIN', 'AIPTU', '80050976', '818403', '12', '2025-03-20'),
(1000, 53, 4, 5, 'ARIF ARDIANSYAH, S.Sos', 'BRIPKA', '86081532', 'YJ 344197', '12', '2024-11-21'),
(1001, 53, 4, 50, 'ZARNAMAL AZAM, S.Sos', 'AIPDA', '84010563', '605544 FN', '12', '2024-11-21'),
(1002, 53, 4, 5, 'RAHMANSYAH, S.H.', 'AIPDA', '83031101', 'XL264259', '12', '2025-03-20'),
(1003, 53, 4, 5, 'GUNAWAN', 'BRIPKA', '85051507', 'YJ344242', '12', '2025-03-20'),
(1004, 53, 4, 6, 'ARIE ANSARI PUTRA', 'BRIGPOL', ' 93040674', 'AE.S034361', '12', '2025-03-20'),
(1005, 53, 4, 6, 'ODI HARYANTO, S.H.', 'BRIPTU', '98050203', 'AE.S033219', '12', '2025-03-20'),
(1006, 53, 4, 50, 'RUH SALEH', 'BRIPKA', '84101398', '679112', '12', '2025-03-20'),
(1007, 53, 5, 8, 'HAIRUL NURRAHMAN, S.Sos', 'IPTU', '76020150', 'H 261905', '12', '2025-03-20'),
(1008, 53, 4, 50, 'AGUSNADI, S.H.', 'AIPTU', '81080229', 'ED 681928', '12', '2024-11-21'),
(1009, 53, 4, 5, 'IRWANSYAH', 'AIPDA', '79091185', 'XL 264327', '12', '2024-11-21'),
(1010, 53, 4, 5, 'RORY W, S.Sos', 'AIPDA', '81020573', 'ZE 390286', '12', '2024-11-21');

-- --------------------------------------------------------

--
-- Table structure for table `pengadaan`
--

CREATE TABLE `pengadaan` (
  `id_pengadaan` int(11) NOT NULL,
  `id_satker` int(11) DEFAULT NULL,
  `paket` varchar(200) NOT NULL,
  `pagu` varchar(200) NOT NULL,
  `kontrak` varchar(200) NOT NULL,
  `no_kontrak` varchar(200) NOT NULL,
  `mulai_kontrak` date NOT NULL,
  `akhir_kontrak` date NOT NULL,
  `penyedia` varchar(200) NOT NULL,
  `metode` varchar(200) NOT NULL,
  `tahun` varchar(100) NOT NULL
) ENGINE=InnoDB DEFAULT CHARSET=utf8mb4 COLLATE=utf8mb4_general_ci;

--
-- Dumping data for table `pengadaan`
--

INSERT INTO `pengadaan` (`id_pengadaan`, `id_satker`, `paket`, `pagu`, `kontrak`, `no_kontrak`, `mulai_kontrak`, `akhir_kontrak`, `penyedia`, `metode`, `tahun`) VALUES
(6, 16, 'BELANJA BARANG PERSEDIAAN (KEPERLUAN PERKANTORAN ATK) ITWASDA POLDA NTB T.A. 2024', '58640000', '49429000', 'SP/01/I/LOG.4./2024/ITWASDA', '2024-01-02', '2024-12-31', 'ROSA COMPUTER', 'E-KATALOG', '2024'),
(7, 16, 'PEMELIHARAAN KENDARAAN BERMOTOR R4 ITWASDA POLDA NTB T.A. 2024', '102180000', '102180000', 'SP/02/I/LOG.4./2024/ITWASDA', '2024-01-02', '2024-12-31', 'CV. CAHAYADIPUTRA', 'E-KATALOG', '2024'),
(8, 17, 'PENGADAAN KEPERLUAN PERKANTORAN /ATK', '79040000', '79040000', 'SP/02/1/LOG.4./2024/Roops', '2024-01-01', '2024-12-31', 'ROSA COMPUTER', 'E-PURCHASING', '2024'),
(9, 18, 'PENGADAAN BARANG KONSUMSI ATK', '60386000', '60386000', 'SPK/I/XII/LOG.4./2023 ', '2024-01-02', '2024-12-31', 'UD. FAJAR INDAH', 'Pengadaan Langsung', '2024'),
(10, 18, 'PENGADAAN PEMELIHARAAN R4', '68986000', '68986000', 'SPK/2/LOG.4./2024', '2024-02-29', '2024-12-31', 'CV. LIGT AUTO', 'Pengadaan Langsung', '2024'),
(11, 18, 'PENGADAAN ALSINTOR', '80000000', '80000000', 'SPK/3/IV/LOG.4./2024 ', '2024-04-29', '2024-12-31', 'CV. RINJANI MANDIRI SEJAHTERA', 'Pengadaan Langsung', '2024'),
(12, 19, 'Rikkes Pradiktuk Bintara dan Tamtama', '191250000', '131540000', 'SP: B/40/I/LOG.4./2024', '2024-01-24', '2024-01-30', 'PT. MITRA HUSADA ARTHAJAYA', 'E-PURCHASING', '2024'),
(13, 19, 'Pengadaan ATK TA. 2024', '93000000', '89452500', 'SP: B/45/I/LOG.4./2024', '2024-01-24', '2024-12-31', 'UD. FAJAR INDAH', 'E-PURCHASING', '2024'),
(14, 19, 'Perawatan Ranmor R2 TA. 2024', '22860000', '18288000', 'KEP/27/I/KEP./2024', '2024-01-30', '2024-12-31', 'RR. MOTOR', 'PENUNJUKKAN LANGSUNG', '2024'),
(15, 19, 'Perawatan Ranmor R4 TA. 2024', '68120000', '54496000', 'SP: B/35/I/LOG.4./2024', '2024-01-17', '2024-12-31', 'CV. LIGHT AUTO ', 'E-PURCHASING', '2024'),
(16, 19, 'Rikkes Dikbang S1 STIK PTIK TA. 2024', '7170000', '7128000', 'SP: SP/3/II/LOG.4./2024', '2024-03-07', '2024-03-07', 'PT. MITRA HUSADA ARTHAJAYA', 'E-PURCHASING', '2024'),
(17, 19, 'Rikkes Dikbang Sespimma TA. 2024', '11950000', '11860000', 'SP: SP/4/II/LOG.4./2024', '2024-03-07', '2024-03-07', 'PT. MITRA HUSADA ARTHAJAYA', 'E-PURCHASING', '2024'),
(18, 19, 'Rikkes Dikbang SIP TA. 2024', '84825000', '84739000', 'SP: SP/5/II/LOG.4./2024', '2024-03-07', '2024-03-07', 'PT. MITRA HUSADA ARTHAJAYA', 'E-PURCHASING', '2024'),
(19, 19, 'Rikkes Penerimaan Akpol TA. 2024', '17250000', '17145000', 'SP: SP/8/V/LOG.4./2024', '2024-05-20', '2024-06-04', 'PT. MITRA HUSADA ARTHAJAYA', 'E-PURCHASING', '2024'),
(20, 19, 'Rikkes Penerimaan Bintara T.A. 2024', '1010250000', '818515000', 'SP: B/10/VI/LOG.4./2024', '2024-06-06', '2024-06-08', 'PT. MITRA HUSADA ARTHAJAYA', 'E-PURCHASING', '2024'),
(21, 19, 'Rikkes Penerimaan Tamtama T.A. 2024', '191250000', '135620000', 'SP: SP/5/II/LOG.4./2027', '2024-06-07', '2024-06-09', 'PT. MITRA HUSADA ARTHAJAYA', 'E-PURCHASING', '2024'),
(22, 19, 'Rikkes Seleksi Sespimmen', '9560000', '9250000', 'SP/13/VIII/LOG.4./2024', '2024-08-14', '2024-08-19', 'PT. MITRA HUSADA ARTHAJAYA', 'E-PURCHASING', '2024'),
(23, 19, 'Rikkes Seleksi PAG BA ke TA', '99450000', '96934000', 'SP/14/VIII/LOG.4./2024', '2024-08-14', '2024-08-19', 'PT. MITRA HUSADA ARTHAJAYA', 'E-PURCHASING', '2024'),
(24, 19, 'Rikkes Seleksi SBP dari TA ke BA ', '13650000', '13445000', 'SP/17/IX/LOG.4./2024', '2024-08-12', '2024-08-18', 'PT. MITRA HUSADA ARTHAJAYA', 'E-PURCHASING', '2024'),
(25, 20, 'Pengadaan Kapor Polri dan PNS Polda NTB T.A. 2024 berupa Pakaian Dinas Harian, Pakaian Dinas Lapangan dan TIK/TL', '16014178000', '15843830000', 'SP/03/I/LOG.4.16.1./2024/Rolog', '2024-01-11', '2024-06-03', 'PT. GAJAH MITRA PARAGON', 'E-PURCHASING', '2024'),
(26, 20, 'Pengadaan Barang Keperluan Perkantoran / ATK Biro Logistik Polda NTB T.A. 2024', '69920000', '69920000', 'SP/05/I/LOG.4./2024/Rolog', '2024-01-23', '2024-12-31', 'UD. FAJAR INDAH', 'E-PURCHASING', '2024'),
(27, 20, 'Pemeliharaan dan perawatan kendaraan bermotor', '210000000', '209,036,000', 'SP/04/I/LOG.4.13./2024/Rolog', '2024-01-15', '2024-12-31', 'LS. MOTOR', 'E-PURCHASING', '2024'),
(28, 28, 'PENGADAAN KOMPUTER', '220000000', '220000000', 'SP/04/II/LOG.4.21./2024/Ditintelkam', '2024-02-21', '2024-03-20', 'PT. AIRMAS MATARAM INTERNUSA', 'E-PURCHASING', '2024'),
(29, 28, 'HARWAT RANMOR R4', '382158000', '338697000', 'SP/03/II/LOG.4.21./2024/Ditintelkam', '2024-02-21', '2024-12-31', 'LS. MOTOR', 'E-PURCHASING', '2024'),
(30, 28, 'PENGADAAN ALAT TULIS KANTOR (ATK)', '147440000', '147440000', 'SP/05/II/LOG.4.21./2024/Ditintelkam', '2024-02-21', '2024-12-31', 'UD. FAJAR INDAH', 'E-PURCHASING', '2024'),
(31, 28, 'ULP NON ORGANIK', '96624000', '96624000', 'SP/01/I/LOG.4.21./2024/Ditintelkam', '2024-01-01', '2024-12-31', 'UD. VR FOOD AND SNACK', 'E-PURCHASING', '2024'),
(32, 30, 'Makan Tahanan', '745500000', '357678300', 'SP/01/I/LOG.4/2024/DITRESKRIMUM', '2024-01-05', '2024-12-31', 'UD. SRI', 'E-PURCHASING', '2024'),
(33, 30, 'Perawatan Tahanan', '298200000', '296898600', 'SP/03/I/LOG.4/2024/DITRESKRIMUM', '2024-01-11', '2024-12-31', 'CV. KARYA ERGIO JAYA', 'E-PURCHASING', '2024'),
(34, 30, 'HARWAT R4/6', '583640000', '466768809', 'SP/04/I/LOG.4/2024/DITRESKRIMUM', '2024-01-15', '2024-12-31', 'CV. CAHAYA DIPUTRA', 'E-PURCHASING', '2024'),
(35, 30, 'ULP NON ORGANIK', '194712000', '191520000', 'SP/02/I/LOG.4/2024/DITRESKRIMUM', '2024-01-07', '2024-12-31', 'RM. CATERING ARISTA', 'E-PURCHASING', '2024'),
(36, 30, 'HARWAT R2', '121920000', '97536000', 'SP/05/I/LOG.4/2024/DITRESKRIMUM', '2024-01-15', '2024-12-31', 'RR. MOTOR', 'E-PURCHASING', '2024'),
(37, 30, 'KEPERLUAN KANTOR ATK', '93112000', '93112000', 'SP/06/I/LOG.4/2024/DITRESKRIMUM', '2024-01-15', '2024-12-31', 'UD. FAJAR INDAH', 'E-PURCHASING', '2024'),
(38, 29, 'Pengadaan Barang Keperluan Perkantoran / ATK Polda NTB T.A. 2024', '77399000', '0', '0', '2024-01-01', '2024-12-31', 'UD. FAJAR INDAH', 'Penujukan langsung', '2024'),
(39, 29, 'Pemeliharaan dan perawatan kendaraan bermotor R2', '3000000', '0', '0', '2024-01-01', '2024-12-31', 'HTPN', 'Penujukan langsung', '2024'),
(40, 29, 'Pemeliharaan dan perawatan kendaraan bermotor R4/R6', '196000000', '0', '0', '2024-01-01', '2024-12-31', 'HTPN', 'Penujukan langsung', '2024'),
(41, 29, 'ULP NON ORGANIK / JAGA FUNGSI (T.A 2024)', '48678000', '0', '0', '2024-01-01', '2024-12-31', 'KANTIN POLDA', 'Penujukan langsung', '2024'),
(42, 29, 'Pemeliharaan dan perawatan Alsus (saiber)', '180020000', '0', '0', '2024-01-01', '2024-12-31', 'CV NUSANTARA TECNO', 'Penujukan langsung', '2024'),
(43, 31, 'ULP NON ORGANIK PIKET JAGA FUNGSI DITRESNARKOBA POLDA NTB T.A. 2024', '73017000', '73017000', 'SPK/1/I/LOG.4.21./2024/DITRESNARKOBA', '2024-01-01', '2024-12-31', 'UD. VR. FOOD AND SNACK', 'E-PENGADAAN LANGSUNG', '2024'),
(44, 29, 'KEPERLUAN PERKANTORAN DITRESNARKOBA POLDA NTB T.A. 2024', '129200000', '129200000', 'SPK/2/I/LOG.4.17./2024/DITRESNARKOBA', '2024-01-01', '2024-12-31', 'CV. TRIWI', 'E-PENGADAAN LANGSUNG', '2024'),
(45, 29, 'JASA PEMELIHARAAN DAN PERAWATAN KENDARAAN DINAS BERMOTOR RODA 4 DITRESNARKOBA POLDA NTB T.A. 2024', '243550000', '195920000', 'SP/3/I/LOG.4.21./2024/DITRESNARKOBA', '2024-01-03', '2024-12-30', 'UD. WICOM UTAMA', 'E-PURCHASING', '2024'),
(46, 22, 'ULP Non Organik Ditlantas Polda NTB T.A. 2024', '144936000', '144936000', 'SP/01/I/LOG.4./2024/DITLANTAS', '2024-01-01', '2024-12-31', 'VR FOOD AND SNACK', 'E-PURCHASING', '2024'),
(47, 22, 'Pengadaan Barang Keperluan Perkantoran Ditlantas Polda NTB T.A. 2024', '85120000', '84955600', 'SP/07/I/LOG.4./2024/DITLANTAS', '2024-01-19', '2024-12-31', 'UD. FAJAR INDAH', 'E-PURCHASING', '2024'),
(48, 22, 'Pemeliharaan dan perawatan kendaraan roda 2 Sumber Rupiah Murni Ditlantas Polda NTB TA. 2024', '112920000', '90,305,000', 'SP/06/I/LOG.4./2024/DITLANTAS', '2024-01-19', '2024-12-31', 'UD. REJEKI RAMDAN MOTOR', 'E-PURCHASING', '2024'),
(49, 22, 'Pemeliharaan dan perawatan kendaraan roda 2 Sumber PNBP Ditlantas Polda NTB TA. 2024', '302,400,000', '302,000,000', 'SP/08/I/LOG.4./2024/DITLANTAS', '2024-01-19', '2024-12-31', 'UD. REJEKI RAMDAN MOTOR', 'E-PURCHASING', '2024'),
(50, 22, 'Pemeliharaan dan perawatan kendaraan roda 4, 6 dan Kendaraan Khusus Sumber PNBP Ditlantas Polda NTB TA. 2024', '491511000', '489464000', 'SP/05/I/LOG.4./2024/DITLANTAS', '2024-01-15', '2024-12-31', 'CV. CAHAYA DIPUTRA', 'E-PURCHASING', '2024'),
(51, 22, 'Pemeliharaan dan perawatan kendaraan roda 4 Sumber Rupiah Murni Ditlantas Polda NTB TA. 2024', '316500000', '253200000', 'SP/04/I/LOG.4./2024/DITLANTAS', '2024-01-15', '2024-12-31', 'CV. CAHAYA DIPUTRA', 'E-PURCHASING', '2024'),
(52, 22, 'Belanja Modal Peralatan dan Mesin Ditlantas Polda NTB T.A. 2024', '92,000,000', '88,000,000', 'SP/03/I/LOG.4./2024/DITLANTAS', '2024-01-04', '2024-02-03', 'CV. SOLUSI ARYA PRIMA', 'E-PURCHASING', '2024'),
(53, 23, 'Pemeliharaan dan perawatan peralatan fungsional Ditbinmas T.A. 2024', '23980000', '23980000', '0', '2024-01-01', '2024-12-31', 'PRIMA TEKNIK', 'Penujukan langsung', '2024'),
(54, 23, 'Pemeliharaan dan perawatan peralatan  perkantoran Ditbinmas T.A. 2024', '5586000', '5586000', '0', '2024-01-14', '2024-12-31', '0', 'Penujukan langsung', '2024'),
(55, 23, 'Pemeliharaan dan perawatan kendaraan dinas R2 Ditbinmas Polda NTB T.A. 2024', '12160000', '12160000', '0', '2024-01-01', '2024-12-31', 'KRISTAL MOTOR', 'Penujukan langsung', '2024'),
(56, 23, 'Pemeliharaan dan perawatan kendaraan dinas R4 Ditbinmas Polda NTB T.A. 2024', '140480000', '140480000', 'SPK/02/I/2024/Ditbinmas', '2024-01-01', '2024-12-31', 'PT. MATARAM SUMBER MAS', 'Penujukan langsung', '2024'),
(57, 23, 'Belanja Pergantian Barang Inventaris Lama Ditbinmas Polda NTB T.A. 2024', '16000000', '16000000', '0', '2024-01-01', '2024-12-31', '0', 'Penujukan langsung', '2024'),
(58, 23, 'Pengadaan Keperluan Perkantoran/ATK Ditbinmas Polda NTB T.A. 2024', '57400000', '57400000', 'SPK/01/I/2024/Ditbinmas', '2024-01-01', '2024-12-31', 'CV. REKAN JAYA ABADI', 'Penujukan langsung', '2024'),
(59, 27, 'ULP KOMPI 2 SUBDEN GGN', '84033600', '83740800', 'SPK/54/XII/2023', '2024-01-01', '2024-12-31', 'LKP BOGA MANDALIKA', 'Pengadaan Langsung', '2024'),
(60, 27, 'ULP KOMPI 4 YON A', '84033600', '83740800', 'SPK/55/XII/2023', '2024-01-01', '2024-12-31', 'CATERING PAK YONO', 'PENGADAAN LANGSUNG', '2024'),
(61, 27, 'ULP KOMPI 2 YON B', '168067200', '168055488', 'SPK/56/XII/2023', '2024-01-01', '2024-12-31', 'UD. SAYANG ANAK', 'PENGADAAN LANGSUNG', '2024'),
(62, 27, 'ULP KOMPI 3 YON C', '84033600', '83852064', 'SPK/57/XII/2023', '2024-01-01', '2024-12-31', 'WARUNG MANALAGI', 'PENGADAAN LANGSUNG', '2024'),
(63, 27, 'HAR RANMOR GEGANA', '178000000', '177999000', 'SPK/2/I/2024', '2024-01-03', '2024-12-31', 'CV MATARAM SUMBER EMAS', 'PENGADAAN LANGSUNG', '2024'),
(64, 27, 'ATK SATBRIMOB', '80030000', '78623500', 'SPK/1/I/2024', '2024-01-03', '2024-12-31', 'CV. MEDIA TEKNIK', 'PENGADAAN LANGSUNG', '2024'),
(65, 27, 'HAR GEDUNG Yon A', '64800000', '64689000', 'SPK/11/I/2024', '2024-01-08', '2024-05-22', 'CV. BIMA BERSINAR', 'PENGADAAN LANGSUNG', '2024'),
(66, 27, 'HAR GEDUNG YON B', '61600000', '61584000', 'SPK/6/I/2024', '2024-01-04', '2024-02-03', 'CV. HERLI', 'PENGADAAN LANGSUNG', '2024'),
(67, 27, 'HAR GEDUNG YON C', '50320000', '49937000', 'SPK/9/I/2024', '2024-01-08', '2024-02-07', 'CV. YAKUZA', 'PENGADAAN LANGSUNG', '2024'),
(68, 27, 'HAR GEDUNG SATBRIMOB', '210940425', '198373000', 'SPK/4/I/2024', '2024-01-04', '2024-12-31', 'CV. BERINGIN KARYA JAYA', 'PENGADAAN LANGSUNG', '2024'),
(69, 27, 'ULP MAKO SATBRIMOB', '254296800', '254121120', 'SP/46/XII/LOG.4./2023', '2024-01-01', '2024-12-31', 'UD. RIO WARUNG SARI', 'E-PURCHASING', '2024'),
(70, 27, 'ULP KOMPI 1 YON A', '210084000', '209718000', 'SP/47/XII/LOG.4./2023', '2024-01-01', '2024-12-31', 'CATERING PAK YONO', 'E-PURCHASING', '2024'),
(71, 27, 'ULP KOMPI 2 YON A', '210084000', '210084000', 'SP/48/XII/LOG.4./2023', '2024-01-01', '2024-12-31', 'WARUNG MAKAN KAK ECHA', 'E-PURCHASING', '2024'),
(72, 27, 'ULP KOMPI 3 YON A', '210084000', '210084000', 'SP/49/XII/LOG.4./2023', '2024-01-01', '2024-12-31', 'WARUNG BAKSO JOYO', 'E-PURCHASING', '2024'),
(73, 27, 'ULP KOMPI 1 YON B', '210084000', '210084000', 'SP/50/XII/LOG.4./2023', '2024-01-01', '2024-12-31', 'CV. VIDELIA', 'E-PURCHASING', '2024'),
(74, 27, 'ULP KOMPI 3 YON B', '210084000', '210084000', 'SP/51/XII/LOG.4./2023', '2024-01-01', '2024-12-31', 'UD. TANJUNG RASA', 'E-PURCHASING', '2024'),
(75, 27, 'ULP KOMPI 1 YON C', '210084000', '210084000', 'SP/52/XII/LOG.4./2023', '2024-01-01', '2024-12-31', 'UD. SORIGENDA', 'E-PURCHASING', '2024'),
(76, 27, 'ULP KOMPI 2 YON C', '210084000', '210084000', 'SP/53/XII/LOG.4./2023', '2024-01-01', '2024-12-31', 'UD. AHSAN', 'E-PURCHASING', '2024'),
(77, 27, 'HAR RANMOR YON B', '272000000', '199200000', 'SPK/13/II/2024', '2024-02-16', '2024-12-31', 'RAYA BENGKEL', 'PENGADAAN LANGSUNG', '2024'),
(78, 27, 'HAR RANMOR MAKOSAT', '350391000', '179381000', 'SPK/15/V/2024', '2024-05-03', '2024-12-31', 'LS. MOTOR', 'PENGADAAN LANGSUNG', '2024'),
(79, 27, 'HAR RANMOR YON A', '274000000', '153117000', 'SPK/17/V/2024', '2024-05-03', '2024-12-31', 'LS. MOTOR', 'PENGADAAN LANGSUNG', '2024'),
(80, 27, 'HAR RANMOR YON C', '348000000', '196617000', 'SPK/19/V/2024', '2024-05-03', '2024-12-31', 'BANDUNG SERVICE', 'PENGADAAN LANGSUNG', '2024'),
(81, 21, 'BMP RANMOR', '2252692000', '2252692000', 'SP/01/I/2024', '2024-01-01', '2024-12-31', 'PT PERTAMINA PATRA NIAGA', 'DIKECUALIKAN', '2024'),
(82, 21, 'ULP NON ORGANIK', '384738000', '384153600', 'SP/2/I/2024', '2024-01-01', '2024-12-31', 'UD VR FOOD AND SNACK', 'E PURCHASING', '2024'),
(83, 21, 'HARWAT R4/R6 DAN RANTIS', '1067000000', '1066000000', 'SP/3/I/2024', '2024-01-01', '2024-12-31', 'LS MOTOR', 'E PURCHASING', '2024'),
(84, 21, 'SANITASI SATWA ANJING DAN KUDA', '127368000', '127148400', 'SP/4/I/2024', '2024-01-01', '2024-12-31', 'Z.Z. PETCARE', 'PENGADAAN LANGSUNG', '2024'),
(85, 21, 'PAKAN SATWA ANJING DAN KUDA', '311832000', '311824000', 'SP/5/I/2024', '2024-01-01', '2024-12-31', 'Z.Z. PETCARE', 'E PURCHASING', '2024'),
(86, 21, 'ATK', '68400000', '68399000', 'SP/6/I/2024', '2024-01-01', '2024-12-31', 'ROSA KOMPUTER', 'E PURCHASING', '2024'),
(87, 21, 'HARWAT R2', '376000000', '376000000', 'SP/7/I/2024', '2024-01-02', '2024-12-31', 'UD RR MOTOR', 'E PURCHASING', '2024'),
(88, 24, 'BELANJA ULP NON ORGANIK', '96624000', '96624000', 'SP/01/I/LOG.4.21./2024', '2024-01-01', '2024-12-31', 'UD. VR FOOD AND SNACK', 'E PURCHASING', '2024'),
(89, 24, 'BELANJA ATK', '152510000', '152510000', 'SP/04/I/LOG.4.21./2025', '2024-01-01', '2024-12-31', 'CV. TRIWI', 'E PURCHASING', '2024'),
(90, 24, 'BELANJA HARWAT RANMOR R4 OPS', '187537000', '187537000', 'SP/03/I/LOG.4.21./2026', '2024-01-01', '2024-12-31', 'UD. WICOM UTAMA', 'E PURCHASING', '2024'),
(91, 24, 'BELANJA HARWAT RANMOR R4/R6 SUS', '285000000', '285000000', 'SP/02/I/LOG.4.21./2027', '2024-01-01', '2024-12-31', 'UD. UTAMA MOTOR', 'E PURCHASING', '2024'),
(92, 24, 'BELANJA BAHAN BAKAR MINYAK (BBM)', '1591715000', '1591715000', '1/I/2024/Ditpamobvit', '2024-01-02', '2024-12-31', 'PT. PERTAMINA PATRA NIAGA', 'PENUNJUKAN LANGSUNG', '2024'),
(93, 26, 'HARWAT KAPAL ', '1832910000', '1832000000', 'SP/06/IV/LOG.4./2024/Ditpolairud', '2024-04-19', '2024-12-31', 'CV. selecta jaya marine', 'CV. selecta jaya marine', '2024'),
(94, 32, 'ULP NON ORGANIK JAGA FUNGSI BIDPROPAM POLDA NTB TA 2024', '118950000', '118950000', 'SP/2/XII/LOG.4./2023/Bidpropam', '2024-01-01', '2024-12-31', 'CATERING PAK YONO', 'E-KATALOG', '2024'),
(95, 32, 'PENGADAAN PERLENGKAPAN PERKANTORAN BIDPROPAM POLDA NTB TA 2024', '80730000', '80575220', 'SP/02/I/LOG.4./2024/Bidpropam', '2024-01-02', '2024-12-31', 'ROSA KOMPUTER', 'E-KATALOG', '2024'),
(96, 32, 'PEMELIHARAAN KENDARAAN BERMOTOR R4/R6/R10 BIDPROPAM POLDA NTB TA 2024', '160350000', '160050000', 'SP/03/I/LOG.4./2024/Bidpropam', '2024-01-02', '2024-12-31', 'CV CAHAYADIPUTRA', 'E-KATALOG', '2024'),
(97, 34, 'PENGADAAN MAKAN DAN SNACK WARTAWAN PRESS RELEASE BIDHUMAS POLDA NTB TA 2024', 'Rp. 153.900.000', 'Rp. 153.900.000', 'SPK/9/XII  /LOG.4./2023', '2024-01-31', '2024-12-31', 'UD. VR FOOD AND SNACK', 'PENGADAAN LANGSUNG', '2024'),
(98, 34, 'PENGADAAN CETAK MAJALAH TRIBRATA NEWS POLDA NTB', 'Rp. 138.000.000', 'Rp. 138.000.000', 'SPK/19/I  /LOG.4./2024', '2024-01-19', '2024-12-31', 'UD. SINAR JAYA', 'PENGADAAN LANGSUNG', '2024'),
(99, 33, 'PEMELIHARAAN RANMOR BIDKUM POLDA NTB TA 2024', 'Rp. 99.000.000', 'Rp. 99.000.000', 'SPK/1/I/LOG.4/2024', '2024-01-12', '2024-12-31', 'CV. CAHAYA DIPUTRA', 'E- KATALOG', '2024'),
(100, 36, 'Pengadaan Sewa Jaringan Telekomunikasi (Jastel) TA. 2024', '2433570000', '2433570000', 'SP/3/I/LOG.4./2024/BID TIK ', '2024-01-12', '2024-12-31', 'PT. TELKOM INDONESIA', 'E-purchasing', '2024'),
(101, 36, 'Pengadaan Harwat Tower dan Peralatan Pendukung Jarkomrad TA. 2024', '367500000', '366100000', 'SP/44/V/LOG.4./2024/BID TIK ', '2024-05-02', '2024-12-31', 'PT. LIMA BRAVO', 'E PURCHASING', '2024'),
(102, 36, 'Pengadaan Harwat Jaringan Komunikasi (Jarkom) TA 2024', '198000000', '195900000', 'SPK/24/II/LOG.4./2024/BID TIK ', '2024-02-19', '2024-12-31', 'CV. BAYU SEJATI', 'Pengadaan Langsung', '2024'),
(103, 36, 'Pengadaan Pemeliharaan dan Perawaran Ranmor R4 dan R4 Double Gardan TA. 2024', '316000000', '315800000', 'SP/33/III/LOG.4.1./2024/BID TIK', '2024-03-18', '2024-12-31', 'CV. LGHT AUTO', 'E PURCHASING', '2024'),
(104, 36, 'Pengadaan Kebutuhan Kantor (ATK) TA. 2024', '78940000', '78940000', 'SPK/22/II/LOG.4./2024/BID TIK', '2024-01-07', '2024-12-31', 'CV. REKAN JAYA ABADI', 'E PURCHASING', '2024'),
(105, 36, 'Pengadaan Pemeliharaan dan Perawatan Genset TA. 2024', '15442000', '15442000', 'SPK/20/I/LOG.4./2024/BID TIK', '2024-01-06', '2024-12-31', 'CV. JALUR INTI MAS', 'E PURCHASING', '2024'),
(106, 35, 'pemeriksaan kesehatan berkala personel Polri/ASN Polri Polda NTB TA 2024', '3664457000', '3447180000', 'SP/08/II/LOG.4.  /2024/Biddokkes', '2024-02-26', '2024-11-30', 'PT. MITRA HUSADA ARTHAJAYA', 'E Katalog', '2024'),
(107, 35, 'ULP Non Organik jaga fungsi mako Biddokkes Polda NTB TA 2024', '48678000', '48678000', 'SP/01/I/LOG.4.21.  /2024/Biddokkes', '2024-01-01', '2024-12-31', 'VR FOOD AND SNACK', 'E Katalog', '2024'),
(108, 35, 'pembelian barang Kit Narkoba dan Alkes habis pakai Biddokkes Polda NTB TA 2024', '58000000', '58000000', 'SP/08/I/LOG.4.  /2024/Biddokkes', '2024-01-29', '2024-02-29', 'PT. ALFARABI NUSA MANDALA', 'E Katalog', '2024'),
(109, 35, 'pembelian barang perlengkapan perkantoran (atk) Bddokkes Polda NTB T.A. 2024', '85997000', '85269750', 'SP/02/I/LOG.4.  /2024/Biddokkes', '2024-01-01', '2024-12-31', 'ROSA COMPUTER', 'E Katalog', '2024'),
(110, 35, 'pembelian barang obat habis pakai FKTP Polda dan Polres jajaran Polda NTB TA 2024', '1267808000', '396066263', 'SP/04/I/LOG.4  ./2024/Biddokkes', '2024-01-12', '2024-05-31', 'PT WAHANA RIZKY GUMILANG', 'E Katalog', '2024'),
(111, 35, 'pembelian barang obat habis pakai FKTP Polda dan Polres jajaran Polda NTB TA 2024', '871741737', '40568309', 'SP/03/I/LOG.4.  /2024/Biddokkes', '2024-01-12', '2024-05-31', 'PT. UNITED DICO CITAS CABANG BALI', 'E Katalog', '2024'),
(112, 35, 'pembelian barang obat habis pakai FKTP Polda dan Polres jajaran Polda NTB TA 2024', '831173428', '215293683', 'SP/05/I/LOG.4.  /2024/Biddokkes', '2024-01-17', '2024-05-31', 'PT. BANYUWANGI PHARMA UTAMA', 'E Katalog', '2024'),
(113, 35, 'Renovasi gedung Poliklinik Polres Dompu Polda NTB TA 2024', '130773000', '130727800', 'SPK/11/II/LOG.4.  /2024/Biddokkes', '2024-02-28', '2024-03-26', 'CV OQKI PUTRA', 'Pengadaan Langsung', '2024'),
(114, 35, 'Jasa Konsultan perencanaan pembangunan Poliklinik Polres Bima TA 2024', '30690000', '30690000', 'SPK/20/V/LOG.4.  /2024/Biddokkes', '2024-05-17', '2024-06-16', 'PT HAN POLLARIS KONSULTAN', 'Pengadaan Langsung', '2024'),
(115, 35, 'Pekerjaan Konstruksi Pembangunan Poliklinik Polres Bima anggaran PNBP TA 2024', '448241000', '409830287', 'SP/26/VIII/LOG.4.  /2024/Biddokkes', '2024-08-05', '2024-11-12', 'CV. LESTARI KARYA UTAMA', 'Tender', '2024'),
(116, 35, 'Jasa Konsultan pengawasan pembangunan Poliklinik Polres Bima TA 2024', '20551650', '20551650', 'SPK/27/VIII/LOG.4.  /2024/Biddokkes', '2024-08-07', '2024-11-14', 'CV.DED CONSULTAN', 'Pengadaan Langsung', '2024'),
(117, 37, 'Harwat Kendaraan Bermotor Roda 4/6 Bidang Keuangan TA. 2024', '108492000', '108492000', 'SP/04/II/LOG.4.13./2024/Bidkeu', '2024-02-02', '2024-12-31', 'UD. Wicom Utama', 'Epurchasing', '2024'),
(118, 40, 'Pengadaan jasa catering diktukba polri gel. 1 ', '1794662000', '1793243640', 'SP/4/I/2024/SPN', '2024-02-11', '2024-07-11', 'CV. ARSAKA', 'TENDER', '2024'),
(119, 40, 'Pengadaan jasa catering diktukba polri gel. 2', '4821253000', '4817442660', 'SP/5/I/2024/SPN', '2024-07-20', '2024-12-18', 'CV. ARSAKA', 'TENDER', '2024'),
(120, 40, 'Pengadaan jasa catering diklat fungsi tehnis polri', '227250000', '226822500', 'SP/3/I/2024/SPN', '2024-01-15', '2024-07-20', 'UD. ANITA', 'TENDER', '2024'),
(121, 40, 'Pengadaan jasa catering dikbangspes polri', '333300000', '332673000', 'SP/2/I/2024/SPN', '2024-01-07', '2024-01-29', 'UD. ANITA', 'TENDER', '2024'),
(122, 40, 'Pengadaan pemeliharaan dan perawatan ranmor dinas R4 dan R6 ', '432440000', '432440000', 'SP/1/8/LOG.1.6./2024/SPN', '2024-01-29', '2024-12-31', 'UD. ADITYA MOTOR', 'E-CATALOG', '2024'),
(123, 40, 'Harwat Halaman, Taman/Pekarangan, Pagar dan Lainnya', '849670000', '832087600', 'SPPB/10/IV/2024/SPN', '2024-04-24', '2024-11-29', 'CV. POETRA JASA', 'TENDER', '2024'),
(124, 40, 'Harwat Gedung', '1150000000', '1126744000', 'SPPB/11/V/2024/SPN', '2024-05-20', '2024-08-17', 'CV. PANJI KUSUMA', 'TENDER', '2024'),
(125, 38, 'Ulp Non Organik', '166530000', '166530000', 'SPK/110/XII/LOG.4.21/2023/Yanma', '2024-01-01', '2024-12-31', 'UD.VR FOOD AND SNACK', 'Penunjukan langsung', '2024'),
(126, 42, 'PENGADAAN KONSTRUKSI PEMBANGUNAN GEDUNG LANTAI 2 ANGGARAN BLU RUMKIT TA. 2024', '2383800000', '2246695500', 'SP/ 709 /VIII/LOG.4./2024/  Rumkit  dan  Tanggal 9 Agustus 2024', '2024-08-09', '2024-12-06', 'PT. DUTA UTAMA ABADINUSRA', 'TENDER', '2024'),
(127, 42, 'PENGADAAN BARANG ALKES ESU ATAU TURP BIPOLAR E KATALOG BULAN MEI 2024', '0', '250500000', 'SP/352/V/LOG.4/2024 DAN 13/05/2024', '2024-05-13', '2024-06-15', '0', '0', '2024'),
(128, 42, 'PENGADAAN BARANG BELANJA BAHAN MAKANAN PASIEN RUMKIT BHAYANGKARA MATARAM ANGGARAN BLU TA. 2024', '0', '995991000', 'SP/58/I/LOG.4./2024/RUMKIT', '2024-01-15', '2024-12-31', '0', '0', '2024'),
(129, 42, 'PENGADAAN BARANG ALKES Gerlink Patient Monitor -  01 - Varian 2 E KATALOG ANGGARAN BLU TA. 2024', '0', '44,900,000.00', 'SP/351/V/LOG.4/2024', '2024-05-13', '2024-08-06', '0', '0', '2024'),
(130, 42, 'PENGADAAN BARANG ALKES KORSI  RODA /WHEEL CHAIR BKR-202E KATALOG ANGGARAN BLU TA. 2024', '0', '10730000', 'SP/351/V/LOG.4/2024', '2024-05-14', '2024-06-28', '0', '0', '2024'),
(131, 42, 'PENGADAAN BARANG ALKES EKG 3 CHANNEL/Electrocardiograp  h CSN - 1203B E KATALOG ANGGARAN BLU TA. 2024', '0', '48,951,000.00', 'SP/389/V/LOG.4/2024', '2024-05-16', '2024-06-14', '0', '0', '2024'),
(132, 42, 'PENGADAAN BARANG ALKES TENSIMETER DESK DIGITAL SPHYMOMANOMETER RUMKIT BHAYANGKARA MATARAM ANGGARAN BLU TA. 2024', '0', '13,950,000.00', 'SP/358/V/LOG.4/2024', '2024-05-14', '2024-06-14', '0', '0', '2024'),
(133, 42, 'ENGADAAN BARANG ALKES TENS portabel TROLLEY RUMKIT BHAYANGKARA MATARAM ANGGARAN BLU TA. 2024', '0', '8,300,000.00', 'SP/349/V/LOG.4/2024', '2024-05-13', '2024-06-17', '0', '0', '2024'),
(134, 42, 'PENGADAAN BARANG ALKES AUTOCLAVE RUMKIT BHAYANGKARA MATARAM ANGGARAN BLU TA. 2024', '0', '179,000,000.00', 'SP/379/V/LOG.4/2024', '2024-05-16', '2024-08-10', '0', '0', '2024'),
(135, 42, 'PENGADAAN BARANG ALKES BRANCARD RUMKIT BHAYANGKARA MATARAM ANGGARAN BLU TA. 2024', '0', '1583500000', 'SP/357/V/LOG.4/2024', '2024-05-14', '2024-08-02', '0', '0', '2024'),
(136, 42, 'PENGADAAN BARANG ALKES EMERGENCY BED (TRANSFERRING PATIENT) RUMKIT BHAYANGKARA MATARAM ANGGARAN BLU TA. 2024', '0', '75,836,440.00', 'SP/348/V/LOG.4/2024', '2024-05-13', '2024-06-17', '0', '0', '2024'),
(137, 42, 'PENGADAAN BARANG ALKES USG PORTABLE RUMKIT BHAYANGKARA MATARAM ANGGARAN BLU TA. 2024', '0', '175,200,000.00', 'SP/356/V/LOG.4/2024', '2024-05-14', '2024-08-05', '0', '0', '2024'),
(138, 42, 'PENGADAAN BARANG ALKES DVI KIT RUMKIT BHAYANGKARA MATARAM ANGGARAN BLU TA. 2024', '0', '17,115,000', 'SP/51/I/LOG.4./2024/Rumkit tanggal 22 Januari 2024', '2024-01-22', '2024-01-30', '0', '0', '2024'),
(139, 42, 'PENGADAAN 2 UNIT AC R. RANAP TERATAI 2 DAN RADIOLOGI', '0', '9,954,169', 'B24-206/IVC/AR2000/24', '2024-07-01', '2024-12-31', '0', '0', '2024'),
(140, 42, 'PENGADAAN 4 UNIT TELEVISI R. RANAP CEMPAKA', '0', '7,596,000', 'SN2252404000347', '2024-04-26', '2024-12-31', '0', '0', '2024'),
(141, 42, 'PENGADAAN 5 UNIT KOMPUTER', '0', '56,250,000', 'BA-PHP/271/III/2024/RUMKIT', '2024-03-04', '2024-12-31', '0', '0', '2024'),
(142, 42, 'PENGADAAN 4 UNIT PRINTER', '0', '13,200,000', 'BA-PHP/226/I/2024/RUMKIT', '2024-01-25', '2024-12-31', '0', '0', '2024'),
(143, 42, 'PENGADAAN 1 UNIT KULKAS', '0', '4,995,000', 'B24-205/IVC/AR2000/24', '2024-07-10', '2024-12-31', '0', '0', '2024'),
(144, 42, 'PENGADAAN 2 UNIT CCTV R. KASIR', '0', '3,800,000', '0', '2024-01-01', '2024-12-31', '0', '0', '2024'),
(145, 42, 'PENGADAAN 4 UNIT SOFA', '0', '26,400,000', '0', '2024-01-31', '2024-12-31', '0', '0', '2024'),
(146, 42, 'PENGADAAN 1 UNIT MESIN CUCI PIRING', '0', '6,369,020', 'MT00272259', '2024-05-31', '2024-12-31', '0', '0', '2024'),
(147, 42, 'JASA KONSULTAN PERENCANA PEKERJAAN PEMBANGUNAN LANTAI II GEDUNG ANGGARAN BLU RUMKIT BHAYANGKARA MATARAM TA. 2024', '0', '98,124,000', 'SPK/2376/V/LOG.4./2024', '2024-05-17', '2024-06-15', '0', '0', '2024'),
(148, 42, 'JASA KONSULTAN PENGAWASAN PEMBANGUNAN GEDUNG LANTAI II RUMKIT BHAYANGKARA MATARAM ANGGARAN BLU TA. 2024', '0', '86,901,900.00', 'SPK/707/VIII/LO4./2024/Rumkit', '2024-08-08', '2024-12-06', '0', '0', '2024'),
(149, 42, 'PENGADAAN BARANG BELANJA OBAT-OBATAN E KATALOG Daftar Produk PAKET OPA-P2401-8431561 ANGGARAN BLU TRUMKIT BHAYANGKARA MATARAM. 2024 : ', '0', '52618120', 'SP/46/I/LOG.4./2024', '2024-01-29', '2024-02-16', '0', '0', '2024'),
(150, 42, 'PENGADAAN BARANG BELANJA OBAT-OBATAN E KATALOG Daftar Produk PAKET ONJ-P2401-8432378 ANGGARAN BLU TRUMKIT BHAYANGKARA MATARAM. 2024', '0', '721500', 'SP/45/I/LOG.4./2024', '2024-01-29', '2024-02-17', '0', '0', '2024'),
(151, 42, 'c. PENGADAAN BARANG BELANJA OBAT-OBATAN E KATALOG Daftar Produk PAKET ONJ-P2401-8432378 ANGGARAN BLU TRUMKIT BHAYANGKARA MATARAM. 2024', '0', '75776500', 'SP/54/I/LOG.4./2024', '2024-01-31', '2024-02-06', '0', '0', '2024'),
(152, 42, 'PENGADAAN BARANG BELANJA ALKES HABIS PAKAI E KATALOG Daftar Produk PAKET AK1-P2401-8457199 ANGGARAN BLU TRUMKIT BHAYANGKARA MATARAM. 2024', '0', '53690000', 'SP/52/I/LOG.4./2024', '2024-01-02', '2024-02-06', '0', '0', '2024'),
(153, 42, 'e. PENGADAAN BARANG BELANJA ALKES HABIS PAKAI E KATALOG Daftar Produk PAKET AK1-P2401-8457199 ANGGARAN BLU TRUMKIT BHAYANGKARA MATARAM. 2024', '0', '16325000', 'SP/53/I/LOG.4./2024', '2024-01-02', '2024-02-06', '0', '0', '2024'),
(154, 42, 'f. PENGADAAN BARANG BELANJA OBAT-OBATAN E KATALOG Daftar Produk PAKET ONJ-P2401-8458881 ANGGARAN BLU TRUMKIT BHAYANGKARA MATARAM. 2024', '0', '71939180', 'SP/50/I/LOG.4./2024', '2024-01-31', '2024-02-28', '0', '0', '2024'),
(155, 42, 'g. PENGADAAN BARANG BELANJA OBAT-OBATAN E KATALOG Daftar Produk PAKET OPA-P2401-8458847 ANGGARAN BLU TRUMKIT BHAYANGKARA MATARAM. 2024', '0', '27686793,3', 'SP/51/I/LOG.4./2024', '2024-01-31', '2024-02-28', '0', '0', '2024'),
(156, 42, 'h. PENGADAAN BARANG BELANJA OBAT-OBATAN E KATALOG Daftar Produk PAKET OPA-P2401-8463891 ANGGARAN BLU TRUMKIT BHAYANGKARA MATARAM. 2024', '0', '185868600', 'SP/55/I/LOG.4./2024', '2024-01-31', '2024-02-05', '0', '0', '2024'),
(157, 42, 'i. PENGADAAN BARANG BELANJA OBAT-OBATAN E KATALOG Daftar Produk PAKET OPA-P2401-8463891 ANGGARAN BLU TRUMKIT BHAYANGKARA MATARAM. 2024', '0', '185868600', 'SP/55/I/LOG.4./2024', '2024-01-31', '2024-02-14', '0', '0', '2024'),
(158, 42, 'j. PENGADAAN BARANG KEPERLUAN PERKANTORAN Daftar Produk PAKET SA9-P2402-8473205 RUMKIT BHAYANGKARA MATARAM ANGGARAN RUPIAH MURNI TA. 2024', '0', '62370960', 'SP/97/I/LOG.4./2024/RUMKIT', '2024-01-15', '2024-12-31', '0', '0', '2024'),
(159, 42, 'k. PENGADAAN BARANG BELANJA OBAT-OBATAN E KATALOG Daftar Produk PAKET OPA-P2402-8474910 ANGGARAN BLU TRUMKIT BHAYANGKARA MATARAM. 2024', '0', '149178360', 'SP/91/II/LOG.4./2024', '2024-02-05', '2024-02-26', '0', '0', '2024'),
(160, 42, 'l. PENGADAAN BARANG BELANJA OBAT-OBATAN E KATALOG Daftar Produk PAKET OPA-P2402-8484064 ANGGARAN BLU TRUMKIT BHAYANGKARA MATARAM. 2024', '0', '15502040', 'SP/148/III/LOG.4/2024', '2024-02-29', '2024-05-05', '0', '0', '2024'),
(161, 42, 'm. PENGADAAN BARANG BELANJA OBAT-OBATAN E KATALOG Daftar Produk PAKET OPA-P2402-8512294 ANGGARAN BLU TRUMKIT BHAYANGKARA MATARAM. 2024', '0', '29480000', 'SP/103/II/LOG.4./2024', '2024-02-19', '2024-02-26', '0', '0', '2024'),
(162, 42, 'n. PENGADAAN BARANG BELANJA OBAT-OBATAN E KATALOG Daftar Produk PAKET OPA-P2402-8513520 ANGGARAN BLU TRUMKIT BHAYANGKARA MATARAM. 2024', '0', '28597800', 'SP/147/II/LOG.4/2024', '2024-02-26', '2024-03-29', '0', '0', '2024'),
(163, 39, 'Pengadaan Atk Satker Spripim T.A. 2024', '80560000', '80560000', 'SP/05/I/LOG.4.1.3./2024/Spripim', '2024-01-29', '2024-12-31', 'Ud. Fajar Indah', 'E- KATALOG', '2024'),
(164, 39, 'Pengadaan Cetak Dan Jilid Laporan Dan Paparan Ka/Waka', '200000000', '200000000', 'SP/06/I/LOG.4.1.3./2024/Spripim', '2024-01-02', '2024-04-30', 'Cv. Permata Media Jaya', 'E- KATALOG', '2024'),
(165, 39, 'Pengadaan Makan, Snack Dan Drink Untuk Kegiatan Tatap Muka Kapolda Ntb Dengan Toga, Toma Dll T.A. 2024', '152250000', '152250000', 'SP/07/II/LOG.4.1.3./2024/Spripim', '2024-02-05', '2024-04-30', 'Dapur Ibu Ayang', 'E- KATALOG', '2024'),
(166, 39, 'Pengadaan Makan, Snack Dan Drink Untuk Kegiatan Rapat T.A. 2024', '178176000', '178176000', 'SP/08/I/LOG.4.1.3./2024/Spripim', '2024-01-22', '2024-04-30', 'Dapur Ibu Ayang', 'E- KATALOG', '2024'),
(167, 39, 'Pengadaan Makan, Snack Dan Drink Untuk Kegiatan Rapat Koordinasi Dengan Instansi Terkait T.A. 2024', '149730000', '149730000', 'SP/09/II/LOG.4.1.3./2024/Spripim', '2024-02-06', '2024-04-30', 'Ud. Vr Food And Snack', 'E- KATALOG', '2024'),
(168, 39, 'Pengadaan Makan Untuk Kegiatan Penerimaan Kunjungan Tamu Nasional/Internasional T.A. 2024', '155800000', '155800000', 'SP/10/II/LOG.4.1.3./2024/Spripim', '2024-02-07', '2024-04-30', 'Cv. Hatta Akbar', 'E-KATALOG', '2024'),
(169, 39, 'PEMELIHARAAN KENDARAAN BERMOTOR RODA 4/6 SPRIPIM POLDA NTB TA. 2024', '416,180,000', '416,180,000', 'SP/01/I/LOG.4.1.3./2024/Spripim', '2024-01-11', '2024-12-31', 'UTAMA MOTOR', 'E- KATALOG', '2024'),
(170, 39, 'Pembinaan Jasmani (Extrapuding) Pengadaan Snack Dan Drink', '680680000', '680680000', 'SP/02/I/LOG.4.1.3./2024/Spripim', '2024-01-11', '2024-04-30', 'Cv. Hatta Akbar', 'E Katalog', '2024'),
(171, 39, 'Pengadaan Makan, Snack Dan Drink Untuk Kegiatan Penguatan Sinergitas Dan Soliditas Antar Polda Ntb, Tni Dan Instansi Lainnya T.A. 2024', '232000000', '232000000', 'SP/03/I/LOG.4.1.3./2024/Spripim', '2024-01-18', '2024-04-30', 'Ud. Vr Food And Snack', 'E- KATALOG', '2024'),
(172, 39, 'Pengadaan Makan, Snack Dan Drink Untuk Kegiatan Pembinaan Anggota Dalam Rangka Perubahan Mind Set Dan Culture Set T.A. 2024', '232000000', '232000000', 'SP/04/I/LOG.4.1.3./2024/Spripim', '2024-01-18', '2024-04-30', 'Ud. Vr Food And Snack', 'E Katalog', '2024'),
(173, 44, 'ULP Non Organik Polres', '613050000', '613050000', 'SP/060/XII/ 2023/Resta.Mtr', '2024-12-23', '2024-12-31', 'Catering Pak Yono', 'E-KATALOG', '2024'),
(174, 44, 'Konsumsi Tahanan', '840000000', '810000000', 'SP/061/XII/ 2023/Resta.Mtr', '2024-12-23', '2024-12-31', 'UD. Sasak Narmada', 'E- KATALOG', '2024'),
(175, 44, 'Pemeliharaan Gedung Kantor Polres', '326710000', '325590100', 'SP/07/II/2024/Resta.Mtr', '2024-02-17', '2024-12-31', 'CV. Kalembo Ade Mautama', 'E Katalog', '2024'),
(176, 44, 'Pemeliharaan Kendaraan Bermotor Roda 2 Polres', '225000000', '225000000', 'SP/03/I/2024/Resta.Mtr', '2024-01-30', '2024-12-31', 'Crystal Motor', 'E-KATALOG', '2024'),
(177, 44, 'Pemeliharaan Kendaraan Bermotor Roda 4,6 dan 10 Polres', '1014000000', '955450000', 'SP/05/II/2024/Resta.Mtr', '2024-02-17', '2024-12-31', 'CV. Cahayadiputra', 'E-KATALOG', '2024'),
(178, 44, 'Perawatan Tahanan', '280000000', '280000000', 'SP/08/IV/2024/Resta.Mtr', '2024-04-03', '2024-12-31', 'UD. Manik Kembang', 'E- KATALOG', '2024'),
(179, 44, 'Pemeliharaan Taman, Pekarangan / Pagar Polres', '80000000', '80000000', 'SPMK/026/ III/2024', '2024-04-01', '2024-12-31', 'Tri Color Garden', 'E Katalog', '2024'),
(180, 44, 'Perawatan Alsus Polres (sabhara)', '61320000', '36720000', '0', '2024-01-01', '2024-12-31', '0', '0', '2024'),
(181, 44, 'Perawatan Alsus Polres (ac)', '61320000', '24600000', 'SPK/10/IV/2024/Resta.Mtr', '2024-04-30', '2024-12-31', 'UD. Mulia AC', 'Pegadaan Langsung', '2024'),
(182, 44, 'Perawatan Alat Komunikasi Polres', '159750000', '159750000', 'SPK/025/ III/2024', '2024-03-27', '2024-12-31', 'CV. Rembun Elektronik', 'E- KATALOG', '2024'),
(183, 44, 'Perawatan Komputer Polres', '90350000', '90350000', 'SP/09/IV/2024/Resta.Mtr', '2024-04-03', '2024-12-31', 'CV. Mitarizky', 'E Katalog', '2024'),
(184, 44, 'Pemeliharaan Kendaraan Bermotor Roda 2 Sat. Lantas', '37500000', '37500000', 'SP/01/I// LOG.6.10.1./2024', '2024-01-01', '2024-12-31', 'Crystal Motor', 'Pegadaan Langsung', '2024'),
(185, 44, 'Pemeliharaan Kendaraan Bermotor Roda 4 Sat. Lantas', '66000000', '66000000', 'SPK/01/I// LOG.6.10.1./2024', '2024-01-01', '2024-12-31', 'Utama Motor', 'Pegadaan Langsung', '2024'),
(186, 44, 'ULP Non Organik Polsek', '381565000', '381565000', 'SP/02/I/2024/Resta.Mtr', '2024-01-30', '2024-12-31', 'RM dan Catering Arista', 'E- KATALOG', '2024'),
(187, 44, 'ULP Non Organik Polsek', '224450000', '224450000', 'SP/01/I/2024/Resta.Mtr', '2024-01-30', '2024-12-31', 'UD. Karunia', 'E Katalog', '2024'),
(188, 44, 'Pemeliharaan Kendaraan Bermotor Roda 2 Polsek', '336000000', '336000000', 'SP/04/I/2024/Resta.Mtr', '2024-01-30', '2024-12-31', 'Crystal Motor', 'E-KATALOG', '2024'),
(189, 44, 'Pemeliharaan Kendaraan Bermotor Roda 4 Polsek', '336000000', '336000000', 'SP/06/II/2024/Resta.Mtr', '2024-02-17', '2024-12-31', 'Utama Motor', 'E-KATALOG', '2024'),
(190, 45, 'ULP NON ORGANIK SAT POLAIR POLRES LOBAR TA. 2024', '170373000', '170373000', 'SP/03/I/2024', '2024-01-01', '2024-12-31', 'UD. KANTIN DIAN', 'E-PURCHASING', '2024'),
(191, 45, 'ULP NON ORGANIK POLRES LOBAR TA. 2024', '486780000', '483120000', 'SP/06/I/2024', '2024-01-01', '2024-12-31', 'CATERING PAK YONO', 'E-PURCHASING', '2024'),
(192, 45, 'MAKAN TAHANAN POLRES LOBAR TA. 2024', '496910000', '491538000', 'SP/07/I/2024', '2024-01-01', '2024-12-31', 'CATERING PAK YONO', 'E PURCHASING', '2024'),
(193, 45, 'BEKAL KESEHATAN OPS MANTAP BRATA TAHAP KAMPANYE POLRES LOBAR T.A. 2024', '84177000', '57447000', 'SP/10/I/2024', '2024-01-11', '2024-01-13', 'CV. DIAN PERSADA', 'E-PURCHASING', '2024'),
(194, 45, 'PEMELIHARAAN KENDARAAN RODA 4, 6, AWC POLRES LOBAR TA. 2024', '941000000', '941000000', 'SP/13/I/2024', '2024-01-19', '2024-12-31', 'KAROSERI RIPER BODY', 'E-PURCHASING', '2024'),
(195, 45, 'ULP NON ORGANIK POLSEK BATULAYAR TA. 2024', '194712000', '194712000', 'SP/14/I/2024', '2024-01-01', '2024-12-31', 'UD. KANTIN DIAN', 'E-PURCHASING', '2024'),
(196, 45, 'ULP NON ORGANIK POLSEK GERUNG TA. 2024', '170373000', '170373000', 'SP/15/I/2024', '2024-01-01', '2024-12-31', 'UD. KANTIN DIAN', 'E-PURCHASING', '2024'),
(197, 45, 'ULP NON ORGANIK POLSEK KEDIRI TA. 2024', '170373000', '170373000', 'SP/16/I/2024', '2024-01-01', '2024-12-31', 'UD. KANTIN DIAN', 'E-PURCHASING', '2024'),
(198, 45, 'ULP NON ORGANIK POLSEK SEKOTONG TA. 2024', '170373000', '170373000', 'SP/17/I/2024', '2024-01-01', '2024-12-31', 'UD. KANTIN DIAN', 'E PURCHASING', '2024'),
(199, 45, 'ULP NON ORGANIK POLSEK KAWASAN PELABUHAN LEMBAR TA. 2024', '146034000', '146034000', 'SP/18/I/2024', '2024-01-01', '2024-12-31', 'UD. KANTIN DIAN', 'E-PURCHASING', '2024'),
(200, 45, 'ULP NON ORGANIK POLSEK LABUAPI TA. 2024', '146034000', '146034000', 'SP/19/I/2024', '2024-01-01', '2024-12-31', 'UD. KANTIN DIAN', 'E PURCHASING', '2024'),
(201, 45, 'ULP NON ORGANIK POLSEK LEMBAR TA. 2024', '146034000', '146034000', 'SP/20/I/2024', '2024-01-01', '2024-12-31', 'UD. KANTIN DIAN', 'E-PURCHASING', '2024'),
(202, 45, 'ULP NON ORGANIK POLSEK KURIPAN TA. 2024', '121695000', '121695000', 'SP/21/I/2024', '2024-01-01', '2024-12-31', 'UD. KANTIN DIAN', 'E-PURCHASING', '2024'),
(203, 45, 'PEMELIHARAAN KENDARAAN RODA 4 SAT LANTAS POLRES LOBAR SUMBER PNBP TA. 2024', '259600000', '259600000', 'SP/34/II/2024', '2024-02-22', '2024-12-31', 'KAROSERI RIPER BODY', 'E-PURCHASING', '2024'),
(204, 44, 'LAPTOP POLRES LOBAR T.A. 2024', '60000000', '60000000', 'SP/25/I/2024', '2024-01-24', '2024-02-28', 'CV. SOLUSI ARYA PRIMA', 'E-PURCHASING', '2024'),
(205, 45, 'PEMELIHARAAN GEDUNG KANTOR POLRES LOBAR TA. 2024', '101750000', '101750000', 'SPK/08/I/LOG.6.1.5./2024', '2024-01-06', '2024-12-31', 'CV. YUSRAN GUNA MANDIRI', 'PENGADAAN LANGSUNG', '2024'),
(206, 45, 'PEMELIHARAAN HALAMAN TAMAN/PEKARANGAN PAGAR POLRES LOBAR TA. 2024', '58250000', '58250000', 'SPK/09/I/LOG.6.1.5./2024', '2024-01-06', '2024-12-31', 'CV. YUSRAN GUNA MANDIRI', 'PENGADAAN LANGSUNG', '2024'),
(207, 45, 'PEMELIHARAAN KENDARAAN BERMOTOR RODA 2 POLRES LOBAR SUMBER RM TA. 2024', '78300000', '78300000', 'SPK/11/I/2024', '2024-01-15', '2024-12-31', 'HARI JAYA', 'PENGADAAN LANGSUNG', '2024'),
(208, 45, 'PEMELIHARAAN ALAT KOMUNIKASI POLRES LOBAR T.A. 2024', '94040000', '94040000', 'SPK/12/I/2024', '2024-01-15', '2024-12-31', 'CV. REMBUN ELEKTRONIK', 'PENGADAAN LANGSUNG', '2024'),
(209, 45, 'PEMELIHARAAN KAPAL PATROLI & RUBBER BOAT POLRES LOBAR TA. 2024', '169500000', '169500000', 'SPK/22/I/2024', '2024-01-01', '2024-12-31', 'PT. MUSTIKA EMPAT LIMA', 'PENGADAAN LANGSUNG', '2024'),
(210, 45, 'PERAWATAN TAHANAN POLRES LOBAR TA. 2024', '174590000', '174590000', 'SP/23/I/2024', '2024-01-01', '2024-12-31', 'TOKO AYU', 'PENGADAAN LANGSUNG', '2024'),
(211, 47, 'MAKAN TAHANAN', 'Rp 545,676,000', 'Rp 542,726,400', 'SP/269/XII/LOG.4./2023', '2024-01-01', '2024-12-31', 'UD. SRI', 'E-PURCHASING', '2024'),
(212, 47, 'ULP NON ORGANIK', 'Rp 784,704,000', 'Rp 784,704,000', 'SP/268/XII/LOG.4./2023', '2024-01-01', '2024-12-31', 'UD. TALIMS JAYA', 'E-PURCHASING', '2024'),
(213, 47, 'HARWAT R4, R6 DAN AWC', 'Rp 939,501,000', 'Rp 776,438,000', 'SP/08/IV/LOG.4.21./2024', '2024-04-06', '2024-12-31', 'KAROSERY RIPER BODY', 'E-PURCHASING', '2024'),
(214, 47, 'ULP NON ORGANIK POLSEK KOPANG', 'Rp 98,088,000', 'Rp 98,088,000', 'SPK/280/XII/LOG.4.14.1./2023', '2024-01-01', '2024-12-31', 'RM. WARUNG PENOKOLAN', 'PENGADAAN LANGSUNG', '2024'),
(215, 47, 'ULP NON ORGANIK POLSEK PRAYA BARAT', 'Rp 98,088,000', 'Rp 98,088,000', 'SPK/283/XII/LOG.4.14.1./2023', '2024-01-01', '2024-12-31', 'RM. SYUKUR BAROKAH', 'PENGADAAN LANGSUNG', '2024'),
(216, 47, 'ULP NON ORGANIK POLSEK BATUKLIANG', 'Rp 73,566,000', 'Rp 73,566,000', 'SPK/287/XII/LOG.4.14.1./2023', '2024-01-01', '2024-12-31', 'WARUNG MAKAN RENGGANIS', 'PENGADAAN LANGSUNG', '2024'),
(217, 47, 'ULP NON ORGANIK POLSEK BATUKLIANG UTARA', 'Rp 73,566,000', 'Rp 73,566,000', 'SPK/286/XII/LOG.4.14.1./2023', '2024-01-01', '2024-12-31', 'WARUNG MAKAN SABAR', 'PENGADAAN LANGSUNG', '2024'),
(218, 47, 'ULP NON ORGANIK POLSEK PRINGGARATA', 'Rp 73,566,000', 'Rp 73,566,000', 'SPK/290/XII/LOG.4.14.1./2023', '2024-01-01', '2024-12-31', 'WARUNG BAROKAH', 'PENGADAAN LANGSUNG', '2024'),
(219, 47, 'ULP NON ORGANIK POLSEK JONGGAT', 'Rp 73,566,000', 'Rp 73,566,000', 'SPK/288/XII/LOG.4.14.1./2023', '2024-01-01', '2024-12-31', 'RM. RIZKA', 'PENGADAAN LANGSUNG', '2024'),
(220, 47, 'ULP NON ORGANIK POLSEK PRAYA', 'Rp 73,566,000', 'Rp 73,566,000', 'SPK/281/XII/LOG.4.14.1./2023', '2024-01-01', '2024-12-31', 'RM. SUMBER REZEKI', 'PENGADAAN LANGSUNG', '2024'),
(221, 47, 'ULP NON ORGANIK POLSEK PUJUT', 'Rp 73,566,000', 'Rp 73,566,000', 'SPK/292/XII/LOG.4.14.1./2023', '2024-01-01', '2024-12-31', 'WARUNG MAKAN MANDIRI', 'PENGADAAN LANGSUNG', '2024'),
(222, 47, 'ULP NON ORGANIK POLSEK KAWASAN MANDALIKA', 'Rp 73,566,000', 'Rp 73,566,000', 'SPK/285/XII/LOG.4.14.1./2023', '2024-01-01', '2024-12-31', 'RM. SYUKUR BAROKAH', 'PENGADAAN LANGSUNG', '2024'),
(223, 47, 'ULP NON ORGANIK POLSEK JANAPRIA', 'Rp 73,566,000', 'Rp 73,566,000', 'SPK/282/XII/LOG.4.14.1./2023', '2024-01-01', '2024-12-31', 'UD. BAROKAH', 'PENGADAAN LANGSUNG', '2024'),
(224, 47, 'ULP NON ORGANIK POLSEK PRAYA TIMUR', 'Rp 73,566,000', 'Rp 73,566,000', 'SPK/289/XII/LOG.4.14.1./2023', '2024-01-01', '2024-12-31', 'RM. BUDI', 'PENGADAAN LANGSUNG', '2024'),
(225, 47, 'ULP NON ORGANIK POLSEK PRAYA TENGAH', 'Rp 73,566,000', 'Rp 73,566,000', 'SPK/284/XII/LOG.4.14.1./2023', '2024-01-01', '2024-12-31', 'RM. BERUGAK ELEN', 'PENGADAAN LANGSUNG', '2024'),
(226, 47, 'ULP NON ORGANIK POLSEK PRAYA BARAT DAYA', 'Rp 73,566,000', 'Rp 73,566,000', 'SPK/291/XII/LOG.4.14.1./2023', '2024-01-01', '2024-12-31', 'RM. SYUKUR BAROKAH', 'PENGADAAN LANGSUNG', '2024'),
(227, 47, 'HARWAT RANMOR R4 LANTAS', 'Rp 76,140,000', 'Rp 76,140,000', 'SPK/06/IV/LOG.4.21./2024', '2024-04-06', '2024-12-31', 'KAROSERY RIPER BODY', 'PENGADAAN LANGSUNG', '2024'),
(228, 47, 'HARWAT RANMOR R2', 'Rp 93,000,000', 'Rp 93,000,000', 'SPK/04/IV/LOG.4.21./2024', '2024-04-01', '2024-12-31', 'UD. WAHYU VARIASI', 'PENGADAAN LANGSUNG', '2024'),
(229, 47, 'HARWAT ALKOM DAN REPEATER', 'Rp 58,850,000', 'Rp 58,850,000', 'SPK/09/V/LOG.4.21./2024', '2024-04-08', '2024-12-31', 'CV. REMBUN ELEKTRONIK', 'PENGADAAN LANGSUNG', '2024'),
(230, 47, 'HARWAT KAPAL', 'Rp 181,900,000', 'Rp 181,900,000', 'SPK/11/VI/LOG.4./2024', '2024-04-20', '2024-12-31', 'PT. MUSTIKA EMPAT LIMA', 'PENGADAAN LANGSUNG', '2024'),
(231, 48, 'PENGADAAN BAHAN MAKAN TAHANAN POLRES LOMBOK TIMUR T.A 2024', '764260000', '751158400', 'SP/  5 /I/LOG.4.21/2024/Res Lotim', '2024-01-01', '2024-12-31', 'UD. TANJUNG RASA', 'PENGADAAN LANGSUNG', '2024'),
(232, 48, 'ULP NON ORGANIK / JAGA FUNGSI (POLRES)  LOMBOK TIMUR T.A 2024', '535458000', '533042400', 'SP/  4 /I/LOG.4.21/2024/Res Lotim', '2024-01-01', '2024-12-31', 'UD. TANJUNG RASA', 'PENGADAAN LANGSUNG', '2024'),
(233, 48, 'ULP NON ORGANIK / JAGA FUNGSI POLSEK (MASBAGIK, SELONGKOTA, SIKUR,SUKAMULIA,SURALAGA, SAKRA,PRINGGASELA  ) POLRES LOMBOK TIMUR T.A. 2024', '730170000', '730170000', 'SP/  7  /I/LOG.4.21/2024/Res Lotim', '2024-01-01', '2024-12-31', 'RM.  UMMARAS', 'E PURCHASING', '2024'),
(234, 48, 'ULP NON ORGANIK / JAGA FUNGSI POLSEK (PRINGGABAYA, AIKMEL,WANASABA,KP3 LAUT,SAMBALIA, SEMBALUN,SUELA) POLRES LOMBOK TIMUR T.A 2024', '730170000', '730170000', 'SP/  8  /I/LOG.4.21/2024/Res Lotim', '2024-01-01', '2024-12-31', 'RM.  UMMARAS', 'E-Purchasing ', '2024'),
(235, 47, 'ULP NON ORGANIK / JAGA FUNGSI POLSEK (SAKRA TIMUR, SAKRA BARAT,KERUAK, JEROWARU,TERARA, MONTONGGADING, LABUHAN HAJI)POLRES LOMBOK TIMUR T.A 2024', '681492000', '681492000', 'SP/  9  /I/LOG.4.21/2024/Res Lotim', '2024-01-01', '2024-12-31', 'RM.  UMMARAS', 'E-PURCHASING', '2024'),
(236, 48, 'PEMELIHARAAN KENDARAAN BERMOTOR RODA 4/6/10 POLRES LOMBOK TIMUR T.A 2024', '791409000', '786900000', 'SP/  6  /I/LOG.4.21/2024/Res Lotim', '2024-01-01', '2024-12-31', 'CV. CAHAYADIPUTRA', 'PENGADAAN LANGSUNG', '2024'),
(237, 48, 'PENGADAAN PERALATAN PERLENGKAPAN/KANTOR ( POLRES) POLRES LOMBOK TIMUR T.A 2024', '175370000', '175370000', 'SP/11/I/LOG.4.21/2024/Res Lotim', '2024-01-20', '2024-12-14', 'KIOS AL - KAUTSAR', 'E-Purchasing ', '2024'),
(238, 48, 'PEMELIHARAAN KENDARAAN BERMOTOR RODA 2 POLRES LOMBOK TIMUR T.A 2024', '86400000', '86400000', 'SP/169/I2/LOG.4.21/2023/Res Lotim', '2024-12-20', '2024-12-31', 'UD. DAFFA MOTOR', 'PENGADAAN LANGSUNG', '2024'),
(239, 48, 'PEMELIHARAAN GEDUNG KANTOR POLRES LOMBOK TIMUR ', '132000000', '132000000', 'SP/170/I2/LOG.4.21/2023/Res Lotim', '2024-12-20', '2024-12-31', 'UD. FAJAR ANUGRAH', 'PENGADAAN LANGSUNG', '2024'),
(240, 49, 'PENGADAAN ATK RES KSB', '197820000', '194670000', 'SPK/29/LOG 4.17/XII/2023 RES BW BRT', '2024-01-01', '2024-12-31', 'UD. LIFI', 'PENGADAAN LANGSUNG', '2024'),
(241, 49, 'HARWAT R2 RES KSB', '180000000', '165934000', 'SPK/28/LOG.4.21/XII/2023/RES SBW BRT', '2024-01-01', '2024-12-31', 'UD.LONG MOTOR', 'PENGADAAN LANGSUNG', '2024'),
(242, 49, 'PENGADAAN HARWAT GEDUNG 2024', '188200000', '186160000', 'SPK/27/LOG.4.21/XII/2023/RES SBW BRT', '2024-01-01', '2024-12-31', 'UD. NOVA NOA', 'PENGADAAN LANGSUNG', '2024'),
(243, 49, 'PENGADAAN MAKAN TAHANAN 2024', '210000000', '210000000', 'SP/ 24/XII/2023/RES SBW BRT', '2024-01-01', '2024-12-31', 'CV. CATERING RAJA RASA', 'E-KATALOG', '2024'),
(244, 49, 'ULP POLRES 2024', '434361000', '431514000', 'SP/25/XII/2023/RES SBW BRT', '2024-01-01', '2024-12-31', 'CV. CATERING RAJA RASA', 'E-KATALOG', '2024'),
(245, 49, 'ULP POLSEK JAJARAN 2024', '1030839000', '982893000', 'SP/26/XII/2023/RES SBW BRT', '2024-01-01', '2024-12-31', 'CV. CATERING RAJA RASA', 'E- KATALOG', '2024'),
(246, 49, 'BEKKES OMB 2024', '72783000', '72783000', 'SP/04/I/2024/RES SBW BRT', '2024-01-01', '2024-12-31', 'CV. BUANA RAKSA', 'E-KATALOG', '2024'),
(247, 49, 'HARWAT RANMOR R4 R6 DAN RANSUS', '949000000', '918025000', 'SP/07/II/2024/RES SBW BRT', '2024-02-07', '2024-12-31', 'UD. BENGKEL BALAT BERSINAR', 'E-KATALOG', '2024'),
(248, 49, 'ULP POLSUBSEKTOR BRANG ENE', '0', '19890000', 'SP/14/VII/2024', '2024-01-01', '2024-12-31', '0', 'E- KATALOG', '2024'),
(249, 49, 'MAKAN OMP', '0', '1022134000', 'SP/15/VII/2024', '2024-01-01', '2024-12-31', '0', 'E- KATALOG', '2024'),
(250, 49, 'MAKAN TAHANAN II (TAMBAHAN)', '0', '52500000', 'SP/16/VII/2024', '2024-01-01', '2024-12-31', '0', 'E-KATALOG', '2024'),
(251, 49, 'BEKAL KESEHATAN OMP', '0', '222813000', 'SP/17/VII/2024', '2024-01-01', '2024-12-31', '0', 'E-KATALOG', '2024'),
(252, 50, 'Uang makan operasi keselamatan ', '73472000', '73472000', 'SP/18/III/E-PURCHASING/2024/RES.SBW', '2024-03-06', '2024-06-12', 'CV. VIDELIA', 'E PURCHASING', '2024'),
(253, 50, 'Bekkes pengamanan pemilu ', 'Rp. 111.924.000,-', '111924000', 'SP/16/I/E-PURCHASING/2024/RES.SBW', '2024-01-17', '2024-12-31', 'CV. BUANA RAKSA', 'E PURCHASING', '2024'),
(254, 50, 'KONSTRUKSI DAN FASUM MAKO LANTUNG TA. 2024', 'Rp. 867.306.009,-', '850000000', 'SP/19/IV/2024/RES SBW', '2024-04-24', '2024-09-20', 'CV. FITRAH', 'Tender', '2024'),
(255, 50, 'Ulp non organik Polres, satpol air, polsek Moyo Hulu,   polsek Batu lanteh', 'Rp. 1.460.340.000,-', '460340000', 'SP/05/I/E-PURCHASING/2024/RES.SBW', '2024-01-01', '2024-12-31', 'CV. VIDELIA', 'E-PURCHASING', '2024'),
(256, 50, 'Pemeliharaan kendaraan bermotor R4 polres dan polsek  jajaran', 'Rp. 971.715.000,-', '971.715.000,-', 'SP/01/I/E-PURCHASING/2024/RES.SBW', '2024-02-01', '2024-12-31', 'BENGKEL BAROKAH MANDIRI', 'E-PURCHASING', '2024'),
(257, 50, 'Biaya keperluan perkantoran(ATK) polres Sumbawa dan  polsek', 'Rp. 452.960.000,-', 'Rp.452.960.000,-', 'SP/12/I/E-PURCHASING/2024/RES.SBW', '2024-02-01', '2024-12-31', 'UD. APAMO', 'E PURCHASING', '2024'),
(258, 50, 'Pemeliharaan kendaraan bermotor R2 polres dan polsek', 'Rp. 591.525.000,-', 'Rp.591.525.000,-', 'SP/07/I/E-PURCHASING/2024/RES.SBW', '2024-02-01', '2024-12-31', 'BENGKEL GG. MOTOR', 'E PURCHASING', '2024'),
(259, 50, 'Pemeliharaan kendaraan bermotor R4/R6/R10 Lantas   (PNBP)', 'Rp. 71.000.000,-', 'Rp. 71.000.000,-', 'SP/30/I/E-PURCHASING/2024/RES.SBW', '2024-01-01', '2024-12-31', 'BENGKEL BAROKAH MANDIRI', 'E-PURCHASING', '2024'),
(260, 50, 'Pemeliharaan kendaraan bermotor R2 PNBP   (lantas) polres Sumbawa', 'Rp. 25.000.000,-', 'Rp. 25.000.000,-', 'SP/14/I/E-PURCHASING/2024/RES.SBW', '2024-01-01', '2024-12-31', 'BENGKEL GG. MOTOR', 'E PURCHASING', '2024'),
(261, 50, 'Ulp non organik polsek Ropang dan Lunyuk', 'Rp. 146.034.000,-', 'Rp.146.034.000,-', 'SP/06/I/E-PURCHASING/2024/RES.SBW', '2024-01-01', '2024-12-31', 'CV. VIDELIA', 'E-PURCHASING', '2024'),
(262, 50, 'Ulp non organik polsek Lape, Plampang, La  bangka, dan Empang', 'Rp. 292.068.000,-', 'Rp.292.068.000,-', 'SP/08/I/E-PURCHASING/2024/RES.SBW', '2024-01-01', '2024-12-31', 'UD. TOTANG RASA', 'E-PURCHASING', '2024'),
(263, 50, 'Ulp non organik polsek Utan dan Rhee', 'Rp. 121.695.000,-', 'Rp. 121.695.000,-', 'SP/04/I/E-PURCHASING/2024/RES.SBW', '2024-01-01', '2024-12-31', 'CV. VIDELIA', 'E-PURCHASING', '2024'),
(264, 50, 'Ulp non organik Polsek Alas barat, Alas, dan Buer', 'Rp. 292.068.000,-', 'Rp.292.068.000,-', 'SP/03/I/E-PURCHASING/2024/RES.SBW', '2024-01-01', '2024-12-31', 'CV. VIDELIA', 'E-PURCHASING', '2024'),
(265, 50, 'Pemeliharaan angkutan air satker polres Sumbawa', 'Rp. 160.450.000,-', 'Rp. 160.450.000,-', 'SPK/19/II/2024', '2024-02-14', '2024-12-31', 'UD. SUMBER ALAM', 'Pengadaan Langsung', '2024'),
(266, 50, 'Pemeliharaan kendaraan bermotor R6 polres   Sumbawa', 'Rp. 296.000.000,-', 'Rp. 296.000.000,-', 'SP/11/I/E-PURCHASING/2024/RES.SBW', '2024-01-01', '2024-12-31', 'BENGKEL BAROKAH MANDIRI', 'E-PURCHASING', '2024'),
(267, 50, 'Pemeliharaan gedung kantor polres Sumbawa', 'Rp. 212.819.000,-', 'Rp.212.819.000,-', 'SPK/18/II/2024', '2024-02-02', '2024-12-31', 'CV. HERLI', 'Pengadaan Langsung', '2024'),
(268, 50, 'Belanja Bahan Bakar Minyak Dan Pelumas (BMP) dan pelumas khusus non Pertamina', 'Rp. 936.034.000,-', 'Rp. 936.034.000,-', '4/I/2024/RES.SBW', '2024-01-01', '2024-12-31', 'PT. PERTAMINA PATRA NIAGA', 'Swakelola', '2024'),
(269, 50, 'Belanja Bahan Bakar Minyak Dan Pelumas (BMP) dan pelumas khusus non Pertamina', 'Rp. 1.215.000.000,-', 'Rp. 1.215.000.000,-', '7/I/2024/RES.SBW', '2024-01-01', '2024-12-31', 'PT. PERTAMINA PATRA NIAGA', 'Swakelola', '2024'),
(270, 50, 'Belanja Bahan Bakar Minyak Dan Pelumas (BMP) dan pelumas khusus non Pertamina', 'Rp. 427.263.000,-', 'Rp. 427.263.000,-', '5/I/2024/RES.SBW', '2024-01-01', '2024-12-31', 'PT. PERTAMINA PATRA NIAGA', 'Swakelola', '2024'),
(271, 50, 'Pengawasan konstruksi', '47307000', '47286000', 'SPK/02/IV/2024/Res.Sbw', '2024-04-24', '2024-07-31', 'CV. PILAR BIRU', 'PENGADAAN LANGSUNG', '2024'),
(272, 50, 'Meubelair polsubsektor Lantung polres Sumbawa T.A 2024', '78846000', '78846000', 'SPK/21/VI/2024/Res Sbw', '2024-06-12', '2024-08-28', 'UD. BABANEO MEUBEL', 'PENGADAAN LANGSUNG', '2024');
INSERT INTO `pengadaan` (`id_pengadaan`, `id_satker`, `paket`, `pagu`, `kontrak`, `no_kontrak`, `mulai_kontrak`, `akhir_kontrak`, `penyedia`, `metode`, `tahun`) VALUES
(273, 50, 'Pengadaan perencanaan konstruksi pembangunan mako polsubsektor Lantung', '55192000', '55189200', 'SP/15/I/2024/RES SBW', '2024-01-02', '2024-03-01', 'CV. DETTAMA', 'PENGADAAN LANGSUNG', '2024'),
(274, 50, 'Pengadaan perawatan tahanan polres Sumbawa T.A 2024', 'Rp. 77.955.000,-', 'Rp. 77.955.000,-', 'SP/17/I/E-PURCHASING/2024/RES.SBW', '2024-01-02', '2024-12-31', 'UD. APAMO', 'E-PURCHASING', '2024'),
(275, 50, 'Biaya konsumsi tahanan polres Sumbawa T.A 2024', 'Rp. 530.550.000,-', 'Rp. 530.550.000,-', 'SP/09/I/E-PURCHASING/2024/RES.SBW', '2024-01-01', '2024-12-31', 'CV. VIDELIA', 'E PURCHASING', '2024'),
(276, 51, 'Ulp Non Organik/ Piket Jaga Polres Dompu', '733464000', '732366000', 'SP/4/I/2024', '2024-01-01', '2024-12-31', 'UD. AHSAN CATERING', 'E- KATALOG', '2024'),
(277, 51, 'Makan Tahanan', '591704000', '451085600', 'SP/5/I/2024', '2024-01-01', '2024-12-31', 'CV.ZIKRI', 'E-KATALOG', '2024'),
(278, 51, 'Ulp Non Organik/ Piket Jaga Polsek Woja', '97795200', '97792272', 'SP/6/I/2024', '2024-01-01', '2024-12-31', 'UD. AHSAN CATERING', 'E-KATALOG', '2024'),
(279, 51, 'Ulp Non Organik/ Piket Jaga Polsek Dompu', '97792200', '97792272', 'SP/7/I/2024', '2024-01-01', '2024-12-31', 'UD. AHSAN CATERING', 'E-KATALOG', '2024'),
(280, 51, 'Pengadaan Laptop Polres', '19900000', '19900000', 'SP/23/I/2024', '2024-01-01', '2024-12-31', 'PT.AIRMAS MATARAM INTERNUSA', 'E- KATALOG', '2024'),
(281, 51, 'Pemeliharan Ranmor Roda Polres ', '99925000', '99925000', 'SP/9/I/2024', '2024-01-01', '2024-12-31', 'CV. FLAMBOYAN', 'PENGADAAN LANGSUNG', '2024'),
(282, 51, 'Pemeliharaan Kapal Polair Polres', '94020000', '94020000', 'SP/11/I/2024', '2024-01-01', '2024-12-31', 'BENGKEL WWD', 'PENGADAAN LANGSUNG', '2024'),
(283, 51, 'Pemeliharaan Gedung Kantor Polres', '199060000', '199060000', 'SP/10/I/2024', '2024-01-01', '2024-12-31', 'CV. OQKY PUTRA', 'PENGADAAN LANGSUNG', '2024'),
(284, 51, 'Perawatan Tahanan', '191904000', '191904000', 'SP/12/I/2024', '2024-01-01', '2024-12-31', 'CV. LA PARIS', 'PENGADAAN LANGSUNG', '2024'),
(285, 51, 'Keperluan Perkantoran/ATK', '156560000', '156560000', 'SP/8/I/2024', '2024-01-01', '2024-12-31', 'CV. DHARMA BAKTI', 'PENGADAAN LANGSUNG', '2024'),
(286, 51, 'Harwat Ranmor R4,R6,R6 AWC Konsolidasi', '790000000', '790000000', 'SP/24/I/2024', '2024-01-01', '2024-12-31', 'CV FALMBOYAN TANI', 'E- KATALOG', '2024'),
(287, 53, 'ULP NON ORGANIK POLRES ', '440078000', '434808000', 'SP/310/XII/LOG.4.21/2023', '2024-01-01', '2024-12-31', 'RM. MELAYU 2', 'E-KATALOG', '2024'),
(288, 53, 'MAKAN TAHANAN ', '541384000', '40644500', 'SP/311/XII/LOG.4.21/2023', '2024-01-01', '2024-12-31', 'RM. MELAYU 2', 'E-KATALOG', '2024'),
(289, 53, 'ADDENDUM MAKAN TAHANAN ', '682650000', '181910500', 'SP/54/II/LOG.4.21/2024', '2024-01-01', '2024-12-31', 'RM. MELAYU 2 ', 'E-KATALOG', '2024'),
(290, 53, 'ULP NON ORGANIK POLSEK JAJARAN POLRES BIMA KOTA ', '1197987000', '1183644000', 'SP/302/XII/LOG.4.21/2023', '2024-01-01', '2024-12-31', 'RM. MELAYU 2', 'E-KATALOG', '2024'),
(291, 53, 'HARWAT KENDARAAN R4,R6 DAN AWC', '843587000', '674122000', 'SP/58/II/LOG.4.21/2024', '2024-03-04', '2024-12-31', 'CV. PILAR', 'E-KATALOG', '2024'),
(292, 53, 'HARWAT KENDARAAN R2 POLRES ', '237000000', '162345000', 'SP/66/III/LOG.421/2024', '2024-03-14', '2024-12-31', 'CV PILAR', 'E- KATALOG', '2024'),
(293, 53, 'BEKES OMB ', '104940000', '103841200', 'SP/23/II/LOG.4.21/2024', '2024-02-05', '2024-04-30', 'CV. BUANA RAKSA', 'E-KATALOG', '2024'),
(294, 53, 'ADDENDUM BEKKES OMB  ', '115110000', '113535000', 'SP/53/II/LOG.4.21/2024', '2024-02-29', '2024-04-30', 'CV. BUANA RAKSA', 'E-KATALOG', '2024'),
(295, 53, 'HARWAT RANDIS LANTAS ', '57075000', '57075000', 'SP/52/II/LOG.4.21/2024', '2024-02-27', '2024-12-31', 'CV. PILAR ', 'E-KATALOG', '2024'),
(296, 53, 'ULP NON ORGANIK SAT POL AIR ', '97795000', '97502400', 'SP/293/XII/LOG.4.21/2023', '2024-01-01', '2024-12-31', 'RM. MELAYU 2', 'E- KATALOG', '2024'),
(297, 53, 'HARWAT KENDARAAN R 2 POLSEK RASTIM', '63000000', '43000000', 'SP/66/III/LOG.4.21/2024', '2024-03-18', '2024-12-31', 'CV. PILAR', 'E-KATALOG', '2024'),
(298, 52, 'ULP NON ORGANIK POLRES ', '462441000', '452914400', 'SP/5/I/2024/RESOR BIMA', '2024-01-08', '2024-12-31', 'UD. SORIGENDA', 'E-KATALOG', '2024'),
(299, 52, 'MAKAN TAHANAN', '530210000', '530210000', 'SP/5/I/2024/RESOR BIMA', '2024-01-08', '2024-12-31', 'UD. SORIGENDA', 'E- KATALOG', '2024'),
(300, 52, 'ULP NON ORGANIK POLSEK', '356440000', '356440000', 'SP/8/I/2024/RESOR BIMA', '2024-02-01', '2024-12-31', 'RM. MURAH MERIAH', 'E-KATALOG', '2024'),
(301, 52, 'ULP NON ORGANIK POLSEK ', '467827500', '467827500', 'SP/9/I/2024/RESOR BIMA', '2024-02-01', '2024-12-31', 'RM. NUSA LONTAR', 'E- KATALOG', '2024'),
(302, 52, 'HARWAT POLRES RODA4, 6, DAN RANTIS', '768335000', '614335000', 'SP/10/II/LOG.4/2024/RESOR BIMA', '2024-02-15', '2024-12-15', 'CV. PILAR', 'E-KATALOG', '2024'),
(303, 52, 'PENGADAAN BEKKES ', '95184000', '95184000', 'SP/7/I/2024/RESOR BIMA', '2024-01-03', '2024-02-03', 'CV. BUANA RAKSA', 'E-KATALOG', '2024'),
(304, 46, 'ULP NON ORGANIK POLRES  ', '366732000', '366732000', 'SP/04/I/LOG.4.21./2024/RES LOTARA', '2024-01-01', '2024-12-31', 'UD SASAK NARMADA', 'E PURCHASING', '2024'),
(305, 46, 'HARWAT RANMOR R4/R6 POLRES ', '703000000', '562400000', 'SP-ADD/20/I/LOG.4./2024/RES LOTARA', '2024-01-25', '2024-12-31', 'CV.CAHAYA DIPUTRA', 'E PURCHASING', '2024');

-- --------------------------------------------------------

--
-- Table structure for table `psp`
--

CREATE TABLE `psp` (
  `id_psp` int(11) NOT NULL,
  `id_satker` int(11) DEFAULT NULL,
  `psp_s` int(11) NOT NULL,
  `psp_b` int(11) NOT NULL,
  `psp_t` int(11) NOT NULL,
  `tanah_s` int(11) NOT NULL,
  `tanah_b` int(11) NOT NULL,
  `tanah_t` int(11) NOT NULL,
  `angkut_s` int(11) NOT NULL,
  `angkut_b` int(11) NOT NULL,
  `angkut_t` int(11) NOT NULL,
  `nontik_s` int(11) NOT NULL,
  `nontik_b` int(11) NOT NULL,
  `nontik_t` int(11) NOT NULL,
  `tik_s` int(11) NOT NULL,
  `tik_b` int(11) NOT NULL,
  `tik_t` int(11) NOT NULL,
  `besar_s` int(11) NOT NULL,
  `besar_b` int(11) NOT NULL,
  `besar_t` int(11) NOT NULL,
  `senjata_s` int(11) NOT NULL,
  `senjata_b` int(11) NOT NULL,
  `senjata_t` int(11) NOT NULL,
  `gedung_s` int(11) NOT NULL,
  `gedung_b` int(11) NOT NULL,
  `gedung_t` int(11) NOT NULL,
  `rumah_s` int(11) NOT NULL,
  `rumah_b` int(11) NOT NULL,
  `rumah_t` int(11) NOT NULL,
  `jalan_s` int(11) NOT NULL,
  `jalan_b` int(11) NOT NULL,
  `jalan_t` int(11) NOT NULL,
  `jaringan_s` int(11) NOT NULL,
  `jaringan_b` int(11) NOT NULL,
  `jaringan_t` int(11) NOT NULL,
  `atl_s` int(11) NOT NULL,
  `atl_b` int(11) NOT NULL,
  `atl_t` int(11) NOT NULL,
  `atb_s` int(11) NOT NULL,
  `atb_b` int(11) NOT NULL,
  `atb_t` int(11) NOT NULL
) ENGINE=InnoDB DEFAULT CHARSET=utf8mb4 COLLATE=utf8mb4_general_ci;

--
-- Dumping data for table `psp`
--

INSERT INTO `psp` (`id_psp`, `id_satker`, `psp_s`, `psp_b`, `psp_t`, `tanah_s`, `tanah_b`, `tanah_t`, `angkut_s`, `angkut_b`, `angkut_t`, `nontik_s`, `nontik_b`, `nontik_t`, `tik_s`, `tik_b`, `tik_t`, `besar_s`, `besar_b`, `besar_t`, `senjata_s`, `senjata_b`, `senjata_t`, `gedung_s`, `gedung_b`, `gedung_t`, `rumah_s`, `rumah_b`, `rumah_t`, `jalan_s`, `jalan_b`, `jalan_t`, `jaringan_s`, `jaringan_b`, `jaringan_t`, `atl_s`, `atl_b`, `atl_t`, `atb_s`, `atb_b`, `atb_t`) VALUES
(5, 16, 198, 13, 211, 0, 0, 0, 8, 0, 8, 142, 7, 149, 47, 6, 53, 0, 0, 0, 0, 0, 0, 0, 0, 0, 0, 0, 0, 0, 0, 0, 0, 0, 0, 0, 0, 0, 1, 0, 1),
(6, 17, 745, 90, 835, 0, 0, 0, 3, 4, 7, 655, 76, 731, 78, 10, 88, 0, 0, 0, 2, 2, 4, 0, 0, 0, 0, 0, 0, 0, 0, 0, 0, 0, 0, 4, 0, 4, 3, 0, 3),
(7, 18, 279, 0, 279, 0, 0, 0, 5, 0, 5, 179, 0, 179, 84, 0, 84, 0, 0, 0, 0, 0, 0, 0, 0, 0, 0, 0, 0, 0, 0, 0, 0, 0, 0, 6, 0, 6, 5, 0, 5),
(8, 19, 512, 0, 512, 0, 0, 0, 8, 0, 8, 429, 0, 429, 72, 0, 72, 0, 0, 0, 0, 0, 0, 0, 0, 0, 0, 0, 0, 0, 0, 0, 0, 0, 0, 0, 0, 0, 3, 0, 3),
(9, 20, 5534, 693, 6227, 0, 0, 0, 10, 25, 35, 5251, 274, 5525, 63, 5, 68, 2, 0, 2, 201, 389, 590, 0, 0, 0, 0, 0, 0, 0, 0, 0, 0, 0, 0, 5, 0, 5, 2, 0, 2),
(10, 21, 4882, 2924, 7806, 0, 0, 0, 134, 0, 134, 4674, 2757, 7431, 37, 12, 49, 0, 0, 0, 33, 143, 176, 0, 0, 0, 0, 0, 0, 0, 0, 0, 0, 0, 0, 4, 0, 4, 0, 12, 12),
(11, 22, 1016, 438, 1454, 0, 0, 0, 96, 12, 108, 752, 297, 1049, 154, 51, 205, 0, 0, 0, 5, 60, 65, 0, 0, 0, 0, 0, 0, 0, 0, 0, 0, 0, 0, 7, 0, 7, 2, 17, 19),
(12, 23, 76, 35, 111, 0, 0, 0, 11, 0, 11, 42, 22, 64, 23, 6, 29, 0, 0, 0, 0, 0, 0, 0, 0, 0, 0, 0, 0, 0, 0, 0, 0, 0, 0, 0, 7, 7, 0, 0, 0),
(13, 24, 56, 917, 973, 0, 0, 0, 11, 14, 25, 0, 829, 829, 0, 65, 65, 0, 3, 3, 45, 0, 45, 0, 0, 0, 0, 0, 0, 0, 0, 0, 0, 0, 0, 0, 4, 4, 0, 2, 2),
(14, 26, 1680, 65, 1745, 6, 0, 6, 32, 1, 33, 1413, 28, 1441, 23, 1, 24, 73, 0, 73, 102, 35, 137, 6, 0, 6, 3, 0, 3, 0, 0, 0, 1, 0, 1, 19, 0, 19, 2, 0, 2),
(15, 27, 28179, 3278, 31457, 13, 0, 13, 318, 2, 320, 26840, 915, 27755, 76, 2, 78, 296, 0, 296, 479, 2355, 2834, 52, 3, 55, 92, 0, 92, 1, 1, 2, 0, 0, 0, 10, 0, 10, 2, 0, 2),
(16, 28, 982, 87, 1069, 0, 0, 0, 24, 0, 24, 736, 73, 809, 154, 14, 168, 22, 0, 22, 1, 0, 1, 0, 0, 0, 0, 0, 0, 0, 0, 0, 0, 0, 0, 8, 0, 8, 37, 0, 37),
(17, 29, 86, 1311, 1397, 0, 0, 0, 6, 2, 8, 0, 991, 991, 0, 243, 243, 0, 0, 0, 80, 65, 145, 0, 0, 0, 0, 0, 0, 0, 0, 0, 0, 0, 0, 0, 4, 4, 0, 6, 6),
(18, 30, 2537, 117, 2654, 0, 0, 0, 52, 0, 52, 1969, 5, 1974, 238, 4, 242, 1, 0, 1, 111, 104, 215, 2, 0, 2, 0, 0, 0, 0, 0, 0, 6, 0, 6, 13, 0, 13, 145, 0, 145),
(19, 31, 53, 706, 759, 0, 0, 0, 13, 16, 29, 0, 546, 546, 0, 60, 60, 0, 0, 0, 40, 80, 120, 0, 0, 0, 0, 0, 0, 0, 0, 0, 0, 0, 0, 0, 8, 8, 0, 6, 6),
(20, 32, 234, 56, 290, 0, 0, 0, 13, 0, 13, 186, 52, 238, 32, 4, 36, 0, 0, 0, 0, 0, 0, 0, 0, 0, 0, 0, 0, 0, 0, 0, 0, 0, 0, 3, 0, 3, 0, 0, 0),
(21, 33, 4, 219, 223, 0, 0, 0, 4, 0, 4, 0, 158, 158, 0, 20, 20, 0, 0, 0, 0, 0, 0, 0, 0, 0, 0, 0, 0, 0, 0, 0, 0, 0, 0, 0, 41, 41, 0, 0, 0),
(22, 34, 214, 0, 214, 0, 0, 0, 6, 0, 6, 180, 0, 180, 22, 0, 22, 0, 0, 0, 0, 0, 0, 0, 0, 0, 0, 0, 0, 0, 0, 0, 0, 0, 0, 2, 0, 2, 4, 0, 4),
(23, 35, 22, 3405, 3427, 0, 0, 0, 12, 0, 12, 9, 3341, 3350, 0, 26, 26, 0, 0, 0, 0, 0, 0, 1, 0, 1, 0, 0, 0, 0, 0, 0, 0, 0, 0, 0, 33, 33, 0, 2, 2),
(24, 36, 255, 4505, 4760, 0, 0, 0, 17, 0, 17, 153, 4250, 4403, 80, 211, 291, 5, 4, 9, 0, 0, 0, 0, 0, 0, 0, 0, 0, 0, 0, 0, 0, 1, 1, 0, 4, 4, 0, 35, 35),
(25, 37, 134, 0, 134, 0, 0, 0, 5, 0, 5, 83, 0, 83, 42, 0, 42, 0, 0, 0, 0, 0, 0, 0, 0, 0, 0, 0, 0, 0, 0, 0, 0, 0, 0, 4, 0, 4, 0, 0, 0),
(26, 38, 1021, 89, 1110, 16, 0, 16, 6, 2, 8, 810, 40, 850, 20, 3, 23, 4, 2, 6, 0, 6, 6, 33, 11, 44, 132, 0, 132, 0, 2, 2, 0, 1, 1, 0, 21, 21, 0, 0, 0),
(27, 39, 298, 166, 464, 0, 0, 0, 16, 0, 16, 244, 135, 379, 36, 31, 67, 0, 0, 0, 0, 0, 0, 0, 0, 0, 0, 0, 0, 0, 0, 0, 0, 0, 0, 0, 0, 0, 2, 0, 2),
(28, 40, 552, 8735, 9287, 1, 0, 1, 63, 0, 63, 311, 7458, 7769, 0, 202, 202, 0, 82, 82, 0, 887, 887, 33, 0, 33, 144, 0, 144, 0, 2, 2, 0, 7, 7, 0, 72, 72, 0, 25, 25),
(29, 42, 2849, 114, 2963, 1, 0, 1, 10, 0, 10, 2534, 106, 2640, 272, 0, 272, 4, 0, 4, 0, 0, 0, 6, 1, 7, 0, 0, 0, 1, 0, 1, 0, 2, 2, 21, 5, 26, 0, 0, 0),
(30, 46, 4368, 229, 4597, 10, 0, 10, 118, 1, 119, 3822, 161, 3983, 201, 21, 222, 6, 0, 6, 132, 0, 132, 15, 0, 15, 63, 0, 63, 0, 0, 0, 0, 2, 2, 0, 0, 0, 1, 44, 45),
(31, 44, 7054, 965, 8019, 9, 0, 9, 265, 8, 273, 6422, 264, 6686, 259, 28, 287, 0, 5, 5, 2, 539, 541, 31, 0, 31, 66, 0, 66, 0, 0, 0, 0, 4, 4, 0, 22, 22, 0, 95, 95),
(32, 47, 462, 7471, 7933, 19, 1, 20, 316, 1, 317, 41, 6646, 6687, 8, 290, 298, 0, 18, 18, 5, 378, 383, 41, 0, 41, 30, 2, 32, 0, 0, 0, 0, 9, 9, 0, 10, 10, 2, 116, 118),
(33, 48, 530, 7811, 8341, 34, 1, 35, 368, 5, 373, 0, 6919, 6919, 0, 327, 327, 0, 3, 3, 2, 378, 380, 61, 0, 61, 65, 0, 65, 0, 0, 0, 0, 9, 9, 0, 56, 56, 0, 113, 113),
(34, 50, 9195, 191, 9386, 22, 3, 25, 395, 1, 396, 7835, 114, 7949, 279, 28, 307, 103, 0, 103, 338, 0, 338, 51, 1, 52, 54, 0, 54, 0, 0, 0, 0, 2, 2, 0, 24, 24, 82, 18, 100),
(35, 51, 7178, 136, 7314, 19, 2, 21, 200, 1, 201, 6181, 91, 6272, 247, 28, 275, 5, 0, 5, 315, 0, 315, 60, 3, 63, 34, 0, 34, 0, 0, 0, 5, 0, 5, 52, 0, 52, 60, 11, 71),
(36, 45, 7306, 330, 7636, 9, 0, 9, 206, 0, 206, 6379, 274, 6653, 253, 27, 280, 5, 0, 5, 329, 0, 329, 25, 0, 25, 21, 0, 21, 0, 0, 0, 0, 0, 0, 0, 0, 0, 79, 29, 108),
(37, 49, 5871, 398, 6269, 10, 0, 10, 193, 0, 193, 5302, 85, 5387, 192, 21, 213, 2, 0, 2, 2, 278, 280, 21, 4, 25, 85, 1, 86, 0, 0, 0, 5, 0, 5, 0, 0, 0, 59, 9, 68),
(38, 52, 221, 7081, 7302, 18, 4, 22, 86, 219, 305, 34, 6236, 6270, 12, 189, 201, 0, 0, 0, 5, 336, 341, 17, 6, 23, 45, 2, 47, 0, 0, 0, 4, 4, 8, 0, 2, 2, 0, 83, 83),
(39, 53, 495, 8280, 8775, 19, 5, 24, 355, 1, 356, 35, 7581, 7616, 12, 241, 253, 0, 16, 16, 5, 322, 327, 31, 12, 43, 34, 0, 34, 0, 0, 0, 3, 4, 7, 0, 11, 11, 1, 87, 88);

-- --------------------------------------------------------

--
-- Table structure for table `satker`
--

CREATE TABLE `satker` (
  `id_satker` int(11) NOT NULL,
  `nama_satker` varchar(200) NOT NULL
) ENGINE=InnoDB DEFAULT CHARSET=utf8mb4 COLLATE=utf8mb4_general_ci;

--
-- Dumping data for table `satker`
--

INSERT INTO `satker` (`id_satker`, `nama_satker`) VALUES
(16, 'ITWASDA'),
(17, 'BIRO OPS'),
(18, 'BIRO RENA'),
(19, 'BIRO SDM'),
(20, 'BIRO LOGISTIK'),
(21, 'DIT SAMAPTA'),
(22, 'DIT LANTAS'),
(23, 'DIT BINMAS'),
(24, 'DIT PAMOBVIT'),
(25, 'DIT TAHTI'),
(26, 'DIT POLAIRUD'),
(27, 'SAT BRIMOB'),
(28, 'DIT INTELKAM'),
(29, 'DIT RESKRIMSUS'),
(30, 'DIT RESKRIMUM'),
(31, 'DIT RESNARKOBA'),
(32, 'BID PROPAM'),
(33, 'BID KUM'),
(34, 'BID HUMAS'),
(35, 'BID DOKKES'),
(36, 'BID TIK'),
(37, 'BID KEU'),
(38, 'YANMA'),
(39, 'SPRIPIM'),
(40, 'SPN'),
(41, 'SETUM'),
(42, 'RUMKIT'),
(43, 'SPKT'),
(44, 'POLRESTA MATARAM'),
(45, 'POLRES LOMBOK BARAT'),
(46, 'POLRES LOMBOK UTARA'),
(47, 'POLRES LOMBOK TENGAH'),
(48, 'POLRES LOMBOK TIMUR'),
(49, 'POLRES SUMBAWA BARAT'),
(50, 'POLRES SUMBAWA'),
(51, 'POLRES DOMPU'),
(52, 'POLRES BIMA'),
(53, 'POLRES BIMA KOTA');

-- --------------------------------------------------------

--
-- Table structure for table `senpi`
--

CREATE TABLE `senpi` (
  `id_senpi` int(11) NOT NULL,
  `id_satker` int(11) DEFAULT NULL,
  `id_jenis` int(11) DEFAULT NULL,
  `id_merk` int(11) DEFAULT NULL,
  `jumlah` varchar(100) NOT NULL,
  `baik` varchar(100) NOT NULL,
  `rr` varchar(100) NOT NULL,
  `rb` varchar(100) NOT NULL,
  `polres` varchar(100) NOT NULL,
  `polsek` varchar(100) NOT NULL,
  `gudang` varchar(100) NOT NULL,
  `ket` enum('Laras Panjang','Laras Pendek','','') NOT NULL
) ENGINE=InnoDB DEFAULT CHARSET=utf8mb4 COLLATE=utf8mb4_general_ci;

--
-- Dumping data for table `senpi`
--

INSERT INTO `senpi` (`id_senpi`, `id_satker`, `id_jenis`, `id_merk`, `jumlah`, `baik`, `rr`, `rb`, `polres`, `polsek`, `gudang`, `ket`) VALUES
(10, 20, 4, 5, '48', '48', '0', '0', '-', '-', '48', 'Laras Pendek'),
(11, 20, 4, 3, '25', '24', '1', '0', '-', '-', '25', 'Laras Pendek'),
(12, 20, 4, 6, '27', '27', '0', '0', '-', '-', '27', 'Laras Pendek'),
(13, 20, 4, 4, '20', '20', '0', '0', '-', '-', '20', 'Laras Pendek'),
(14, 20, 4, 1, '21', '21', '0', '0', '-', '-', '21', 'Laras Pendek'),
(15, 20, 4, 7, '2', '2', '0', '0', '-', '-', '2', 'Laras Pendek'),
(16, 20, 5, 10, '30', '30', '0', '0', '-', '-', '22', 'Laras Pendek'),
(17, 20, 5, 8, '43', '43', '0', '0', '-', '-', '43', 'Laras Pendek'),
(18, 20, 5, 14, '58', '58', '0', '0', '-', '-', '58', 'Laras Pendek'),
(19, 20, 6, 12, '9', '9', '0', '0', '-', '-', '6', 'Laras Panjang'),
(21, 20, 6, 11, '2', '2', '0', '0', '-', '-', '2', 'Laras Panjang'),
(22, 53, 4, 1, '21', '19', '2', '0', '9', '6', '9', 'Laras Pendek'),
(23, 53, 4, 3, '18', '16', '2', '0', '1', '2', '15', 'Laras Pendek'),
(24, 53, 4, 4, '26', '26', '0', '0', '6', '6', '14', 'Laras Pendek'),
(25, 53, 4, 5, '63', '62', '1', '0', '14', '12', '37', 'Laras Pendek'),
(26, 53, 4, 6, '44', '43', '1', '0', '3', '7', '34', 'Laras Pendek'),
(27, 53, 4, 7, '3', '3', '0', '0', '0', '0', '3', 'Laras Pendek'),
(28, 53, 5, 8, '40', '40', '0', '0', '23', '9', '8', 'Laras Pendek'),
(29, 53, 5, 9, '2', '2', '0', '0', '1', '0', '1', 'Laras Pendek'),
(30, 53, 5, 10, '2', '2', ' 0', '0', '2', '-', '-', 'Laras Pendek'),
(31, 53, 6, 11, '38', '36', '2', '0', '7', '27', '4', 'Laras Panjang'),
(32, 53, 6, 12, '60', '59', '1', '0', '16', '0', '44', 'Laras Panjang'),
(33, 53, 6, 13, '2', '2', '0', '0', '0', '2', '0', 'Laras Panjang'),
(34, 30, 5, 8, '90', '90', '0', '0', '-', '-', '90', 'Laras Pendek'),
(35, 30, 5, 15, '34', '34', '0', '0', '-', '-', '34', 'Laras Pendek'),
(36, 30, 6, 16, '5', '5', '0', '0', '-', '-', '5', 'Laras Panjang'),
(37, 30, 6, 11, '2', '2', '0', '0', '-', '-', '2', 'Laras Panjang'),
(38, 30, 6, 12, '4', '4', '0', '0', '-', '-', '4', 'Laras Panjang'),
(39, 29, 5, 8, '80', '80', '0', '0', '-', '-', '80', 'Laras Pendek'),
(40, 31, 5, 8, '80', '80', '0', '0', '-', '-', '80', 'Laras Pendek'),
(41, 31, 5, 15, '40', '40', '0', '0', '-', '-', '40', 'Laras Pendek'),
(42, 22, 5, 8, '60', '60', '0', '0', '-', '-', '60', 'Laras Pendek'),
(43, 22, 6, 11, '5', '5', '0', '0', '-', '-', '5', 'Laras Panjang'),
(44, 24, 5, 10, '20', '20', '0', '0', '-', '-', '20', 'Laras Pendek'),
(45, 24, 6, 11, '10', '10', '0', '0', '-', '-', '10', 'Laras Panjang'),
(46, 24, 6, 12, '15', '15', '0', '0', '-', '-', '15', 'Laras Panjang'),
(47, 27, 5, 8, '246', '246', '0', '0', '-', '-', '246', 'Laras Pendek'),
(48, 27, 5, 9, '5', '5', '0', '0', '-', '-', '5', 'Laras Pendek'),
(49, 27, 8, 17, '53', '53', '0', '0', '-', '-', '53', 'Laras Panjang'),
(50, 27, 8, 19, '30', '30', '0', '0', '-', '-', '30', 'Laras Panjang'),
(51, 27, 8, 18, '30', '30', '0', '0', '-', '-', '30', 'Laras Pendek'),
(52, 27, 8, 20, '56', '56', '0', '0', '-', '-', '56', 'Laras Panjang'),
(53, 27, 6, 31, '2', '2', '0', '0', '-', '-', '2', 'Laras Panjang'),
(54, 27, 6, 21, '1411', '1411', '0', '0', '-', '-', '1411', 'Laras Panjang'),
(55, 27, 6, 24, '240', '240', '0', '0', '-', '-', '240', 'Laras Panjang'),
(56, 27, 6, 25, '25', '25', '0', '0', '-', '-', '25', 'Laras Panjang'),
(57, 27, 6, 26, '153', '153', '0', '0', '-', '-', '153', 'Laras Panjang'),
(58, 27, 6, 27, '34', '34', '0', '0', '-', '-', '34', 'Laras Panjang'),
(59, 27, 6, 28, '6', '6', '0', '0', '-', '-', '6', 'Laras Panjang'),
(60, 27, 6, 32, '14', '14', '0', '0', '-', '-', '14', 'Laras Panjang'),
(61, 27, 5, 10, '36', '36', '0', '0', '-', '-', '36', 'Laras Pendek'),
(62, 53, 8, 20, '47', '47', '0', '0', '47', '-', '-', 'Laras Panjang'),
(63, 29, 5, 15, '45', '45', '0', '0', '-', '-', '45', 'Laras Pendek'),
(64, 27, 5, 10, '70', '70', '0', '0', '-', '-', '70', 'Laras Pendek'),
(65, 27, 5, 36, '15', '15', '0', '0', '-', '-', '15', 'Laras Pendek'),
(66, 44, 4, 1, '36', '36', '0', '0', '13', '-', '23', 'Laras Pendek'),
(67, 44, 4, 3, '74', '73', '1', '0', '9', '-', '65', 'Laras Pendek'),
(68, 44, 4, 4, '93', '93', '0', '0', '22', '-', '71', 'Laras Pendek'),
(69, 44, 4, 5, '105', '105', '0', '0', '4', '-', '101', 'Laras Pendek'),
(70, 44, 4, 37, '71', '70', '1', '0', '2', '-', '69', 'Laras Pendek'),
(71, 44, 4, 7, '4', '4', '0', '0', '-', '-', '4', 'Laras Pendek'),
(72, 44, 5, 8, '35', '35', '0', '0', '13', '-', '22', 'Laras Pendek'),
(73, 44, 5, 10, '2', '2', '0', '0', '2', '-', '-', 'Laras Pendek'),
(74, 44, 6, 11, '31', '31', '0', '0', '26', '-', '7', 'Laras Panjang'),
(75, 44, 6, 12, '30', '30', '0', '0', '22', '-', '17', 'Laras Panjang'),
(76, 45, 4, 5, '84', '84', '0', '0', '-', '-', '84', 'Laras Pendek'),
(77, 45, 4, 6, '56', '56', '0', '0', '-', '-', '56', 'Laras Pendek'),
(78, 45, 4, 4, '55', '55', '0', '0', '-', '-', '55', 'Laras Pendek'),
(79, 45, 5, 8, '37', '37', '0', '0', '-', '-', '37', 'Laras Pendek'),
(80, 45, 4, 3, '18', '18', '0', '0', '-', '-', '18', 'Laras Pendek'),
(81, 45, 4, 1, '7', '7', '0', '0', '-', '-', '7', 'Laras Pendek'),
(82, 45, 5, 9, '2', '2', '0', '0', '-', '-', '2', 'Laras Pendek'),
(83, 45, 5, 10, '2', '2', '0', '0', '-', '-', '2', 'Laras Pendek'),
(84, 45, 6, 12, '50', '48', '2', '0', '-', '-', '50', 'Laras Panjang'),
(85, 45, 6, 11, '30', '30', '0', '0', '-', '-', '30', 'Laras Panjang'),
(86, 45, 6, 13, '5', '5', '0', '0', '-', '-', '5', 'Laras Panjang'),
(87, 45, 8, 20, '36', '36', '0', '0', '-', '-', '36', 'Laras Panjang'),
(88, 45, 8, 17, '5', '5', '0', '0', '-', '-', '5', 'Laras Panjang'),
(89, 48, 4, 1, '12', '12', '0', '0', '3', '3', '6', 'Laras Pendek'),
(90, 48, 4, 3, '31', '30', '0', '1', '12', '10', '9', 'Laras Pendek'),
(91, 48, 4, 4, '35', '35', '0', '0', '3', '6', '26', 'Laras Pendek'),
(92, 48, 4, 39, '13', '13', '0', '0', '4', '3', '6', 'Laras Pendek'),
(93, 48, 4, 5, '86', '86', '0', '0', '9', '25', '52', 'Laras Pendek'),
(94, 48, 4, 40, '2', '2', '0', '0', '1', '-', '1', 'Laras Pendek'),
(95, 48, 4, 6, '46', '46', '0', '0', '-', '-', '46', 'Laras Pendek'),
(96, 48, 4, 41, '2', '2', '0', '0', '2', '-', '-', 'Laras Pendek'),
(97, 48, 4, 7, '6', '6', '0', '0', '-', '-', '6', 'Laras Pendek'),
(98, 48, 5, 8, '37', '37', '0', '0', '25', '7', '5', 'Laras Pendek'),
(99, 48, 5, 10, '2', '2', '0', '0', '1', '-', '1', 'Laras Pendek'),
(100, 48, 6, 11, '37', '37', '0', '0', '-', '29', '8', 'Laras Panjang'),
(101, 48, 6, 12, '60', '60', '0', '0', '25', '13', '22', 'Laras Panjang'),
(102, 50, 4, 42, '59', '54', '5', '0', '4', '11', '43', 'Laras Pendek'),
(103, 50, 4, 43, '3', '3', '0', '0', '-', '-', '3', 'Laras Pendek'),
(104, 50, 4, 6, '52', '52', '0', '0', '-', '-', '52', 'Laras Pendek'),
(105, 50, 4, 7, '1', '1', '0', '0', '-', '-', '1', 'Laras Pendek'),
(106, 50, 4, 4, '70', '67', '3', '0', '13', '16', '40', 'Laras Pendek'),
(107, 50, 4, 5, '48', '48', '0', '0', '2', '6', '40', 'Laras Pendek'),
(108, 50, 5, 10, '2', '2', '0', '0', '2', '-', '-', 'Laras Pendek'),
(109, 50, 5, 8, '38', '38', '0', '0', '33', '5', '1', 'Laras Pendek'),
(110, 50, 5, 9, '2', '2', '0', '0', '2', '-', '-', 'Laras Pendek'),
(111, 50, 6, 12, '30', '30', '0', '0', '21', '3', '6', 'Laras Panjang'),
(112, 50, 6, 11, '29', '28', '1', '0', '2', '27', '-', 'Laras Panjang'),
(113, 50, 8, 44, '4', '4', '0', '0', '4', '-', '-', 'Laras Pendek'),
(114, 50, 8, 20, '22', '22', '0', '0', '22', '-', '-', 'Laras Panjang'),
(115, 50, 8, 17, '5', '5', '0', '0', '5', '-', '-', ''),
(116, 50, 5, 14, '12', '12', '0', '0', '-', '-', '12', ''),
(117, 52, 4, 3, '10', '10', '0', '0', '-', '-', '10', ''),
(118, 52, 4, 4, '25', '25', '0', '0', '-', '-', '25', ''),
(119, 52, 4, 5, '85', '85', '0', '0', '-', '-', '85', ''),
(120, 52, 4, 5, '79', '79', '0', '0', '-', '-', '79', ''),
(121, 52, 5, 8, '38', '38', '0', '0', '-', '-', '38', ''),
(122, 52, 5, 10, '2', '2', '0', '0', '-', '-', '2', ''),
(123, 52, 5, 9, '2', '2', '0', '0', '2', '-', '-', ''),
(124, 52, 6, 11, '44', '44', '0', '0', '-', '-', '44', ''),
(125, 52, 6, 12, '60', '60', '0', '0', '-', '-', '60', ''),
(126, 52, 6, 13, '4', '4', '0', '0', '-', '-', '4', ''),
(127, 21, 5, 8, '19', '19', '0', '0', '-', '-', '19', ''),
(128, 21, 8, 20, '41', '41', '0', '0', '-', '-', '41', ''),
(129, 21, 6, 11, '44', '44', '0', '0', '-', '-', '44', ''),
(130, 21, 6, 12, '30', '30', '0', '0', '-', '-', '30', ''),
(131, 21, 6, 29, '52', '52', '0', '0', '-', '-', '52', ''),
(132, 21, 6, 45, '35', '35', '0', '0', '-', '-', '35', ''),
(133, 21, 6, 30, '50', '50', '0', '0', '-', '-', '50', ''),
(134, 21, 5, 46, '50', '50', '0', '0', '-', '-', '50', ''),
(135, 40, 4, 7, '2', '2', '0', '0', '-', '-', '2', ''),
(136, 40, 4, 4, '2', '2', '0', '0', '-', '-', '2', ''),
(137, 40, 4, 5, '97', '97', '0', '0', '-', '-', '97', ''),
(138, 40, 4, 6, '22', '22', '0', '0', '-', '-', '22', ''),
(139, 40, 5, 8, '25', '25', '0', '0', '-', '-', '25', ''),
(140, 40, 6, 13, '8', '8', '0', '0', '-', '-', '8', ''),
(141, 40, 6, 11, '27', '27', '0', '0', '-', '-', '27', ''),
(142, 40, 6, 12, '50', '50', '0', '0', '-', '-', '50', ''),
(143, 40, 6, 33, '338', '338', '0', '0', '-', '-', '338', ''),
(144, 40, 6, 34, '162', '162', '0', '0', '-', '-', '162', ''),
(145, 40, 6, 47, '92', '92', '0', '0', '-', '-', '92', ''),
(146, 25, 6, 11, '2', '2', '0', '0', '-', '-', '2', ''),
(147, 25, 6, 12, '2', '2', '0', '0', '-', '-', '2', ''),
(148, 38, 6, 12, '6', '6', '0', '0', '-', '-', '6', ''),
(149, 47, 4, 7, '8', '8', '0', '0', '-', '-', '8', ''),
(150, 47, 4, 1, '25', '25', '0', '0', '-', '-', '25', ''),
(151, 47, 4, 3, '47', '47', '0', '0', '-', '-', '47', ''),
(152, 47, 4, 4, '40', '40', '0', '0', '-', '-', '40', ''),
(153, 47, 4, 40, '1', '1', '0', '0', '-', '-', '1', ''),
(154, 47, 4, 5, '63', '63', '0', '0', '-', '-', '63', ''),
(155, 47, 4, 43, '1', '1', '0', '0', '-', '-', '1', ''),
(156, 47, 4, 6, '51', '51', '0', '0', '-', '-', '51', ''),
(157, 47, 5, 10, '2', '2', '0', '0', '-', '-', '2', ''),
(158, 47, 5, 8, '35', '35', '0', '0', '-', '-', '35', ''),
(159, 47, 8, 20, '40', '40', '0', '0', '-', '-', '40', ''),
(160, 47, 6, 11, '40', '40', '0', '0', '-', '-', '40', ''),
(161, 47, 6, 12, '60', '60', '0', '0', '-', '-', '60', ''),
(162, 49, 4, 7, '1', '1', '0', '0', '-', '-', '1', ''),
(163, 49, 4, 3, '2', '2', '0', '0', '-', '-', '2', ''),
(164, 49, 4, 4, '36', '36', '0', '0', '-', '-', '36', ''),
(165, 49, 4, 5, '78', '78', '0', '0', '-', '-', '78', ''),
(166, 49, 4, 6, '76', '76', '0', '0', '-', '-', '76', ''),
(167, 49, 5, 10, '2', '2', '0', '0', '-', '-', '2', ''),
(168, 49, 5, 8, '35', '35', '0', '0', '-', '-', '35', ''),
(169, 49, 8, 20, '30', '30', '0', '0', '-', '-', '30', ''),
(170, 49, 6, 11, '34', '34', '0', '0', '-', '-', '34', ''),
(171, 49, 6, 12, '25', '25', '0', '0', '-', '-', '25', ''),
(172, 51, 4, 7, '1', '1', '0', '0', '-', '-', '1', ''),
(173, 51, 4, 3, '17', '17', '0', '0', '-', '-', '17', ''),
(174, 51, 4, 1, '20', '20', '0', '0', '-', '-', '20', ''),
(175, 51, 4, 4, '30', '30', '0', '0', '-', '-', '30', ''),
(176, 51, 4, 5, '72', '72', '0', '0', '-', '-', '72', ''),
(177, 51, 4, 43, '2', '2', '0', '0', '-', '-', '2', ''),
(178, 51, 4, 6, '52', '52', '0', '0', '-', '-', '52', ''),
(179, 51, 5, 10, '2', '2', '0', '0', '-', '-', '2', ''),
(180, 51, 5, 8, '35', '35', '0', '0', '-', '-', '35', ''),
(181, 46, 6, 13, '10', '10', '0', '0', '-', '-', '10', ''),
(182, 46, 6, 11, '17', '17', '0', '0', '17', '-', '-', ''),
(183, 46, 6, 12, '25', '25', '0', '0', '25', '-', '-', ''),
(184, 46, 4, 7, '1', '1', '0', '0', '-', '-', '1', ''),
(185, 46, 4, 3, '3', '3', '0', '0', '-', '-', '3', ''),
(186, 46, 4, 1, '1', '1', '0', '0', '-', '-', '1', ''),
(187, 46, 4, 4, '9', '9', '0', '0', '-', '-', '9', ''),
(188, 46, 4, 5, '17', '17', '0', '0', '-', '-', '17', ''),
(189, 46, 4, 6, '33', '33', '0', '0', '-', '-', '33', ''),
(190, 46, 5, 10, '2', '2', '0', '0', '-', '-', '2', ''),
(191, 46, 5, 8, '35', '35', '0', '0', '-', '-', '35', ''),
(192, 47, 5, 14, '10', '10', '0', '0', '-', '-', '10', ''),
(193, 26, 6, 30, '50', '50', '-', '-', '-', '-', '50', ''),
(194, 26, 5, 46, '50', '50', '-', '-', '-', '-', '50', '');

-- --------------------------------------------------------

--
-- Table structure for table `sertifikasi`
--

CREATE TABLE `sertifikasi` (
  `id_sertifikasi` int(11) NOT NULL,
  `id_satker` int(11) DEFAULT NULL,
  `nama` varchar(100) NOT NULL,
  `pangkat` varchar(200) NOT NULL,
  `nrp` text NOT NULL,
  `jabatan` varchar(200) NOT NULL,
  `nomor` text NOT NULL,
  `hp` text NOT NULL
) ENGINE=InnoDB DEFAULT CHARSET=utf8mb4 COLLATE=utf8mb4_general_ci;

--
-- Dumping data for table `sertifikasi`
--

INSERT INTO `sertifikasi` (`id_sertifikasi`, `id_satker`, `nama`, `pangkat`, `nrp`, `jabatan`, `nomor`, `hp`) VALUES
(8, 20, 'BAYU ADI BASKARA, S.H.', 'BRIPTU', '97050765', 'BA BAG BEKUM', '01145131025', '085954698396'),
(9, 20, 'TAUFIK ROCHMAD HIDAYAT, S.I.K.', 'KOMBES POL', '68110405', 'Karolog Polda NTB', '031611378494825', '08113001922'),
(10, 48, 'SAMSUL KOMAR', 'AIPTU', '69060426', 'Banit Turjawali Sat Samapta', '121391545930779', '085942922138'),
(11, 44, 'I MADE ARDIKA', 'IPTU', '70110114', 'KASI TIK', '121391528930766', '081917724222'),
(12, 50, 'SUMARLIN', 'IPTU', '72090048', 'KAPOLSEK LAPE', '121391551930782', '087863690392'),
(13, 20, 'NANANG KUSWANTORO, S.H.', 'AKBP', '74030672', 'Kabag Ada Birolog', '121391582930777', '087865308667'),
(14, 51, 'SUDIRMAN, S.H.', 'AKP', '75010691', 'Kasubbagdalops Bag Ops', '121391506930755', '08123715531'),
(15, 50, 'SARDI', 'IPDA', '75050170', 'KASI HUMAS', '121391547930780', '085238844532'),
(16, 47, 'MUHAMMAD IRFAN', 'AIPTU', '75120997', 'PS. KA. SPKT I Polsek Praya Timur', '121391539930774', '081936879708'),
(17, 27, 'ADIN MUSTOFA', 'AKP', '76070300', 'Kasubsibekum Silog Satbrimob', '121391507930756', '081805250158'),
(18, 47, 'RAHEL ELSI MBUIK', 'AKP', '76100393', 'Kapolsek Kawasan Mandalika', '121391510930759', '082145887706'),
(19, 49, 'DWI SETIONO', 'IPDA', '76120526', 'Kasat Tahti', '121391553930783', '081353550255'),
(20, 44, 'SAPRUL JAMIL', 'AIPTU', '77010283', 'PS. Kanit 1 SPKT Polresta Mataram', '121391530930768', '081917983889'),
(21, 50, 'RUSLAN', 'AKP', '77020267', 'KABAG LOGISTIK', '121391470930738', '081337831644'),
(22, 42, 'I MADE DERAWA, AMK', 'IPDA', '77030741', 'Kaur Ren Rumkit Bhayangkara Mataram', '112003748052774', '085237926588'),
(23, 29, 'JUNAID', 'AIPTU', '77061047', 'Banit Subdit 3 Ditreskrimsus', '121391491930747', '085333323090'),
(24, 51, 'GUNTORO, S.H.', 'AIPTU', '79050654', 'Ps Paur Subbag Bekpal', '82101343060510', '082339050688'),
(25, 53, 'NURYANTO, S.T.', 'AIPDA', '79061285', 'PS. Paur Bekpal', '121391566930792', '085238511625'),
(26, 45, 'BAKHTIAR', 'AIPTU', '79070942', 'Ps Kasi TIK', '121391533930770', '082340125009'),
(27, 40, 'DEDI WAHYUDI, S.Pd.', 'BRIPKA', '87031589', 'Bamin Gadik', '121391519930762', '082144561047'),
(28, 45, 'MUHAMAD ISTIHAR, S.H.', 'AIPTU', '79080492', 'Ps. Paur Subbagbinkar', '121391534930771', '081805777119'),
(29, 46, 'YOSEP FERDINAND W', 'BRIPKA', '80030069', 'Ba Sipropam Polres Lotara', '121391503930753', '081339556555'),
(30, 44, 'I KETUT SUARDANA YASA, S.H.', 'AIPTU', '80040767', 'Ps. Panit I Unit Binmas Polsek Ampenan', '121391529930767', '081915954451'),
(31, 52, 'GEDE ADI CIPTA', 'AIPTU', '80110152', 'PS. Paurmin Bag Ops Polres Bima', '121391560930789', '081238666005'),
(32, 32, 'MUH. MUCHLIS, S.E', 'AIPDA', '81041394', 'Ps. Kaurkeu Bidpropam', '121391531930769', '081805776184'),
(33, 35, 'ABDUL KARIM, S.H.', 'AIPTU', '81100307', 'Ps. Kaurkeu Biddokkes', '121391496930749', '081339804957'),
(34, 44, 'NANANG DERMANTO, S.H.', 'AIPTU', '81120038', 'PS. Paur Subbag Dalprogar Bagren', '101802434026277', '081933150333'),
(35, 45, 'M. LUKMANUL HAKIM, S.H.', 'AIPDA', '82020966', 'Bamin Subbag Bekpal', '121391469930737', '081803613640'),
(36, 40, 'YE` HUBAIDULLAH, S.E.', 'AIPDA', '82081428', 'Ps. Kaur Keu SPN', '121391497930750', '081938148517'),
(37, 32, 'TASLIM', 'AIPDA', '83010039', 'Ps. Pamin 1 Subbagrehabpers Bidpropam', '121391508930757', '081907298880'),
(38, 48, 'YUDHA ADITYA WARMAN', 'IPTU', '83031136', 'Kapolsek Jerowaru', '121391522930764', '081997739888'),
(39, 49, 'JALALUDDIN', 'BRIPKA', '81070006', 'Ba Polsek Taliwang', '121391555930785', '081916884381'),
(40, 45, 'LALU SURYA ATMAJA', 'AIPDA', '83031362', 'Bamin Subbag Bekpal', '121391535930772', '087755081677'),
(41, 50, 'I KETUT AGUS BUDIASA', 'AIPDA', '83110992', 'KAURMINTU SAT TAHTI', '121391548930781', '085238220203'),
(42, 49, 'ANDRI SUNARKO', 'IPDA', '84111441', 'KBO SAT SAMAPTA', '121391554930784', '081339576636'),
(43, 42, 'EFENDY SULISTIYANTO, S.Si.', 'IPDA', '85032014', 'Kaur Keu Rumkit Bhayangkara Mataram', '121391536930773', '08175786662'),
(44, 44, 'HADI RAMDANI', 'IPDA', '85121120', 'PS. Kasikeu Polresta Mataram', '121391513930760', '081232323500'),
(45, 26, 'I GUSTI NGURAH PARTHA', 'AIPDA', '86060365', 'Ps. panit II si patwalairud', '121391502930752', '0817366140'),
(46, 38, 'I PUTU YASA', 'BRIGADIR', '86100626', 'Ba Yanma Poda NTB', '121391539930774', '0817367909'),
(47, 47, 'ACH. YUDHIAN IFANANI, S.H.', 'IPDA', '87050175', 'Kanit 1 Sat Reskrim', '31700254004427', '081916033812'),
(48, 22, 'MUH. SAUFI HAQIQI', 'BRIPKA', '87100049', 'Banum Ditlantas Polda NTB', '11703184004434', '085937025599'),
(49, 40, 'IZZUDDIN RAHMAN HIDAYAT', 'BRIPKA', '88050573', 'Ps. Pamin 6', '121391521930763', '087850354095'),
(50, 28, 'I DW KETUT BUDIATHA, S.H.', 'BRIPKA', '88090870', 'Banum Bag Analis', '121391487930744', '081236043434'),
(51, 30, 'AHMAD FITRI, S.H.', 'BRIPKA', '88120908', 'Banit Unit 1 Subdit 1 Ditreskrimum Polda NTB', '121391556930786', '085333083936'),
(52, 23, 'ANDI KHUWAILID', 'BRIPKA', '89010362', 'Bamin Subdit Satpam/Polsus', '121391495930748', '085237811190'),
(53, 52, 'SYAHRUL RIJAL', 'BRIGADIR', '91090170', 'Ps. Paur Bekpal Bag Logistik Polres Bima', '121391562930790', '082236387135'),
(54, 52, 'I GEDE WIRADANA', 'BRIGADIR', '92090054', 'Ps. Kasi Keu Polres Bima', '121391559930788', '082144485555'),
(55, 53, 'IMRON', 'BRIGADIR', '92090054', 'BA SPKT Polres Bima Kota', '121391557930787', '082339038146'),
(56, 44, 'LALU JANUAR YUDHI ARGANANTA, S.H.', 'BRIGADIR', '94010941', 'Ps. Kasubsi APK Sikeu Polresta Mataram', '101802440026276', '081239874039'),
(57, 47, 'JUHAINI', 'PENGTU', '197012312008101000', 'Banum Bag Logistik Polres Lombok Tengah', '121391541930776', '081936726093'),
(58, 42, 'KADEK SRI PARWATI, S.K.M', 'PENATA TK 1', '197204021996032002', 'Kaur Jangum Subbid Jangmedum', '82101720060511', '082340893860'),
(59, 17, 'NURAINI, S.E.', 'PEMBINA', '197206061998032000', 'Kaur Ren Bag Renmin Biro Ops Polda NTB', '121391479930741', '085237117007'),
(60, 29, 'WAHYUDDIN SYAH, S.T.', 'PENATA TK I', '197302152002121002', 'Plh Kabag Binopsnal', '90709826038942', '081917388890'),
(61, 35, 'ABDUL SENAN, S.Sos.', 'PENATA TK I', '197411171998031002', 'Paur 3 Subbid Kespol Biddokkes', '60904617531925', '08174761984'),
(62, 42, 'MUHZAR, S. Kep.,Ners.', 'PENATA', '197907062006041000', 'Pamin 1 Subbid Jangmedum Rumkit', '61217160900693', '081917020746'),
(63, 20, 'NI MADE SUSANTI, S.Adm, M.I.Kom.', 'PENATA MUDA TK I', '197910142003122005', 'Ps. Pamin 3 Subbagrenmin', '121391482930742', '081907670083'),
(64, 35, 'MUNANDAR, S.H.', 'PEMBINA', '198005232006041000', 'Kasubbagrenmin Biddokkes', '121391515930761', '081805206040'),
(65, 38, 'YUGO DAMAIYANTO, S.E.', 'PENATA', '198105222008121000', 'Staf Subag Renmin Yanma Polda NTB', '051693210011108', '08113907704'),
(66, 32, 'NI PUTU SUMIARTINI', 'PENGDATU', '198505062005012001', 'Ba Subbagrehabpers Bidpropam', '121391509930758', '081337381464'),
(67, 19, 'SYAFARI KUSAIDI, S.H.', 'PENATA', '198510252006041003', 'Kaurkeu Subbagrenmin Biro SDM Polda NTB', '121391475930740', '081907381985'),
(68, 35, 'YONI PANDUWINARNI,SST.KEB.,M.KES', 'PENATA MUDA TK I', '198708142009122001', 'Kaurren Biddokkes', '62101375060508', '081238145258'),
(69, 35, 'dr. MIKE WIJAYANTI DJOHAR', 'PEMBINA', '197512192005012000', 'PLT. KARUMKIT', '01145141024', '08532323232');

-- --------------------------------------------------------

--
-- Table structure for table `settings`
--

CREATE TABLE `settings` (
  `id` int(9) NOT NULL,
  `class` varchar(255) NOT NULL,
  `key` varchar(255) NOT NULL,
  `value` text DEFAULT NULL,
  `type` varchar(31) NOT NULL DEFAULT 'string',
  `context` varchar(255) DEFAULT NULL,
  `created_at` datetime NOT NULL,
  `updated_at` datetime NOT NULL
) ENGINE=InnoDB DEFAULT CHARSET=utf8mb3 COLLATE=utf8mb3_general_ci;

-- --------------------------------------------------------

--
-- Table structure for table `stok`
--

CREATE TABLE `stok` (
  `id_stok` int(11) NOT NULL,
  `uraian` varchar(200) NOT NULL,
  `satuan` varchar(200) NOT NULL,
  `jumlah` varchar(100) NOT NULL
) ENGINE=InnoDB DEFAULT CHARSET=utf8mb4 COLLATE=utf8mb4_general_ci;

--
-- Dumping data for table `stok`
--

INSERT INTO `stok` (`id_stok`, `uraian`, `satuan`, `jumlah`) VALUES
(4, 'AMUNISI TAJAM KAL. 38 SPC', 'BUTIR', '11100'),
(5, 'AMUNISI KARET KAL. 38 SPC', 'BUTIR', '7721'),
(6, 'AMUNISI HAMPA KAL. 38 SPC', 'BUTIR', '5671'),
(7, 'AMUNISI TAJAM KAL. 5,56 5 TJ', 'BUTIR', '12700'),
(8, 'AMUNISI KARET KAL. 5,56 5DK', 'BUTIR', '8621'),
(9, 'AMUNISI HAMPA KAL. 5,56 5H', 'BUTIR', '1450'),
(10, 'AMUNISI TAJAM KAL. 7,62 MM 11 TAJAM', 'BUTIR', '16776'),
(11, 'AMUNISI KARET KAL. 7,62 MM 11DK', 'BUTIR', '9488'),
(12, 'AMUNISI TAJAM KAL. 9 MM 1 TAJAM', 'BUTIR', '5800'),
(13, 'AMUNISI HAMPA KAL. 7,62 MM 11 H', 'BUTIR', '8218'),
(14, 'AMUNISI HAMPA KAL. 9X9 MM 1 HAMPA ', 'BUTIR', '6214'),
(15, 'AMUNISI TAJAM KAL. 5,56 MM 4 TAJAM', 'BUTIR', '15158'),
(16, 'AMUNISI TAJAM KAL. 7,62 MM 8 TAJAM', 'BUTIR', '25097'),
(17, 'AMUNISI TAJAM KAL. 7,62 MM 2 TAJAM', 'BUTIR', '8004'),
(18, 'AMUNISI TAJAM KAL. 7,62 MM 2 TJS', 'BUTIR', '9572'),
(19, 'AMUNISI HAMPA KAL. 7,62 MM 2 HAMPA', 'BUTIR', '4417'),
(20, 'AMUNISI TAJAM KAL. 5,56 MM 42 TAJAM', 'BUTIR', '13835'),
(21, 'AMUNISI KARET KAL. 5,56 MM MU 42 KARET', 'BUTIR', '8114'),
(22, 'AMUNISI HAMPA KAL. 5,56 MM MU 42 HAMPA', 'BUTIR', '7269'),
(23, 'AMUNIS GAS KAL. 37/38 CS TEAR GAS CCS 40C 38', 'BUTIR', '250 '),
(24, 'AMUNISI GAS KAL. 37/38 CS TEAR GAS 40C 383P', 'BUTIR', '250');

-- --------------------------------------------------------

--
-- Table structure for table `stok_kapor`
--

CREATE TABLE `stok_kapor` (
  `id_stokkapor` int(11) NOT NULL,
  `uraian` varchar(200) NOT NULL,
  `satuan` varchar(200) NOT NULL,
  `jumlah` varchar(100) NOT NULL
) ENGINE=InnoDB DEFAULT CHARSET=utf8mb4 COLLATE=utf8mb4_general_ci;

--
-- Dumping data for table `stok_kapor`
--

INSERT INTO `stok_kapor` (`id_stokkapor`, `uraian`, `satuan`, `jumlah`) VALUES
(5, 'FIELDCAP BINTARA', 'BUAH', '122'),
(6, 'FIELDCAP PAMA', 'BUAH', '21'),
(7, 'FIELDCAP PAMEN', 'BUAH', '35'),
(8, 'BARET SABHARA + EMBLEM', 'SET', '160'),
(9, 'TOPI LAPANGAN BINTARA (KP)', 'BUAH', '5800'),
(10, 'TOPI LAPANGAN PAMA (KP)', 'BUAH', '370'),
(11, 'TOPI LAPANGAN PAMEN (KP)', 'BUAH', '36'),
(12, 'PET DISUP BINTARA', 'BUAH', '183'),
(13, 'T-SHIRT COKLAT (KP)', 'PCS', '5007'),
(14, 'PAKAIAN PDH POLRI POLWAN', 'STEL', '9'),
(15, 'PAKAIAN PDH POLRI PRIA', 'STEL', '106'),
(16, 'PAKAIAN PDU IV PRIA', 'STEL', '99'),
(17, 'PAKAIAN PDU IV WANITA', 'STEL', '8'),
(18, 'PAKAKAIN PDU I PRIA', 'STEL', '70'),
(19, 'PAKAIAN PDL I POLRI TWO TONE PRIA', 'STEL', '139'),
(20, 'PAKAIAN PDL I POLRI TWO TONE WANITA', 'STEL', '19'),
(21, 'JAKET HITAM POLRI', 'PCS', '54'),
(22, 'PAKAIAN PDL II TWO TONE POLRI PRIA (2020)', 'STEL', '126'),
(23, 'PAKAIAN PDL II TWO TONE POLRI WANITA (2020)', 'STEL', '6'),
(24, 'PAKAIAN BELADIRI ', 'STEL', '26'),
(25, 'JAKET HITAM POLRI (2022)', 'BUAH', '29'),
(26, 'T-SHIRT COKLAT LENGAN PANJANG', 'PCS', '50 '),
(27, 'PAKAIAN PDL II TWO TONE COKLAT PRIA (2023)', 'STEL', '148'),
(28, 'SEPATU DINAS HARIAN PRIA POLRI (2020)', 'PASANG', '19'),
(29, 'SEPATU DINAS LAPANGAN (2020)', 'PASANG', '128'),
(30, 'SEPATU DINAS LAPANGAN PROVOST', 'PASANG', '17'),
(31, 'SEPATU DINAS SABHARA KHUSUS', 'PASANG', '201'),
(32, 'KAOS KAKI DISLAP', 'PASANG', '19'),
(33, 'KAOS KAKI DISHAR', 'PASANG', '182'),
(34, 'SEPATU DINAS LAPANGAN ', 'PASANG', '37 '),
(35, 'SEPATU POLANTAS PRIA', 'PASANG', '8'),
(36, 'TPH BHARADA', 'SET', '42'),
(37, 'TPH BHARAKA', 'SET', '1'),
(38, 'TALI PELUIT PROVOST', 'BUAH', '8'),
(39, 'TPH AKBP', 'SET', '60'),
(40, 'TPH KOMPOL', 'SET', '100'),
(41, 'TPH AKP', 'SET', '125'),
(42, 'TPH IPTU', 'SET', '203'),
(43, 'TPH IPDA', 'SET', '298'),
(44, 'TPU AKBP', 'SET', '60'),
(45, 'TPU KOMPOL', 'SET', '100'),
(46, 'TPU AKP', 'SET', '125'),
(47, 'TPU IPTU', 'SET', '203'),
(48, 'TPU IPDA', 'SET', '298'),
(49, 'TPU BHARAKA', 'SET', '1'),
(50, 'TPU BHARADA', 'SET', '42'),
(51, 'IKAT PINGGANG LOGO TRIBRATA', 'UTAS', '85'),
(52, 'TALI PELUIT HITAM', 'BUAH', '92'),
(53, 'KOPELRIM', 'SET', '48'),
(54, 'KOPELRIM PUTIH LANTAS', 'SET', '317'),
(55, 'ROMPI KESELAMATAN STABILO', 'PCS', '600'),
(56, 'PONCO/JAS HUJAN', 'BUAH', '50'),
(57, 'HANDUK MANDI', 'BUAH', '50'),
(58, 'HANDUK LAPANGAN', 'BUAH', '50'),
(59, 'TAS RANSEL SERBAGUNA', 'BUAH', '397'),
(60, 'VELDBED', 'SET', '155'),
(61, 'TONGKAT BATON POLRI', 'SET', '40'),
(62, 'MAKANAN TAMBAHAN POLRI (MTP)', 'KOTAK', '190');

-- --------------------------------------------------------

--
-- Table structure for table `tanah`
--

CREATE TABLE `tanah` (
  `id_tanah` int(11) NOT NULL,
  `id_satker` int(11) DEFAULT NULL,
  `luas` varchar(100) NOT NULL,
  `bidang` varchar(200) NOT NULL,
  `status` enum('sudah bersertifikasi','belum bersertifikasi','pinjam pakai','') NOT NULL
) ENGINE=InnoDB DEFAULT CHARSET=utf8mb4 COLLATE=utf8mb4_general_ci;

--
-- Dumping data for table `tanah`
--

INSERT INTO `tanah` (`id_tanah`, `id_satker`, `luas`, `bidang`, `status`) VALUES
(6, 38, '13.855 M2', 'Tanah Rumjab Kapolda,TK,Rumjab,Pejabat Utama, Klinik dan Kantor Biddokkes Polda NTB', 'sudah bersertifikasi'),
(7, 38, '17.641 M2', 'Tanah Lapangan Upacara/ Olah raga Polda NTB', 'sudah bersertifikasi'),
(8, 38, '34.289 M2', 'Tanah gedung Mapolda baru, Lap Tennis,Mess Perwira, SPBP, Rumdin Perwira, Gudang Logistik', 'sudah bersertifikasi'),
(9, 38, ' 3.510 M2', 'Tanah Masjid Polda NTB', 'sudah bersertifikasi'),
(10, 38, '493 M2', 'Tanah  Rumah Penjaga Masjid', 'sudah bersertifikasi'),
(11, 38, '251 M2', 'Tanah Rumah Tahanan Polda NTB', 'sudah bersertifikasi'),
(12, 38, '12.075 M2', 'Tanah Gedung Polda NTB lama (Dit Intel, Pamobvit, Res Narkoba,Gudang Logistik, Dit Sabhara)', 'sudah bersertifikasi'),
(13, 38, '6. 850 M2', 'Tanah Kantor Dit Lantas, Gedung Sasana Dharma', 'sudah bersertifikasi'),
(14, 38, ' 543  M2', 'Tanah Rumjab Kapolres Mataram', 'sudah bersertifikasi'),
(15, 38, ' 261  M2', 'Tanah Rumjab Kayanma', 'sudah bersertifikasi'),
(16, 38, ' 312  M2', 'Tanah Kanel Satwa Polda NTB Dit Samapta Polda NTB', 'sudah bersertifikasi'),
(17, 38, ' 583  M2', 'Tanah  Kandang Kuda Dit Samapta Polda NTB', 'sudah bersertifikasi'),
(18, 38, ' 9,930 M2', 'Tanah Rumdin Perwira dan BintaraPolda NTB', 'sudah bersertifikasi'),
(19, 38, ' 2,740 M2', 'Tanah Rumdin Perwira dan Bintara Polda NTB', 'sudah bersertifikasi'),
(20, 38, ' 3,501 M2', 'Tanah kosong Kel. Karang Pule Kec. Sekarbela Kota Mataram', 'sudah bersertifikasi'),
(21, 38, ' 6,243 M2', 'Tanah Rusun Polda NTB (Tanah Bambu runcing)', 'sudah bersertifikasi'),
(22, 42, ' 3,458 m2', 'Tanah Rumkit Bayangkara Mataram', 'sudah bersertifikasi'),
(23, 27, ' 44,913 m2', 'Tanah Kesatrian Sat Brimob Polda NTB', 'sudah bersertifikasi'),
(24, 27, '50,000 m2', 'Tanah Kompi 3, Yon A, Pelopor Lombok Utara', 'sudah bersertifikasi'),
(25, 27, ' 50,000 m2', 'Tanah rencana lokasi Kompi 4, Yon A, Pelopor Lombok Barat', 'sudah bersertifikasi'),
(26, 27, ' 40,000 m2', 'Tanah Kompi 2, Yon A, Pelopor Lombok Tengah', 'sudah bersertifikasi'),
(27, 27, ' 10,000 m2', 'Tanah Kompi 2, Yon A, Pelopor Lombok Tengah', 'sudah bersertifikasi'),
(28, 27, ' 25,154 m2', 'Tanah Kompi 3, Yon B, Pelopor Lombok Timur', 'sudah bersertifikasi'),
(29, 27, ' 49,650 m2', 'Tanah Kompi 2, Yon B, Pelopor Sumbawa Barat', 'sudah bersertifikasi'),
(30, 27, ' 50,000 m2', 'Tanah Kompi 1, Yon B, Pelopor Sumbawa', 'sudah bersertifikasi'),
(31, 27, ' 19,128 m2', 'Tanah Kompi 2, Yon C, Pelopor Dompu', 'sudah bersertifikasi'),
(32, 27, '50,000 m2', 'Tanah Kompi 1, Yon C, Pelopor Bima', 'sudah bersertifikasi'),
(33, 27, ' 10,210 m2', 'Tanah Kompi 3, Yon C, Pelopor Sape Bima', 'sudah bersertifikasi'),
(34, 27, ' 46,725 m2', 'Tanah rencana lokasi Mako Batalyon C  Desa Sanolo, Kecamatan Bolo  Kabupaten Bima', 'sudah bersertifikasi'),
(35, 26, ' 1,010 m2', 'Tanah Mako Dit Pol Airud Jl. Pantai Cemara Desa Lembar Kec.Lembar Kab.  Lombok Barat', 'sudah bersertifikasi'),
(36, 26, ' 628 m2', 'Tanah Rencana Dermaga Kapal Polair Dusun Serumbung Ds.Lembar Kec. Lembar Kab. Lombok Barat', 'sudah bersertifikasi'),
(37, 26, ' 2,500 m2', 'Tanah  kosong rencana lokasi  Mako Polair Dusun Puyuhan Ds. Lembar Kec. Lembar Kab. Lombok Barat', 'sudah bersertifikasi'),
(38, 26, ' 404 m2', 'Pos Polair Sape bima', 'sudah bersertifikasi'),
(39, 26, ' 851 m2', 'Pos Polair Lab Kenanga Desa Labuhan Kenanga Kec. Tambora Kab. Bima', 'sudah bersertifikasi'),
(40, 26, ' 9,087 m2', 'Renc, Mako Unit Dit Polair Labuan Lombok Desa Labuhan Lombok Kec. Pringgabaya Kab. Lombok Timur', 'sudah bersertifikasi'),
(41, 40, '546,600 m2', 'Tanah SPN Polda NTB', 'sudah bersertifikasi'),
(42, 44, ' 17,400 m2', 'Tanah Kantor dan Asrama  Polresta Mataram Jl. Langko 17 Mataram', 'sudah bersertifikasi'),
(43, 44, ' 13,838 m2', 'Tanah Kantor dan Asrama Polsek Cakranegara', 'sudah bersertifikasi'),
(44, 44, ' 914 m2', 'Tanah Kantor Polsek Mataram Jl. Bung Karno Mataram', 'sudah bersertifikasi'),
(45, 44, ' 2,340 m2', 'Tanah Kantor dan Asrama  Polsek Ampenan', 'sudah bersertifikasi'),
(46, 44, ' 1,645 m2', 'Tanah Kantor dan Asrama  Pos Pol Pagutan Jl. Bung Karno Kelurahan Pagutan Kec. Mataram, Kota Mataram', 'sudah bersertifikasi'),
(47, 44, ' 4,000 m2', 'Tanah Kantor dan Asrama  Polsek Lingsar Desa Sigerongan, Kec. Lingsar', 'sudah bersertifikasi'),
(48, 44, ' 4,000 m2', 'Tanah Kantor dan Asrama  Polsek Gunung sari ', 'sudah bersertifikasi'),
(49, 44, ' 3,660 m2', 'Tanah Kantor dan Asrama  Polsek Narmada', 'sudah bersertifikasi'),
(50, 44, ' 1,282 m2', 'Tanah Kantor  Polsek Selaparang Jalan Bung Hatta, Kel. Monjok Timur,  Kecamatan Selaparang, Kota Mataram', 'sudah bersertifikasi'),
(51, 45, ' 32,850 m2', 'Tanah Mako Polres Lombok Barat Jl. Raya Lembar', 'sudah bersertifikasi'),
(52, 45, ' 6,615 m2', 'Tanah Polsek Kediri Jl. Raya Kediri Desa Kediri, Kec. Kediri', 'sudah bersertifikasi'),
(53, 45, ' 18,979 m2', 'Tanah Polsek Gerung Jl. Gerung-Lembar', 'sudah bersertifikasi'),
(54, 45, ' 2,184 m2', 'Tanah Polsek Sekotong', 'pinjam pakai'),
(55, 45, ' 5,000 m2', 'Tanah relokasi Polsek Sekotong Desa sekotong Tengah', 'sudah bersertifikasi'),
(56, 45, ' 228 m2', 'Tanah Pos Pol Sekotong Barat Jl. Raya Pelangan Desa Sekotong Barat', 'sudah bersertifikasi'),
(57, 45, ' 2,325 ', 'Tanah Pos Pol Kuripan Desa Kuripan Kec. Kuripan', 'sudah bersertifikasi'),
(58, 45, ' 2,966  m2', 'Tanah Polsek Labuapi Jl. Gunung Pengsong Kel. Karang Bongkot Kec. Labuapi', 'sudah bersertifikasi'),
(59, 45, ' 2,927  m2', 'Tanah Polsek Lembar Jl. Raya Lembar-Sekotong Desa Labuan Tereng, Kec. Lembar Kab. Lombok Barat', 'sudah bersertifikasi'),
(60, 45, ' 300 m2', 'Rencana Tanah Pos Pol Mareje Rencana Tanah Pos Pol Mareje', 'sudah bersertifikasi'),
(61, 45, ' 716 m2', 'Tanah Polsek Senggigi Jl. Raya Senggigi Desa Batu layar.', 'pinjam pakai'),
(62, 46, ' 25,000 m2', 'Tanah Mako Polres Lombok Utara Desa Genggelang, Kec. Gangga Kab. Lombok Utara', 'sudah bersertifikasi'),
(63, 46, ' 5,884 m2', 'Tanah Rusun dan Rumdin Polres Lotara Desa Genggelang, Kec. Gangga Kab. Lombok Utara', 'sudah bersertifikasi'),
(64, 46, ' 4,120 m2', 'Tanah Mako Polsek Pemenang Desa Pemenang Barat Kec. Pemenang Kab. Lombok Utara', 'sudah bersertifikasi'),
(65, 46, ' 169 m2', 'Tanah Pos Pol Bangsal Jl. Pantai Bangsal Desa pemenang Barat Kec. Pemenang', 'sudah bersertifikasi'),
(66, 46, ' 4,483 m2', 'Tanah Mako Polsek Tanjung Desa Jenggala, Kec Tanjung Kab. Lombok Utara', 'sudah bersertifikasi'),
(67, 46, ' 1,698 m2', 'Tanah Rumdin Polsek Tanjung Desa Tanjung, Kec. Tanjung Kab. Lombok Utara', 'sudah bersertifikasi'),
(68, 46, ' 2,000 m2', 'Tanah Mako Polsek Kayangan Jl. Raya kayangan, Kec. Kayangan Kab. Lombok Utara', 'sudah bersertifikasi'),
(69, 46, ' 7,709  m2', 'Polsek Mako Polsek Gangga Desa Gondang, Kec. Gangga Kab. Lombok Utara', 'sudah bersertifikasi'),
(70, 46, ' 1,144 m2', 'Tanah Pos Pol Senaru Jl. Raya Senaru Desa Senaru Kec Bayan', 'sudah bersertifikasi'),
(71, 46, ' 2,559 m2', 'Tanah Mako Polsek Bayan Desa Anyar, Kec. Bayan Kab. Lombok Utara', 'sudah bersertifikasi'),
(72, 47, ' 23,865 m2', 'Mapolres Lombok Tengah  Jl. Basuki rahmat Kel. Praya, Kec Praya kab. Lombok Tengah', 'sudah bersertifikasi'),
(73, 47, ' 3,532 m2', 'Polsek Praya Jl. Pahlawan, Kel. Praya Kec. Praya, Kab. Lombok Tengah', 'sudah bersertifikasi'),
(74, 47, ' 1,936 m2', 'Mapolsek Praya Timur Jl. Raya Mujur  Desa Mujur, Kec. Praya Timur Kab Lombok Tengah', 'sudah bersertifikasi'),
(75, 47, ' 720 m2', 'Asrama Polsek Praya Timur Jl. Raya Mujur  Desa Mujur, Kec. Praya Timur Kab Lombok Tengah', 'sudah bersertifikasi'),
(76, 47, ' 18,207 m2', 'Asrama Polsek Pujut Jl. Raya Sengkol-Kuta Desa Sengkol Kec. Pujut Kab Lombok Tengah', 'sudah bersertifikasi'),
(77, 47, ' 2,860 m2', 'Mapolsek Praya Barat Jl. Mandalika Desa Penujak Kec Praya Barat Kab Lombok Tengah', 'sudah bersertifikasi'),
(78, 47, ' 1,630 m2', 'Mapolsek Jonggat Jl. Umum Jonggat Kel. Bonjeruk Kec. Jonggat Kab Lombok Tengah', 'sudah bersertifikasi'),
(79, 47, ' 2,480 m2', 'Mapolsek Pringgarata Jl. Umum Pringgarata Kel.Pringgarata Kec. Pringgarata Kab Lombok Tengah', 'sudah bersertifikasi'),
(80, 47, ' 582 m2', 'Pos Pol Bagu Jl. Raya Bagu Kel. Bagu Kec. Pringgarata Kab Lombok Tengah', 'sudah bersertifikasi'),
(81, 47, ' 2,340 m2', 'Mapolsek Batukliang Jl. Umum Mantang Desa Mantang Kec. Batukliang Kab Lombok Tengah', 'sudah bersertifikasi'),
(82, 47, ' 281 m2', 'Pos Pol Teratak Jl.Umum Teratak Kel. Teratak Kec. Batukliang Kab Lombok Tengah', 'sudah bersertifikasi'),
(83, 47, ' 5,000 m2', 'Mapolsek Praya Tengah Jl. Raya batunyala Kel. Batunyala Kec. Praya Tengah Kab Lombok Tengah', 'sudah bersertifikasi'),
(84, 47, ' 18,421 m2', 'Mapolsek Kopang Jl. Umum Jelujuk Desa Bujak Kec. Batukliang Kab Lombok Tengah', 'sudah bersertifikasi'),
(85, 47, ' 1,312 m2', 'Mapolsek Janapria Jl. Umum Janapria Kel. Janapria Kec. Jnapria Kab Lombok Tengah', 'sudah bersertifikasi'),
(86, 47, ' 1,760 m2', 'Tanah Kosong Jl. Umum Praya Desa Semayan Kec. Praya Kab Lombok Tengah', 'sudah bersertifikasi'),
(87, 47, ' 3,000 m2', 'Mapolsek Praya Barat Daya Jl Umum Darek Desa Darek Kec. Praya Barat Daya Kab. Lombok Tengah', 'sudah bersertifikasi'),
(88, 47, ' 2,500 m2', 'Mapolsek Batukliang utara Jl. Umum Teratak Desa Teratak Kec. Batu kliang utara Kab Lombok Tengah', 'sudah bersertifikasi'),
(89, 47, ' 400 m2', 'Pos Pol Selong blanak Jl. Raya Selong blanak Ds. Selong bLanak Kec. Praya Barat Kab Lombok Tengah', 'sudah bersertifikasi'),
(90, 47, ' 400  m2', 'Rencana Sub Sektor Labulia Jl. Umum Labulia Desa Labulia Kec. Jonggat Kab Lombok Tengah', 'sudah bersertifikasi'),
(91, 47, ' 5,000 m2', 'Mapolsek Pujut Jl. Umum Ketare-Sengkol Desa Sengkol Kec. Pujut Kab Lombok Tengah', 'sudah bersertifikasi'),
(92, 47, ' 5,055  m2', 'Mako Polsek Kuta Jl. By Pass Kute Desa Kuta Kec. Pujut Kab Lombok Tengah', 'sudah bersertifikasi'),
(93, 47, ' 500 m2', 'Tanah Kosong Pos Awang Jl. Lintas Awang Desa Awang, Kec. Pujut Kab Lombok Tengah', 'sudah bersertifikasi'),
(94, 48, ' 40,530  m2', 'Mapolres Lombok Timur Jl. Pahlawan No. 77 Selong Kel khusus kota Selong  Kec. Selong Kab. Lombok Timur', 'sudah bersertifikasi'),
(95, 48, ' 1,343 m2', 'Kantor Poliklinik / BKIA  Jl. Pahlawan No. 77 Selong Kel khusus kota Selong  Kec. Selong Kab. Lombok Timur', 'sudah bersertifikasi'),
(96, 48, ' 2,560 m2', 'Mako / Rumdin Polsek Terare Jl. Raya Terare Kel Terara Kec. Terara Kab. Lombok Timur', 'sudah bersertifikasi'),
(97, 48, ' 2,620 m2', 'Polsek Sikur Jl. Raya Sikur Kel Sikur Kec. Sikur Kab. Lombok Timur', 'sudah bersertifikasi'),
(98, 48, ' 16,260 m2', 'Mako/ Rumdin Polsek Masbagik Jl. Raya Masbagik Desa Masbagik Utara Kec. Masbagik, Lombok Timur', 'sudah bersertifikasi'),
(99, 48, ' 2,100 m2', 'Mako / Rumdin Polsek Aik Mel Jl. raya Aikmel Kel Aikmel Kec. Aikmel Kab. Lombok Timur', 'sudah bersertifikasi'),
(100, 48, ' 28,004 m2', 'Mako/ Rumdin  Polsek Pringgabaya Jl. Raya Pringgabaya Kel Pringgabaya Kec. Pringgabaya Kab. Lombok Timur', 'sudah bersertifikasi'),
(101, 48, ' 1,984 m2', 'Mapolsek Labuhan Haji Jl. Raya Lab Haji Kel kota Selong, Kec. Selong Kab. Lombok Timur', 'sudah bersertifikasi'),
(102, 48, ' 5,603 m2', 'Mako Kompi/Asrama Brimob Lotim Jl. Lab Haji Kel labuhan haji, Kec. Lab haji Kab. Lombok Timur', 'sudah bersertifikasi'),
(103, 48, ' 600 m2', 'Pos Pol Kota raja Jl. Raya Kotaraja Dsa Kotaraja Kec. Sikur Kab. Lombok Timur', 'sudah bersertifikasi'),
(104, 48, ' 2,238 m2', 'Mako / Rumdin Polsek Sukamulia Jl. Raya Sukamulia Desa Sukamulia. Sukamulia Kab. Lombok Timur', 'sudah bersertifikasi'),
(105, 48, ' 2,775 m2', 'Mako / Rumdin Polsek Sakra Jl. Raya Sakra Desa Sakra Kec. Sakra Kab. Lombok Timur', 'sudah bersertifikasi'),
(106, 48, ' 3,449 m2', 'Mako / Rumdin Polsek Keruak Ds. Selebung Ketangga Kel. Selebung Ketangga,Keruak Kab. Lombok Timur', 'sudah bersertifikasi'),
(107, 48, ' 4,521 m2', 'Polsek Sembalun Ds Sembalun lawang, Sembalun Kab. Lombok Timur', 'sudah bersertifikasi'),
(108, 48, ' 264 m2', 'Rumdin Kapolsek Sembalun Jl. Raya Sembalun Ds Sembalun lawang, Kec. Sembalun, Lombok Timur', 'sudah bersertifikasi'),
(109, 48, ' 5,200 m2', 'Pos Pol KP3 Kayangan Jl. Raya Labuhan Kayangan Desa Lab Lombok,  Kec.Pringgabaya, Lombok Timur', 'sudah bersertifikasi'),
(110, 48, ' 110 m2', 'Pos Pol Pene Jl. Raya Pene Desa Batu Nampar Kec. Jerowaru Kab. Lombok Timur', 'sudah bersertifikasi'),
(111, 48, ' 27,130 m2', 'Tanah perkebunan Menurik Lapangan Tembak Polres Lotim', 'sudah bersertifikasi'),
(112, 48, ' 9,265 m2', 'Tanah Perkebunan Ijobalit Jl. Raya Ijo Balit Desa Ijobalit Kec. Labuhan Haji Kab. Lombok Timur', 'sudah bersertifikasi'),
(113, 48, ' 593 m2', 'Tanah kantor Polmas Obel-obel Jl. Raya Obel-obel Desa Obel-obel Kec. Sambelia Kab. Lombok Timur', 'sudah bersertifikasi'),
(114, 48, ' 202 m2', 'Pos Pol Korleko Jl. Raya Korleko Desa Korleko Kec. Labuhan haji Kab. Lombok Timur', 'sudah bersertifikasi'),
(115, 48, ' 2,300 m2', 'Asrama Kompi Brimob Desa labuhan Haji Kec. Labuhan haji Kab. Lombok Timur', 'sudah bersertifikasi'),
(116, 48, ' 9,715 m2', 'Polsek Sambelia baru Jl. Raya Sambelia Desa Senanggalih Kec. Sambelia Kab. Lombok Timur', 'sudah bersertifikasi'),
(117, 48, ' 2,317 m2', 'Mapolsek Sambelia lama Desa Sambelia labuhan pandan Kel. Labuhan Pandan, Sambelia Kab. Lombok Timur', 'sudah bersertifikasi'),
(118, 48, ' 2,370 m2', 'Polsek Selong Kel Rakam, Kec. Selong Kab. Lombok Timur', 'sudah bersertifikasi'),
(119, 48, ' 1,500 m2', 'Polsek Jerowaru Jl. Jerowaru-Sepapan Desa Jerowaro, Kec. Jerowaru Kab. Lombok Timur', 'sudah bersertifikasi'),
(120, 48, ' 1,898 m2', 'Polsek Pringgasela Desa Pringgasela, Kec. Pringgasela Kab. Lombok Timur', 'sudah bersertifikasi'),
(121, 48, ' 1,549 m2', 'Polsek Wanasaba Jl. Raya Mataram-Lab. Lombok Desa Wanasaba lauk Kec. Wanasaba, Lombok Timur', 'sudah bersertifikasi'),
(122, 48, ' 4,806 m2', 'Polsek Suela Jl. Raya Suela-Sembalun Desa Suela, Kec. Suela Kab. Lombok Timur', 'sudah bersertifikasi'),
(123, 48, ' 800 m2', 'Polsek Suralaga Jln. Suralaga-dasan Tumbu Desa Suralaga, Kec. Suralaga Kab. Lombok Timur', 'sudah bersertifikasi'),
(124, 48, ' 1,200 m2', 'Polsek Sakra Timur Jl. Lepak Surabaya Desa Lepak, Kec. Sakra Timur Kab. Lombok Timur', 'sudah bersertifikasi'),
(125, 48, ' 2,644 m2', 'Polsek Sakra Barat Jln Rensing-Keruak Desa Rensing, Kec. Sakra Barat Kab. Lombok Timur', 'sudah bersertifikasi'),
(126, 48, ' 920 m2', 'Polsek Montong Gading Desa Montong Betok, Kec. Montong Gading Kab. Lombok Timur', 'sudah bersertifikasi'),
(127, 48, ' 839 m2', 'Rencana Pos Pol Masbagik Jl. Lingkar-Pasar Ternak Masbagik Desa Masbagik Selatan, Kec. Masbaik Lombok Timur', 'sudah bersertifikasi'),
(128, 48, ' 392 m2', 'Polsubsektor Kuwang Wai Jl. Kuang Wai Desa Menceh, Kec. Sakra Timur, Lotim', 'sudah bersertifikasi'),
(129, 49, ' 30,729  m2', 'Tanah Kantor dan Rumdin Polres Sumbawa Barat Kel. Talaga Bertong Kec. Taliwang Kab. Sumbawa Barat', 'sudah bersertifikasi'),
(130, 49, ' 2,228 m2', 'Tanah Mako Polsek Jereweh Maluk Taliwang Desa Beru Kec. Jereweh Kab. Sumbawa Barat', 'sudah bersertifikasi'),
(131, 49, ' 2,669 m2', 'Tanah Mako Polsek Taliwang Jl. KH. Ahmad Dahlan Kel. Bugis, Kec. Taliwang Kab. Sumbawa Barat', 'sudah bersertifikasi'),
(132, 49, ' 592 m2', 'Tanah Kantor BKPM (Balai Kemitraan Polisi dan Masyarakat) Jl.Jenderal Sudirman Desa Dalam Kec. Taliwang Kab. Sumbawa Barat', 'sudah bersertifikasi'),
(133, 49, ' 2,503 m2', 'Tanah  Mako Polsek Seteluk Desa Seteluk Tengah Kec. Seteluk Kab. Sumbawa Barat', 'sudah bersertifikasi'),
(134, 49, ' 121 m2', 'Tanah Pos Pol Labulalar Jl. Pelabuhan labulalar Desa Labulalar Kec. Taliwang Kab. Sumbawa Barat', 'sudah bersertifikasi'),
(135, 49, ' 5,712 m2', 'Tanah Mako Polsek Brang Rea Desa Tepas, Kec. Brang Rea Kab. Sumbawa Barat', 'sudah bersertifikasi'),
(136, 49, ' 2,500 m2', 'Tanah Mako Polsek Poto Tano Desa Tambak Sari Kec. Poto Tano Kab. Sumbawa Barat', 'sudah bersertifikasi'),
(137, 49, ' 2,776 m2', 'Tanah Mako Polsek Poto Tano Desa Tambak Sari Kec. Poto Tano Kab. Sumbawa Barat', 'sudah bersertifikasi'),
(138, 49, ' 2,944 m2', 'Tanah Kantor dan Rumdin Polres Sumbawa Barat Kel. Talaga Bertong Kec. Taliwang Kab. Sumbawa Barat', 'sudah bersertifikasi'),
(139, 49, ' 4,352 m2', 'Tanah Mako Polsek Brang Ene Jl. Raya Taliwang-Kalimantong Desa Brang Ene, Kec. Brang Ene Kab. Sumbawa Barat', 'sudah bersertifikasi'),
(140, 50, ' 20,180 m2', 'Tanah Mako Polres Sumbawa  Jl. Hasanudin 105 Sumbawa', 'sudah bersertifikasi'),
(141, 50, ' 1,147 m2', 'Tanah Kantor Polsubsektor  Labuhan Badas Jl. Garuda Desa Labuan Sumbawa  Kec. Labuhan Badas, Sumbawa', 'sudah bersertifikasi'),
(142, 50, ' 17,495 m2', 'Tanah Mako Polsek Alas Jl. Sumbawa-Tano Desa Baru, Kec. Alas Kab. Sumbawa', 'sudah bersertifikasi'),
(143, 50, ' 2,138 m2', 'Tanah Mako Polsek Batu Lanteh Jl. Sumbawa-semongkat Desa Klungkung, Kec. Batu Lanteh Kab. Sumbawa', 'sudah bersertifikasi'),
(144, 50, ' 5,620 m2', 'Tanah Mako Polsek Moyo Hilir Jl. Raya Sumbawa Desa Moyo Kec Moyo Hilir Kab. Sumbawa', 'sudah bersertifikasi'),
(145, 50, ' 4,155 m2', 'Polsek Moyo Hulu Jl. Raya Sumbawa Desa Sebasang, Moyo Hulu Kab. Sumbawa', 'sudah bersertifikasi'),
(146, 50, ' 1,110 m2', 'Pos Pol Lenangguar Jl. Sumbawa-lunyuk Desa Lenangguar, Kec. Ropang Kab. Sumbawa', 'sudah bersertifikasi'),
(147, 50, ' 18,217 m2', 'Polsek Lunyuk Jl. Sumbawa-lunyuk Desa Lunyuk Ode, Kec. Lunyuk Kab. Sumbawa', 'sudah bersertifikasi'),
(148, 50, ' 17,952 m2', 'Polsek Lape Jl. Raya Sumbawa-Bima Desa Dete,  Kec. Lape Kab. Sumbawa', 'sudah bersertifikasi'),
(149, 50, ' 7,780 m2', 'Polsek Plampang Jl. Raya Sumbawa-Bima Desa Plampang, Kec. Plampang Kab. Sumbawa', 'sudah bersertifikasi'),
(150, 50, ' 10,000 m2', 'Polsek Labangka Jl. Labangka V Desa Suka Damai Kec. Labangka Kab. Sumbawa', 'sudah bersertifikasi'),
(151, 50, ' 4,630 m2', 'Polsek Empang Jl. Raya Sumbawa-Bima Desa Empang Kec. Empang Kab. Sumbawa', 'sudah bersertifikasi'),
(152, 50, ' 8,075 m2', 'Polsubsektor Lantung Jl. Sumbawa-Lantung Ds Lantung Kec. Ropang  Kab. Sumbawa', 'sudah bersertifikasi'),
(153, 50, ' 1,154 m2', 'Tanah kosong renc Pos Pol lab badas Jl. Sebotok Desa Sebotok, Kec. Lab Badas Kab. Sumbawa', 'sudah bersertifikasi'),
(154, 50, ' 14,910 m2', 'Polsek Utan Jl. Sumbawa-Tano Desa Motong Kec. Utan Kab. Sumbawa', 'sudah bersertifikasi'),
(155, 50, ' 5,000 m2', 'Polsek Rhee Desa Rhee Kecamatan Rhee Kab. Sumbawa', 'sudah bersertifikasi'),
(156, 50, '5,000 m2', 'Polsek Buer Desa Tarusa Kecamatan Buer Kab. Sumbawa', 'sudah bersertifikasi'),
(157, 50, ' 7,288  m2', 'Polsek Alas Barat Desa Labuhan Mapin Kec. Alas Barat Kab. Sumbawa', 'sudah bersertifikasi'),
(158, 50, '5,000 m2', 'Rencana Polsek Kota Sumbawa Kel. Uma Sima Kec. Sumbawa Kab. Sumbawa', 'sudah bersertifikasi'),
(159, 50, '5,000 m2', 'Rencana Polsek Moyo Utara Desa Penyaring Kec. Moyo Utara Kab. Sumbawa', 'sudah bersertifikasi'),
(160, 50, '5,000 m2', 'Rencana Polsek Tarano Desa Labuhan Aji Kec. Tarano Kab. Sumbawa', 'sudah bersertifikasi'),
(161, 50, '5,000 m2', 'Rencana Polsek Maronge Desa Maronge Kec. Maronge Kab. Sumbawa', 'belum bersertifikasi'),
(162, 50, ' 8,397  m2', 'Tanah Polsek Ropang Desa Ropang, Kec. Ropang Kab. Sumbawa', 'sudah bersertifikasi'),
(163, 50, ' 1,000 m2', 'Tanah Masjid Polsek Moyo Utara Desa Sebewe, Kec. Moyo Utara Kab. Sumbawa', 'belum bersertifikasi'),
(164, 51, ' 38,290  m2', 'Tanah Mako dan Asrama  Polres Dompu Kel. Bada, Desa Rasabou Kec. Dompu Kab. Dompu', 'sudah bersertifikasi'),
(165, 51, '10,000 m2', 'Tanah Mako Polsek Hu\'u Jl. Lintas lakey Desa Rasabou, Kec. Hu\'u Kab. Dompu', 'sudah bersertifikasi'),
(166, 51, ' 1,750 m2', 'Tanah Mako Polsek Woja Desa Nowa, Kec. Woja Kab. Dompu', 'sudah bersertifikasi'),
(167, 51, ' 1,573 m2', 'Tanah Mako Polsek Kempo Desa Soro, Kec. Kempu Kab. Dompu', 'sudah bersertifikasi'),
(168, 51, ' 6,604 m2', 'Tanah Mako Polsek Kilo Desa Lasi , Kec. Kilo Kab. Dompu', 'sudah bersertifikasi'),
(169, 51, ' 2,454 m2', 'Tanah Mako Polsek Persiapan Pajo Desa Ranggo, Kec. Pajo Kab. Dompu', 'sudah bersertifikasi'),
(170, 51, ' 8,060 m2', 'Tanah Mako Polsek Pekat  Desa Calabai Kec. Pekat Kab. Dompu', 'sudah bersertifikasi'),
(171, 51, ' 3,810 m2', 'Tanah Pos Pol. Lanci Desa Nusa Jaya, Kec. Manggelewa Kab. Dompu', 'sudah bersertifikasi'),
(172, 51, ' 2,195 m2', 'Tanah Pos Pol. Lune Desa Lune, Kec. Pajo Kab. Dompu', 'sudah bersertifikasi'),
(173, 51, '5,000 m2', 'Tanah Polsubsektor Lakey  Desa Hu\'u, Kec. Hu\'u Kab. Dompu', 'sudah bersertifikasi'),
(174, 51, ' 6,016 m2', 'Tanah Pos Pol. Doropeti  Desa Doropeti,Kec. Pekat Kab. Dompu', 'sudah bersertifikasi'),
(175, 51, ' 800 m2', 'Tanah Pos Pol. Kwangko  Desa Kwangko,Kec. Manggelewa Kab. Dompu', 'sudah bersertifikasi'),
(176, 51, ' 617 m2', 'Tanah Pos Pol. Pulau Bajo  Ds. Kwangko Kec Manggelewa Kab. Dompu', 'sudah bersertifikasi'),
(177, 51, ' 6,500 m2', 'Tanah Mako dan Rumdin  Polsek Manggelewa  Desa Tekasire, Kec. Manggelewa Kab. Dompu', 'sudah bersertifikasi'),
(178, 51, ' 668 m2', 'Tanah Pos Pol Songgaja Jl. Lintas Calabai - Kempo Desa Songgaja Kec. Kempo Kab. Dompu', 'sudah bersertifikasi'),
(179, 51, ' 2,832 m2', 'Tanah Pos Pol Songgaja Jl. Lintas Calabai - Kempo Desa Songgaja Kec. Kempo Kab. Dompu', 'sudah bersertifikasi'),
(180, 51, ' 684 m2', 'Tanah kosong utk Pos Bhabin Desa Soronimo Jl. Lintas Pekat - Dompu Desa Sorinomo, Kec. Pekat Kab. Dompu', 'sudah bersertifikasi'),
(181, 51, ' 3,688 m2', 'Tanah Polsek Kota Dompu Kelurahan Bali, Kec. Dompu Kab. Dompu', 'sudah bersertifikasi'),
(182, 51, ' 692 m2', 'Tanah Rumjab Kapolres Dompu Kel. Bada, Desa Rasabou', 'sudah bersertifikasi'),
(183, 51, ' 1,979 m2', 'Tanah Rumdin Perwira Polres Dompu Kel. Bada, Desa Rasabou', 'sudah bersertifikasi'),
(184, 51, ' 208 m2', 'Tanah Pos Pol Kadindi Desa Kadindi, Kec. Pekat Kab. Dompu', 'sudah bersertifikasi'),
(185, 53, ' 2,929 m2 ', 'Mako Polres  Bima Kota Jl. Soekarno Hatta Kel.Rabangodu Kec. RasanaE Timur, Kota Bima', 'sudah bersertifikasi'),
(186, 53, ' 2,080 m2', 'Asrama BA  Raba Jl. Dukuh Desa Rabangodu Kec. Rasana\'e Timur, Kota Bima', 'sudah bersertifikasi'),
(187, 53, ' 9,777 m2', 'Asrama BA / TA  Raba Jl. Soekarno Hatta Kel.Rabangodu Kec. RasanaE Timur, Kota Bima', 'sudah bersertifikasi'),
(188, 53, ' 37,691 m2', 'Aspol Gunung Dua Kantor Mako Polres baru Jl. Soekarno Hatta Kel.Penato\'i Kec. RasanaE , Kota Bima', 'sudah bersertifikasi'),
(189, 53, ' 1,880 ', 'tanah Rumdin Kapolres Jl. Soekarno Hatta Kel.Raba dompu Kec. RasanaE Timur, Kota Bima', 'sudah bersertifikasi'),
(190, 53, ' 728 m2', 'tanah Rumdin Waka Polres Jl. Soekarno Hatta Kel.Rabangodu Kec. RasanaE Timur, Kota Bima', 'sudah bersertifikasi'),
(191, 53, ' 218 m2', 'Pospol Kumbe /Polsek  Polsek Rasanae Timur Jl. Ir Soetami,Kel Kumbe Kec. RasanaE Timur, Kota Bima', 'sudah bersertifikasi'),
(192, 53, ' 2,064 m2', 'Pospol Karumbu  Jl. Lintas Karumbu, desa Karumbu Kec. Wawo, Kota Bima', 'sudah bersertifikasi'),
(193, 53, ' 1,697 m2', 'Pospol Sumi  Pos Pol Lambu Jl. Lintas Sape-Bima  Desa  Rato Kec. Sape, Kota Bima', 'sudah bersertifikasi'),
(194, 53, ' 1,716 m2', 'Polsek Rasanae Jl. Terminal Dara/kel.Paruga Kec. RasanaE Barat, Kota Bima', 'sudah bersertifikasi'),
(195, 53, ' 4,469 m2', 'Polsek Wawo Jl. Lintas Sape-Bima,Kel. Maria Kec Wawo, Kota Bima  ', 'sudah bersertifikasi'),
(196, 53, ' 916 m2', 'Polsek Wawo Lama Asrama BA, TA Jl. Lintas Sape-Bima,Kel. Maria Kec Wawo, Kota Bima  ', 'sudah bersertifikasi'),
(197, 53, ' 3,915 m2', 'Kantor Polsek Ambalawi Jl. Lintas Wera-Bima, Kel. Nipa Kec.Ambalawi, Kota Bima', 'sudah bersertifikasi'),
(198, 53, ' 6,557 m2', 'Polsek Wera lama Jl. Lintas Wera-Bima, Desa Tawali Kec. Wera, Kota Bima', 'sudah bersertifikasi'),
(199, 53, ' 3,070 m2', 'Pos Pol Lamere  Jl. Lintas Sape-Bima, Desa Buncu Kec. Sape, Kota Bima', 'sudah bersertifikasi'),
(200, 53, ' 187 m2', 'Pos Pol Kota Bima   Jl. Sumbawa, Kel.Paruga Kec. RasanaE Barat, Kota Bima', 'sudah bersertifikasi'),
(201, 53, ' 274 m2', 'Pos Pol Jati Baru Jl. Lintas Wera-Bima, Kel. Jatibaru Kec. Asakota, Kota Bima', 'sudah bersertifikasi'),
(202, 53, ' 19,360 m2', 'Kantor & Asrama Polsek Sape Kel. Rasabou, Kec. Sape Kota Bima', 'sudah bersertifikasi'),
(203, 53, ' 3,184 m2', 'Kantor Polsek Wera  Jl. Lintas Wera-Bima, Kel. Wora Kec. Wera, Kota Bima', 'sudah bersertifikasi'),
(204, 53, ' 7,792 m2', 'Kantor Polsek Langgudu Jl. Lintas Karimbu Desa karumbu Kec. Langgudu, Kota Bima', 'sudah bersertifikasi'),
(205, 53, ' 5,594 m2', 'Kantor/Arama Polsek Lambu Jl. Lintas Lambu-Bima, Desa Sumi Kec. Lambu, Kota Bima', 'sudah bersertifikasi'),
(206, 53, ' 538 m2', 'Kantor Polubsektor Lamere Desa Lamere, Kec. Sape Kota Bima', 'sudah bersertifikasi'),
(207, 53, ' 1,526 m2', 'Kantor Polsek Asakota Kel. Ule, Kec. Asakota Kota Bima', 'sudah bersertifikasi'),
(208, 53, ' 330  m2', 'Kantor Polsek Asakota Kel. Ule, Kec. Asakota Kota Bima', 'sudah bersertifikasi'),
(209, 53, ' 5,000 m2', 'Rencana Kantor Polsek Lambitu Desa Teta, Kec. Lambitu Kabupaten Bima', 'sudah bersertifikasi'),
(210, 53, ' 627 m2', 'tanah Polsek Rasanae Timur Jl. Lintas Bima-Sape, Kel. Kodo, Kota Bima', 'belum bersertifikasi'),
(211, 52, ' 10,180 m2', 'Tanah Kantor Polres Bima Jl. Lintas Panda- Bima Desa Panda Kec. Palibelo', 'sudah bersertifikasi'),
(212, 52, ' 824 m2', 'Tanah Rumjab Kapolres Bima Jl. Lintas Panda- Bima Desa Panda Kec. Palibelo', 'sudah bersertifikasi'),
(213, 52, ' 6,402 m2', 'Tanah Rumjab Wakapolres &  Perwira Res Bima Jl. Lintas Panda- Bima Desa Panda Kec. Palibelo', 'sudah bersertifikasi'),
(214, 52, ' 12,400 m2', 'Tanah Kantor dan Asrama  Polsek Monta Jl. Lintas Parado Desa Sie, Kec. Monta, Kab. Bima', 'sudah bersertifikasi'),
(215, 52, ' 4,770 m2', 'Tanah Kantor dan Asrama  Polsek Belo Jl. Tente Lido Desa Cenggu, Kec Belo, Kab Bima', 'sudah bersertifikasi'),
(216, 52, ' 19,640 m2', 'Tanah Kantor dan Asrama  Polsek Woha Jl. Tente Bima Desa Raba Kodo, Kec. Woha, Bima', 'sudah bersertifikasi'),
(217, 52, ' 456 m2', 'Tanah Kantor Pos Pol  Daru Polsek Bolo Jl. Lintas Bima-Dompu Desa Sondosia  Kec. Bolo, Kab Bima', 'sudah bersertifikasi'),
(218, 52, ' 410 m2', 'Tanah Kantor dan Asrama  Polsek Madapangga  Jl. Lintas Dena Desa Dena, Kec Bolo, Kab Bima', 'sudah bersertifikasi'),
(219, 52, ' 5,110 m2', 'Tanah Kantor dan Asrama  Polsek Bolo Jl. Raya Bolo Desa Sondosia Kec. Bolo, Kab. Bima', 'sudah bersertifikasi'),
(220, 52, ' 764 m2', 'Tanah Polsek Bolo Lama Jl. Raya Rato Desa Rato Kec. Bolo', 'sudah bersertifikasi'),
(221, 52, ' 6,130 m2', 'Mapolsek Donggo Jl. Lintas Donggo Desa O\'o Kec. Donggo, Kab Bima', 'sudah bersertifikasi'),
(222, 52, ' 4,324 m2', 'Tanah Kantor Polsek Sanggar Jl. Raya lintas Kore Desa Kore Kec. Sanggar Kab. Bima', 'sudah bersertifikasi'),
(223, 52, ' 4,410 m2', 'Tanah Pos Pol Parado  Jl. Lintas Parado Desa Paradowane, Kec. Monta Kab. Bima', 'sudah bersertifikasi'),
(224, 52, ' 134 m2', 'Tanah Pos Pol Rora  Jl. Lintas Donggo Desa Rora, Kec. Donggo Kab. Bima', 'sudah bersertifikasi'),
(225, 52, ' 200 m2', 'Tanah Pos Pol KP3 laut Bajo Jl. Desa Bajo Kec. Soromandi Desa Bajo Kec. Soromandi Kab Bima', 'sudah bersertifikasi'),
(226, 52, ' 10,257 m2', 'Tanah Polsek Tambora Jl. Labuhan Kenanga,  Kec. Tambora, Kab. Bima', 'sudah bersertifikasi'),
(227, 52, ' 4,947 m2', 'Tanah Pos Pol Soromandi Jl. Lintas Donggo, Desa Punti Kec. Soromandi, Kab. Bima', 'sudah bersertifikasi'),
(228, 52, ' 7,171 m2', 'Tanah Polsek Soromandi Jl. Lintas Soromandi Desa Kananta, Kec. Soromandi Kab. Bima', 'sudah bersertifikasi'),
(229, 52, ' 4,200 m2', 'Tanah kosong Rencana Polsek Palibelo Desa Teke, Kec. Palibelo', 'sudah bersertifikasi'),
(230, 52, '1,000 m2', 'Tanah Polsek Soromandi Desa Lewintana Ke.c. Soromandi Kab. Bima', 'sudah bersertifikasi'),
(231, 52, ' 1,589 m2', 'Tanah Polsek Madapangga Desa Dena  Kecamatam Madapangga Kab. Bima', 'sudah bersertifikasi'),
(232, 52, ' 414 m2', 'Tanah Poliklinik Res Bima Jl. Lintas Panda- Bima Desa Panda Kec. Palibelo', 'sudah bersertifikasi'),
(233, 49, ' 15,123 m2', 'Tanah Mako Polsek Maluk Desa Maluk, Kec. Maluk Kab. Sumbawa Barat', 'pinjam pakai'),
(234, 49, '10,000 m2', 'Tanah Mako Polsek Sekongkang Desa Sekongkang Atas Kec. Sekongkang Kab. Sumbawa Barat', 'pinjam pakai');

-- --------------------------------------------------------

--
-- Table structure for table `tanah1`
--

CREATE TABLE `tanah1` (
  `id_tanah` int(11) NOT NULL,
  `id_satker` int(11) DEFAULT NULL,
  `luas` varchar(100) NOT NULL,
  `bidang` varchar(200) NOT NULL,
  `status` enum('sudah bersertifikasi','belum bersertifikasi','pinjam pakai','') NOT NULL
) ENGINE=InnoDB DEFAULT CHARSET=utf8mb4 COLLATE=utf8mb4_general_ci;

--
-- Dumping data for table `tanah1`
--

INSERT INTO `tanah1` (`id_tanah`, `id_satker`, `luas`, `bidang`, `status`) VALUES
(6, 38, '13.855 M2', 'Tanah Rumjab Kapolda,TK,Rumjab,Pejabat Utama, Klinik dan Kantor Biddokkes Polda NTB', ''),
(7, 38, '17.641 M2', 'Tanah Lapangan Upacara/ Olah raga Polda NTB', ''),
(8, 38, '34.289 M2', 'Tanah gedung Mapolda baru, Lap Tennis,Mess Perwira, SPBP, Rumdin Perwira, Gudang Logistik', ''),
(9, 38, ' 3.510 M2', 'Tanah Masjid Polda NTB', ''),
(10, 38, '493 M2', 'Tanah  Rumah Penjaga Masjid', ''),
(11, 38, '251 M2', 'Tanah Rumah Tahanan Polda NTB', ''),
(12, 38, '12.075 M2', 'Tanah Gedung Polda NTB lama (Dit Intel, Pamobvit, Res Narkoba,Gudang Logistik, Dit Sabhara)', ''),
(13, 38, '6. 850 M2', 'Tanah Kantor Dit Lantas, Gedung Sasana Dharma', ''),
(14, 38, ' 543  M2', 'Tanah Rumjab Kapolres Mataram', ''),
(15, 38, ' 261  M2', 'Tanah Rumjab Kayanma', ''),
(16, 38, ' 312  M2', 'Tanah Kanel Satwa Polda NTB Dit Samapta Polda NTB', ''),
(17, 38, ' 583  M2', 'Tanah  Kandang Kuda Dit Samapta Polda NTB', ''),
(18, 38, ' 9,930 M2', 'Tanah Rumdin Perwira dan BintaraPolda NTB', ''),
(19, 38, ' 2,740 M2', 'Tanah Rumdin Perwira dan Bintara Polda NTB', ''),
(20, 38, ' 3,501 M2', 'Tanah kosong Kel. Karang Pule Kec. Sekarbela Kota Mataram', ''),
(21, 38, ' 6,243 M2', 'Tanah Rusun Polda NTB (Tanah Bambu runcing)', ''),
(22, 42, ' 3,458 m2', 'Tanah Rumkit Bayangkara Mataram', ''),
(23, 27, ' 44,913 m2', 'Tanah Kesatrian Sat Brimob Polda NTB', ''),
(24, 27, '50,000 m2', 'Tanah Kompi 3, Yon A, Pelopor Lombok Utara', ''),
(25, 27, ' 50,000 m2', 'Tanah rencana lokasi Kompi 4, Yon A, Pelopor Lombok Barat', ''),
(26, 27, ' 40,000 m2', 'Tanah Kompi 2, Yon A, Pelopor Lombok Tengah', ''),
(27, 27, ' 10,000 m2', 'Tanah Kompi 2, Yon A, Pelopor Lombok Tengah', ''),
(28, 27, ' 25,154 m2', 'Tanah Kompi 3, Yon B, Pelopor Lombok Timur', ''),
(29, 27, ' 49,650 m2', 'Tanah Kompi 2, Yon B, Pelopor Sumbawa Barat', ''),
(30, 27, ' 50,000 m2', 'Tanah Kompi 1, Yon B, Pelopor Sumbawa', ''),
(31, 27, ' 19,128 m2', 'Tanah Kompi 2, Yon C, Pelopor Dompu', ''),
(32, 27, '50,000 m2', 'Tanah Kompi 1, Yon C, Pelopor Bima', ''),
(33, 27, ' 10,210 m2', 'Tanah Kompi 3, Yon C, Pelopor Sape Bima', ''),
(34, 27, ' 46,725 m2', 'Tanah rencana lokasi Mako Batalyon C  Desa Sanolo, Kecamatan Bolo  Kabupaten Bima', ''),
(35, 26, ' 1,010 m2', 'Tanah Mako Dit Pol Airud Jl. Pantai Cemara Desa Lembar Kec.Lembar Kab.  Lombok Barat', ''),
(36, 26, ' 628 m2', 'Tanah Rencana Dermaga Kapal Polair Dusun Serumbung Ds.Lembar Kec. Lembar Kab. Lombok Barat', ''),
(37, 26, ' 2,500 m2', 'Tanah  kosong rencana lokasi  Mako Polair Dusun Puyuhan Ds. Lembar Kec. Lembar Kab. Lombok Barat', ''),
(38, 26, ' 404 m2', 'Pos Polair Sape bima', ''),
(39, 26, ' 851 m2', 'Pos Polair Lab Kenanga Desa Labuhan Kenanga Kec. Tambora Kab. Bima', ''),
(40, 26, ' 9,087 m2', 'Renc, Mako Unit Dit Polair Labuan Lombok Desa Labuhan Lombok Kec. Pringgabaya Kab. Lombok Timur', ''),
(41, 40, '546,600 m2', 'Tanah SPN Polda NTB', ''),
(42, 44, ' 17,400 m2', 'Tanah Kantor dan Asrama  Polresta Mataram Jl. Langko 17 Mataram', ''),
(43, 44, ' 13,838 m2', 'Tanah Kantor dan Asrama Polsek Cakranegara', ''),
(44, 44, ' 914 m2', 'Tanah Kantor Polsek Mataram Jl. Bung Karno Mataram', ''),
(45, 44, ' 2,340 m2', 'Tanah Kantor dan Asrama  Polsek Ampenan', ''),
(46, 44, ' 1,645 m2', 'Tanah Kantor dan Asrama  Pos Pol Pagutan Jl. Bung Karno Kelurahan Pagutan Kec. Mataram, Kota Mataram', ''),
(47, 44, ' 4,000 m2', 'Tanah Kantor dan Asrama  Polsek Lingsar Desa Sigerongan, Kec. Lingsar', ''),
(48, 44, ' 4,000 m2', 'Tanah Kantor dan Asrama  Polsek Gunung sari ', ''),
(49, 44, ' 3,660 m2', 'Tanah Kantor dan Asrama  Polsek Narmada', ''),
(50, 44, ' 1,282 m2', 'Tanah Kantor  Polsek Selaparang Jalan Bung Hatta, Kel. Monjok Timur,  Kecamatan Selaparang, Kota Mataram', ''),
(51, 45, ' 32,850 m2', 'Tanah Mako Polres Lombok Barat Jl. Raya Lembar', ''),
(52, 45, ' 6,615 m2', 'Tanah Polsek Kediri Jl. Raya Kediri Desa Kediri, Kec. Kediri', ''),
(53, 45, ' 18,979 m2', 'Tanah Polsek Gerung Jl. Gerung-Lembar', ''),
(54, 45, ' 2,184 m2', 'Tanah Polsek Sekotong', 'pinjam pakai'),
(55, 45, ' 5,000 m2', 'Tanah relokasi Polsek Sekotong Desa sekotong Tengah', ''),
(56, 45, ' 228 m2', 'Tanah Pos Pol Sekotong Barat Jl. Raya Pelangan Desa Sekotong Barat', ''),
(57, 45, ' 2,325 ', 'Tanah Pos Pol Kuripan Desa Kuripan Kec. Kuripan', ''),
(58, 45, ' 2,966  m2', 'Tanah Polsek Labuapi Jl. Gunung Pengsong Kel. Karang Bongkot Kec. Labuapi', ''),
(59, 45, ' 2,927  m2', 'Tanah Polsek Lembar Jl. Raya Lembar-Sekotong Desa Labuan Tereng, Kec. Lembar Kab. Lombok Barat', ''),
(60, 45, ' 300 m2', 'Rencana Tanah Pos Pol Mareje Rencana Tanah Pos Pol Mareje', ''),
(61, 45, ' 716 m2', 'Tanah Polsek Senggigi Jl. Raya Senggigi Desa Batu layar.', 'pinjam pakai'),
(62, 46, ' 25,000 m2', 'Tanah Mako Polres Lombok Utara Desa Genggelang, Kec. Gangga Kab. Lombok Utara', ''),
(63, 46, ' 5,884 m2', 'Tanah Rusun dan Rumdin Polres Lotara Desa Genggelang, Kec. Gangga Kab. Lombok Utara', ''),
(64, 46, ' 4,120 m2', 'Tanah Mako Polsek Pemenang Desa Pemenang Barat Kec. Pemenang Kab. Lombok Utara', ''),
(65, 46, ' 169 m2', 'Tanah Pos Pol Bangsal Jl. Pantai Bangsal Desa pemenang Barat Kec. Pemenang', ''),
(66, 46, ' 4,483 m2', 'Tanah Mako Polsek Tanjung Desa Jenggala, Kec Tanjung Kab. Lombok Utara', ''),
(67, 46, ' 1,698 m2', 'Tanah Rumdin Polsek Tanjung Desa Tanjung, Kec. Tanjung Kab. Lombok Utara', ''),
(68, 46, ' 2,000 m2', 'Tanah Mako Polsek Kayangan Jl. Raya kayangan, Kec. Kayangan Kab. Lombok Utara', ''),
(69, 46, ' 7,709  m2', 'Polsek Mako Polsek Gangga Desa Gondang, Kec. Gangga Kab. Lombok Utara', ''),
(70, 46, ' 1,144 m2', 'Tanah Pos Pol Senaru Jl. Raya Senaru Desa Senaru Kec Bayan', ''),
(71, 46, ' 2,559 m2', 'Tanah Mako Polsek Bayan Desa Anyar, Kec. Bayan Kab. Lombok Utara', ''),
(72, 47, ' 23,865 m2', 'Mapolres Lombok Tengah  Jl. Basuki rahmat Kel. Praya, Kec Praya kab. Lombok Tengah', ''),
(73, 47, ' 3,532 m2', 'Polsek Praya Jl. Pahlawan, Kel. Praya Kec. Praya, Kab. Lombok Tengah', ''),
(74, 47, ' 1,936 m2', 'Mapolsek Praya Timur Jl. Raya Mujur  Desa Mujur, Kec. Praya Timur Kab Lombok Tengah', ''),
(75, 47, ' 720 m2', 'Asrama Polsek Praya Timur Jl. Raya Mujur  Desa Mujur, Kec. Praya Timur Kab Lombok Tengah', ''),
(76, 47, ' 18,207 m2', 'Asrama Polsek Pujut Jl. Raya Sengkol-Kuta Desa Sengkol Kec. Pujut Kab Lombok Tengah', ''),
(77, 47, ' 2,860 m2', 'Mapolsek Praya Barat Jl. Mandalika Desa Penujak Kec Praya Barat Kab Lombok Tengah', ''),
(78, 47, ' 1,630 m2', 'Mapolsek Jonggat Jl. Umum Jonggat Kel. Bonjeruk Kec. Jonggat Kab Lombok Tengah', ''),
(79, 47, ' 2,480 m2', 'Mapolsek Pringgarata Jl. Umum Pringgarata Kel.Pringgarata Kec. Pringgarata Kab Lombok Tengah', ''),
(80, 47, ' 582 m2', 'Pos Pol Bagu Jl. Raya Bagu Kel. Bagu Kec. Pringgarata Kab Lombok Tengah', ''),
(81, 47, ' 2,340 m2', 'Mapolsek Batukliang Jl. Umum Mantang Desa Mantang Kec. Batukliang Kab Lombok Tengah', ''),
(82, 47, ' 281 m2', 'Pos Pol Teratak Jl.Umum Teratak Kel. Teratak Kec. Batukliang Kab Lombok Tengah', ''),
(83, 47, ' 5,000 m2', 'Mapolsek Praya Tengah Jl. Raya batunyala Kel. Batunyala Kec. Praya Tengah Kab Lombok Tengah', ''),
(84, 47, ' 18,421 m2', 'Mapolsek Kopang Jl. Umum Jelujuk Desa Bujak Kec. Batukliang Kab Lombok Tengah', ''),
(85, 47, ' 1,312 m2', 'Mapolsek Janapria Jl. Umum Janapria Kel. Janapria Kec. Jnapria Kab Lombok Tengah', ''),
(86, 47, ' 1,760 m2', 'Tanah Kosong Jl. Umum Praya Desa Semayan Kec. Praya Kab Lombok Tengah', ''),
(87, 47, ' 3,000 m2', 'Mapolsek Praya Barat Daya Jl Umum Darek Desa Darek Kec. Praya Barat Daya Kab. Lombok Tengah', ''),
(88, 47, ' 2,500 m2', 'Mapolsek Batukliang utara Jl. Umum Teratak Desa Teratak Kec. Batu kliang utara Kab Lombok Tengah', ''),
(89, 47, ' 400 m2', 'Pos Pol Selong blanak Jl. Raya Selong blanak Ds. Selong bLanak Kec. Praya Barat Kab Lombok Tengah', ''),
(90, 47, ' 400  m2', 'Rencana Sub Sektor Labulia Jl. Umum Labulia Desa Labulia Kec. Jonggat Kab Lombok Tengah', ''),
(91, 47, ' 5,000 m2', 'Mapolsek Pujut Jl. Umum Ketare-Sengkol Desa Sengkol Kec. Pujut Kab Lombok Tengah', ''),
(92, 47, ' 5,055  m2', 'Mako Polsek Kuta Jl. By Pass Kute Desa Kuta Kec. Pujut Kab Lombok Tengah', ''),
(93, 47, ' 500 m2', 'Tanah Kosong Pos Awang Jl. Lintas Awang Desa Awang, Kec. Pujut Kab Lombok Tengah', ''),
(94, 48, ' 40,530  m2', 'Mapolres Lombok Timur Jl. Pahlawan No. 77 Selong Kel khusus kota Selong  Kec. Selong Kab. Lombok Timur', ''),
(95, 48, ' 1,343 m2', 'Kantor Poliklinik / BKIA  Jl. Pahlawan No. 77 Selong Kel khusus kota Selong  Kec. Selong Kab. Lombok Timur', ''),
(96, 48, ' 2,560 m2', 'Mako / Rumdin Polsek Terare Jl. Raya Terare Kel Terara Kec. Terara Kab. Lombok Timur', ''),
(97, 48, ' 2,620 m2', 'Polsek Sikur Jl. Raya Sikur Kel Sikur Kec. Sikur Kab. Lombok Timur', ''),
(98, 48, ' 16,260 m2', 'Mako/ Rumdin Polsek Masbagik Jl. Raya Masbagik Desa Masbagik Utara Kec. Masbagik, Lombok Timur', ''),
(99, 48, ' 2,100 m2', 'Mako / Rumdin Polsek Aik Mel Jl. raya Aikmel Kel Aikmel Kec. Aikmel Kab. Lombok Timur', ''),
(100, 48, ' 28,004 m2', 'Mako/ Rumdin  Polsek Pringgabaya Jl. Raya Pringgabaya Kel Pringgabaya Kec. Pringgabaya Kab. Lombok Timur', ''),
(101, 48, ' 1,984 m2', 'Mapolsek Labuhan Haji Jl. Raya Lab Haji Kel kota Selong, Kec. Selong Kab. Lombok Timur', ''),
(102, 48, ' 5,603 m2', 'Mako Kompi/Asrama Brimob Lotim Jl. Lab Haji Kel labuhan haji, Kec. Lab haji Kab. Lombok Timur', ''),
(103, 48, ' 600 m2', 'Pos Pol Kota raja Jl. Raya Kotaraja Dsa Kotaraja Kec. Sikur Kab. Lombok Timur', ''),
(104, 48, ' 2,238 m2', 'Mako / Rumdin Polsek Sukamulia Jl. Raya Sukamulia Desa Sukamulia. Sukamulia Kab. Lombok Timur', ''),
(105, 48, ' 2,775 m2', 'Mako / Rumdin Polsek Sakra Jl. Raya Sakra Desa Sakra Kec. Sakra Kab. Lombok Timur', ''),
(106, 48, ' 3,449 m2', 'Mako / Rumdin Polsek Keruak Ds. Selebung Ketangga Kel. Selebung Ketangga,Keruak Kab. Lombok Timur', ''),
(107, 48, ' 4,521 m2', 'Polsek Sembalun Ds Sembalun lawang, Sembalun Kab. Lombok Timur', ''),
(108, 48, ' 264 m2', 'Rumdin Kapolsek Sembalun Jl. Raya Sembalun Ds Sembalun lawang, Kec. Sembalun, Lombok Timur', ''),
(109, 48, ' 5,200 m2', 'Pos Pol KP3 Kayangan Jl. Raya Labuhan Kayangan Desa Lab Lombok,  Kec.Pringgabaya, Lombok Timur', ''),
(110, 48, ' 110 m2', 'Pos Pol Pene Jl. Raya Pene Desa Batu Nampar Kec. Jerowaru Kab. Lombok Timur', ''),
(111, 48, ' 27,130 m2', 'Tanah perkebunan Menurik Lapangan Tembak Polres Lotim', ''),
(112, 48, ' 9,265 m2', 'Tanah Perkebunan Ijobalit Jl. Raya Ijo Balit Desa Ijobalit Kec. Labuhan Haji Kab. Lombok Timur', ''),
(113, 48, ' 593 m2', 'Tanah kantor Polmas Obel-obel Jl. Raya Obel-obel Desa Obel-obel Kec. Sambelia Kab. Lombok Timur', ''),
(114, 48, ' 202 m2', 'Pos Pol Korleko Jl. Raya Korleko Desa Korleko Kec. Labuhan haji Kab. Lombok Timur', ''),
(115, 48, ' 2,300 m2', 'Asrama Kompi Brimob Desa labuhan Haji Kec. Labuhan haji Kab. Lombok Timur', ''),
(116, 48, ' 9,715 m2', 'Polsek Sambelia baru Jl. Raya Sambelia Desa Senanggalih Kec. Sambelia Kab. Lombok Timur', ''),
(117, 48, ' 2,317 m2', 'Mapolsek Sambelia lama Desa Sambelia labuhan pandan Kel. Labuhan Pandan, Sambelia Kab. Lombok Timur', ''),
(118, 48, ' 2,370 m2', 'Polsek Selong Kel Rakam, Kec. Selong Kab. Lombok Timur', ''),
(119, 48, ' 1,500 m2', 'Polsek Jerowaru Jl. Jerowaru-Sepapan Desa Jerowaro, Kec. Jerowaru Kab. Lombok Timur', ''),
(120, 48, ' 1,898 m2', 'Polsek Pringgasela Desa Pringgasela, Kec. Pringgasela Kab. Lombok Timur', ''),
(121, 48, ' 1,549 m2', 'Polsek Wanasaba Jl. Raya Mataram-Lab. Lombok Desa Wanasaba lauk Kec. Wanasaba, Lombok Timur', ''),
(122, 48, ' 4,806 m2', 'Polsek Suela Jl. Raya Suela-Sembalun Desa Suela, Kec. Suela Kab. Lombok Timur', ''),
(123, 48, ' 800 m2', 'Polsek Suralaga Jln. Suralaga-dasan Tumbu Desa Suralaga, Kec. Suralaga Kab. Lombok Timur', ''),
(124, 48, ' 1,200 m2', 'Polsek Sakra Timur Jl. Lepak Surabaya Desa Lepak, Kec. Sakra Timur Kab. Lombok Timur', ''),
(125, 48, ' 2,644 m2', 'Polsek Sakra Barat Jln Rensing-Keruak Desa Rensing, Kec. Sakra Barat Kab. Lombok Timur', ''),
(126, 48, ' 920 m2', 'Polsek Montong Gading Desa Montong Betok, Kec. Montong Gading Kab. Lombok Timur', ''),
(127, 48, ' 839 m2', 'Rencana Pos Pol Masbagik Jl. Lingkar-Pasar Ternak Masbagik Desa Masbagik Selatan, Kec. Masbaik Lombok Timur', ''),
(128, 48, ' 392 m2', 'Polsubsektor Kuwang Wai Jl. Kuang Wai Desa Menceh, Kec. Sakra Timur, Lotim', ''),
(129, 49, ' 30,729  m2', 'Tanah Kantor dan Rumdin Polres Sumbawa Barat Kel. Talaga Bertong Kec. Taliwang Kab. Sumbawa Barat', ''),
(130, 49, ' 2,228 m2', 'Tanah Mako Polsek Jereweh Maluk Taliwang Desa Beru Kec. Jereweh Kab. Sumbawa Barat', ''),
(131, 49, ' 2,669 m2', 'Tanah Mako Polsek Taliwang Jl. KH. Ahmad Dahlan Kel. Bugis, Kec. Taliwang Kab. Sumbawa Barat', ''),
(132, 49, ' 592 m2', 'Tanah Kantor BKPM (Balai Kemitraan Polisi dan Masyarakat) Jl.Jenderal Sudirman Desa Dalam Kec. Taliwang Kab. Sumbawa Barat', ''),
(133, 49, ' 2,503 m2', 'Tanah  Mako Polsek Seteluk Desa Seteluk Tengah Kec. Seteluk Kab. Sumbawa Barat', ''),
(134, 49, ' 121 m2', 'Tanah Pos Pol Labulalar Jl. Pelabuhan labulalar Desa Labulalar Kec. Taliwang Kab. Sumbawa Barat', ''),
(135, 49, ' 5,712 m2', 'Tanah Mako Polsek Brang Rea Desa Tepas, Kec. Brang Rea Kab. Sumbawa Barat', ''),
(136, 49, ' 2,500 m2', 'Tanah Mako Polsek Poto Tano Desa Tambak Sari Kec. Poto Tano Kab. Sumbawa Barat', ''),
(137, 49, ' 2,776 m2', 'Tanah Mako Polsek Poto Tano Desa Tambak Sari Kec. Poto Tano Kab. Sumbawa Barat', ''),
(138, 49, ' 2,944 m2', 'Tanah Kantor dan Rumdin Polres Sumbawa Barat Kel. Talaga Bertong Kec. Taliwang Kab. Sumbawa Barat', ''),
(139, 49, ' 4,352 m2', 'Tanah Mako Polsek Brang Ene Jl. Raya Taliwang-Kalimantong Desa Brang Ene, Kec. Brang Ene Kab. Sumbawa Barat', ''),
(140, 50, ' 20,180 m2', 'Tanah Mako Polres Sumbawa  Jl. Hasanudin 105 Sumbawa', ''),
(141, 50, ' 1,147 m2', 'Tanah Kantor Polsubsektor  Labuhan Badas Jl. Garuda Desa Labuan Sumbawa  Kec. Labuhan Badas, Sumbawa', ''),
(142, 50, ' 17,495 m2', 'Tanah Mako Polsek Alas Jl. Sumbawa-Tano Desa Baru, Kec. Alas Kab. Sumbawa', ''),
(143, 50, ' 2,138 m2', 'Tanah Mako Polsek Batu Lanteh Jl. Sumbawa-semongkat Desa Klungkung, Kec. Batu Lanteh Kab. Sumbawa', ''),
(144, 50, ' 5,620 m2', 'Tanah Mako Polsek Moyo Hilir Jl. Raya Sumbawa Desa Moyo Kec Moyo Hilir Kab. Sumbawa', ''),
(145, 50, ' 4,155 m2', 'Polsek Moyo Hulu Jl. Raya Sumbawa Desa Sebasang, Moyo Hulu Kab. Sumbawa', ''),
(146, 50, ' 1,110 m2', 'Pos Pol Lenangguar Jl. Sumbawa-lunyuk Desa Lenangguar, Kec. Ropang Kab. Sumbawa', ''),
(147, 50, ' 18,217 m2', 'Polsek Lunyuk Jl. Sumbawa-lunyuk Desa Lunyuk Ode, Kec. Lunyuk Kab. Sumbawa', ''),
(148, 50, ' 17,952 m2', 'Polsek Lape Jl. Raya Sumbawa-Bima Desa Dete,  Kec. Lape Kab. Sumbawa', ''),
(149, 50, ' 7,780 m2', 'Polsek Plampang Jl. Raya Sumbawa-Bima Desa Plampang, Kec. Plampang Kab. Sumbawa', ''),
(150, 50, ' 10,000 m2', 'Polsek Labangka Jl. Labangka V Desa Suka Damai Kec. Labangka Kab. Sumbawa', ''),
(151, 50, ' 4,630 m2', 'Polsek Empang Jl. Raya Sumbawa-Bima Desa Empang Kec. Empang Kab. Sumbawa', ''),
(152, 50, ' 8,075 m2', 'Polsubsektor Lantung Jl. Sumbawa-Lantung Ds Lantung Kec. Ropang  Kab. Sumbawa', ''),
(153, 50, ' 1,154 m2', 'Tanah kosong renc Pos Pol lab badas Jl. Sebotok Desa Sebotok, Kec. Lab Badas Kab. Sumbawa', ''),
(154, 50, ' 14,910 m2', 'Polsek Utan Jl. Sumbawa-Tano Desa Motong Kec. Utan Kab. Sumbawa', ''),
(155, 50, ' 5,000 m2', 'Polsek Rhee Desa Rhee Kecamatan Rhee Kab. Sumbawa', ''),
(156, 50, '5,000 m2', 'Polsek Buer Desa Tarusa Kecamatan Buer Kab. Sumbawa', ''),
(157, 50, ' 7,288  m2', 'Polsek Alas Barat Desa Labuhan Mapin Kec. Alas Barat Kab. Sumbawa', ''),
(158, 50, '5,000 m2', 'Rencana Polsek Kota Sumbawa Kel. Uma Sima Kec. Sumbawa Kab. Sumbawa', ''),
(159, 50, '5,000 m2', 'Rencana Polsek Moyo Utara Desa Penyaring Kec. Moyo Utara Kab. Sumbawa', ''),
(160, 50, '5,000 m2', 'Rencana Polsek Tarano Desa Labuhan Aji Kec. Tarano Kab. Sumbawa', ''),
(161, 50, '5,000 m2', 'Rencana Polsek Maronge Desa Maronge Kec. Maronge Kab. Sumbawa', ''),
(162, 50, ' 8,397  m2', 'Tanah Polsek Ropang Desa Ropang, Kec. Ropang Kab. Sumbawa', ''),
(163, 50, ' 1,000 m2', 'Tanah Masjid Polsek Moyo Utara Desa Sebewe, Kec. Moyo Utara Kab. Sumbawa', ''),
(164, 51, ' 38,290  m2', 'Tanah Mako dan Asrama  Polres Dompu Kel. Bada, Desa Rasabou Kec. Dompu Kab. Dompu', ''),
(165, 51, '10,000 m2', 'Tanah Mako Polsek Hu\'u Jl. Lintas lakey Desa Rasabou, Kec. Hu\'u Kab. Dompu', ''),
(166, 51, ' 1,750 m2', 'Tanah Mako Polsek Woja Desa Nowa, Kec. Woja Kab. Dompu', ''),
(167, 51, ' 1,573 m2', 'Tanah Mako Polsek Kempo Desa Soro, Kec. Kempu Kab. Dompu', ''),
(168, 51, ' 6,604 m2', 'Tanah Mako Polsek Kilo Desa Lasi , Kec. Kilo Kab. Dompu', ''),
(169, 51, ' 2,454 m2', 'Tanah Mako Polsek Persiapan Pajo Desa Ranggo, Kec. Pajo Kab. Dompu', ''),
(170, 51, ' 8,060 m2', 'Tanah Mako Polsek Pekat  Desa Calabai Kec. Pekat Kab. Dompu', ''),
(171, 51, ' 3,810 m2', 'Tanah Pos Pol. Lanci Desa Nusa Jaya, Kec. Manggelewa Kab. Dompu', ''),
(172, 51, ' 2,195 m2', 'Tanah Pos Pol. Lune Desa Lune, Kec. Pajo Kab. Dompu', ''),
(173, 51, '5,000 m2', 'Tanah Polsubsektor Lakey  Desa Hu\'u, Kec. Hu\'u Kab. Dompu', ''),
(174, 51, ' 6,016 m2', 'Tanah Pos Pol. Doropeti  Desa Doropeti,Kec. Pekat Kab. Dompu', ''),
(175, 51, ' 800 m2', 'Tanah Pos Pol. Kwangko  Desa Kwangko,Kec. Manggelewa Kab. Dompu', ''),
(176, 51, ' 617 m2', 'Tanah Pos Pol. Pulau Bajo  Ds. Kwangko Kec Manggelewa Kab. Dompu', ''),
(177, 51, ' 6,500 m2', 'Tanah Mako dan Rumdin  Polsek Manggelewa  Desa Tekasire, Kec. Manggelewa Kab. Dompu', ''),
(178, 51, ' 668 m2', 'Tanah Pos Pol Songgaja Jl. Lintas Calabai - Kempo Desa Songgaja Kec. Kempo Kab. Dompu', ''),
(179, 51, ' 2,832 m2', 'Tanah Pos Pol Songgaja Jl. Lintas Calabai - Kempo Desa Songgaja Kec. Kempo Kab. Dompu', ''),
(180, 51, ' 684 m2', 'Tanah kosong utk Pos Bhabin Desa Soronimo Jl. Lintas Pekat - Dompu Desa Sorinomo, Kec. Pekat Kab. Dompu', ''),
(181, 51, ' 3,688 m2', 'Tanah Polsek Kota Dompu Kelurahan Bali, Kec. Dompu Kab. Dompu', ''),
(182, 51, ' 692 m2', 'Tanah Rumjab Kapolres Dompu Kel. Bada, Desa Rasabou', ''),
(183, 51, ' 1,979 m2', 'Tanah Rumdin Perwira Polres Dompu Kel. Bada, Desa Rasabou', ''),
(184, 51, ' 208 m2', 'Tanah Pos Pol Kadindi Desa Kadindi, Kec. Pekat Kab. Dompu', ''),
(185, 53, ' 2,929 m2 ', 'Mako Polres  Bima Kota Jl. Soekarno Hatta Kel.Rabangodu Kec. RasanaE Timur, Kota Bima', ''),
(186, 53, ' 2,080 m2', 'Asrama BA  Raba Jl. Dukuh Desa Rabangodu Kec. Rasana\'e Timur, Kota Bima', ''),
(187, 53, ' 9,777 m2', 'Asrama BA / TA  Raba Jl. Soekarno Hatta Kel.Rabangodu Kec. RasanaE Timur, Kota Bima', ''),
(188, 53, ' 37,691 m2', 'Aspol Gunung Dua Kantor Mako Polres baru Jl. Soekarno Hatta Kel.Penato\'i Kec. RasanaE , Kota Bima', ''),
(189, 53, ' 1,880 ', 'tanah Rumdin Kapolres Jl. Soekarno Hatta Kel.Raba dompu Kec. RasanaE Timur, Kota Bima', ''),
(190, 53, ' 728 m2', 'tanah Rumdin Waka Polres Jl. Soekarno Hatta Kel.Rabangodu Kec. RasanaE Timur, Kota Bima', ''),
(191, 53, ' 218 m2', 'Pospol Kumbe /Polsek  Polsek Rasanae Timur Jl. Ir Soetami,Kel Kumbe Kec. RasanaE Timur, Kota Bima', ''),
(192, 53, ' 2,064 m2', 'Pospol Karumbu  Jl. Lintas Karumbu, desa Karumbu Kec. Wawo, Kota Bima', ''),
(193, 53, ' 1,697 m2', 'Pospol Sumi  Pos Pol Lambu Jl. Lintas Sape-Bima  Desa  Rato Kec. Sape, Kota Bima', ''),
(194, 53, ' 1,716 m2', 'Polsek Rasanae Jl. Terminal Dara/kel.Paruga Kec. RasanaE Barat, Kota Bima', ''),
(195, 53, ' 4,469 m2', 'Polsek Wawo Jl. Lintas Sape-Bima,Kel. Maria Kec Wawo, Kota Bima  ', ''),
(196, 53, ' 916 m2', 'Polsek Wawo Lama Asrama BA, TA Jl. Lintas Sape-Bima,Kel. Maria Kec Wawo, Kota Bima  ', ''),
(197, 53, ' 3,915 m2', 'Kantor Polsek Ambalawi Jl. Lintas Wera-Bima, Kel. Nipa Kec.Ambalawi, Kota Bima', ''),
(198, 53, ' 6,557 m2', 'Polsek Wera lama Jl. Lintas Wera-Bima, Desa Tawali Kec. Wera, Kota Bima', ''),
(199, 53, ' 3,070 m2', 'Pos Pol Lamere  Jl. Lintas Sape-Bima, Desa Buncu Kec. Sape, Kota Bima', ''),
(200, 53, ' 187 m2', 'Pos Pol Kota Bima   Jl. Sumbawa, Kel.Paruga Kec. RasanaE Barat, Kota Bima', ''),
(201, 53, ' 274 m2', 'Pos Pol Jati Baru Jl. Lintas Wera-Bima, Kel. Jatibaru Kec. Asakota, Kota Bima', ''),
(202, 53, ' 19,360 m2', 'Kantor & Asrama Polsek Sape Kel. Rasabou, Kec. Sape Kota Bima', ''),
(203, 53, ' 3,184 m2', 'Kantor Polsek Wera  Jl. Lintas Wera-Bima, Kel. Wora Kec. Wera, Kota Bima', ''),
(204, 53, ' 7,792 m2', 'Kantor Polsek Langgudu Jl. Lintas Karimbu Desa karumbu Kec. Langgudu, Kota Bima', ''),
(205, 53, ' 5,594 m2', 'Kantor/Arama Polsek Lambu Jl. Lintas Lambu-Bima, Desa Sumi Kec. Lambu, Kota Bima', ''),
(206, 53, ' 538 m2', 'Kantor Polubsektor Lamere Desa Lamere, Kec. Sape Kota Bima', ''),
(207, 53, ' 1,526 m2', 'Kantor Polsek Asakota Kel. Ule, Kec. Asakota Kota Bima', ''),
(208, 53, ' 330  m2', 'Kantor Polsek Asakota Kel. Ule, Kec. Asakota Kota Bima', ''),
(209, 53, ' 5,000 m2', 'Rencana Kantor Polsek Lambitu Desa Teta, Kec. Lambitu Kabupaten Bima', ''),
(210, 53, ' 627 m2', 'tanah Polsek Rasanae Timur Jl. Lintas Bima-Sape, Kel. Kodo, Kota Bima', ''),
(211, 52, ' 10,180 m2', 'Tanah Kantor Polres Bima Jl. Lintas Panda- Bima Desa Panda Kec. Palibelo', ''),
(212, 52, ' 824 m2', 'Tanah Rumjab Kapolres Bima Jl. Lintas Panda- Bima Desa Panda Kec. Palibelo', ''),
(213, 52, ' 6,402 m2', 'Tanah Rumjab Wakapolres &  Perwira Res Bima Jl. Lintas Panda- Bima Desa Panda Kec. Palibelo', ''),
(214, 52, ' 12,400 m2', 'Tanah Kantor dan Asrama  Polsek Monta Jl. Lintas Parado Desa Sie, Kec. Monta, Kab. Bima', ''),
(215, 52, ' 4,770 m2', 'Tanah Kantor dan Asrama  Polsek Belo Jl. Tente Lido Desa Cenggu, Kec Belo, Kab Bima', ''),
(216, 52, ' 19,640 m2', 'Tanah Kantor dan Asrama  Polsek Woha Jl. Tente Bima Desa Raba Kodo, Kec. Woha, Bima', ''),
(217, 52, ' 456 m2', 'Tanah Kantor Pos Pol  Daru Polsek Bolo Jl. Lintas Bima-Dompu Desa Sondosia  Kec. Bolo, Kab Bima', ''),
(218, 52, ' 410 m2', 'Tanah Kantor dan Asrama  Polsek Madapangga  Jl. Lintas Dena Desa Dena, Kec Bolo, Kab Bima', ''),
(219, 52, ' 5,110 m2', 'Tanah Kantor dan Asrama  Polsek Bolo Jl. Raya Bolo Desa Sondosia Kec. Bolo, Kab. Bima', ''),
(220, 52, ' 764 m2', 'Tanah Polsek Bolo Lama Jl. Raya Rato Desa Rato Kec. Bolo', ''),
(221, 52, ' 6,130 m2', 'Mapolsek Donggo Jl. Lintas Donggo Desa O\'o Kec. Donggo, Kab Bima', ''),
(222, 52, ' 4,324 m2', 'Tanah Kantor Polsek Sanggar Jl. Raya lintas Kore Desa Kore Kec. Sanggar Kab. Bima', ''),
(223, 52, ' 4,410 m2', 'Tanah Pos Pol Parado  Jl. Lintas Parado Desa Paradowane, Kec. Monta Kab. Bima', ''),
(224, 52, ' 134 m2', 'Tanah Pos Pol Rora  Jl. Lintas Donggo Desa Rora, Kec. Donggo Kab. Bima', ''),
(225, 52, ' 200 m2', 'Tanah Pos Pol KP3 laut Bajo Jl. Desa Bajo Kec. Soromandi Desa Bajo Kec. Soromandi Kab Bima', ''),
(226, 52, ' 10,257 m2', 'Tanah Polsek Tambora Jl. Labuhan Kenanga,  Kec. Tambora, Kab. Bima', ''),
(227, 52, ' 4,947 m2', 'Tanah Pos Pol Soromandi Jl. Lintas Donggo, Desa Punti Kec. Soromandi, Kab. Bima', ''),
(228, 52, ' 7,171 m2', 'Tanah Polsek Soromandi Jl. Lintas Soromandi Desa Kananta, Kec. Soromandi Kab. Bima', ''),
(229, 52, ' 4,200 m2', 'Tanah kosong Rencana Polsek Palibelo Desa Teke, Kec. Palibelo', ''),
(230, 52, '1,000 m2', 'Tanah Polsek Soromandi Desa Lewintana Ke.c. Soromandi Kab. Bima', ''),
(231, 52, ' 1,589 m2', 'Tanah Polsek Madapangga Desa Dena  Kecamatam Madapangga Kab. Bima', ''),
(232, 52, ' 414 m2', 'Tanah Poliklinik Res Bima Jl. Lintas Panda- Bima Desa Panda Kec. Palibelo', ''),
(233, 49, ' 15,123 m2', 'Tanah Mako Polsek Maluk Desa Maluk, Kec. Maluk Kab. Sumbawa Barat', 'pinjam pakai'),
(234, 49, '10,000 m2', 'Tanah Mako Polsek Sekongkang Desa Sekongkang Atas Kec. Sekongkang Kab. Sumbawa Barat', 'pinjam pakai');

-- --------------------------------------------------------

--
-- Table structure for table `users`
--

CREATE TABLE `users` (
  `id` int(11) UNSIGNED NOT NULL,
  `username` varchar(30) DEFAULT NULL,
  `status` varchar(255) DEFAULT NULL,
  `status_message` varchar(255) DEFAULT NULL,
  `active` tinyint(1) NOT NULL DEFAULT 0,
  `last_active` datetime DEFAULT NULL,
  `created_at` datetime DEFAULT NULL,
  `updated_at` datetime DEFAULT NULL,
  `deleted_at` datetime DEFAULT NULL,
  `nama` varchar(200) NOT NULL,
  `pangkat` varchar(100) NOT NULL,
  `nrp` varchar(16) NOT NULL,
  `jabatan` varchar(150) NOT NULL
) ENGINE=InnoDB DEFAULT CHARSET=utf8mb3 COLLATE=utf8mb3_general_ci;

--
-- Dumping data for table `users`
--

INSERT INTO `users` (`id`, `username`, `status`, `status_message`, `active`, `last_active`, `created_at`, `updated_at`, `deleted_at`, `nama`, `pangkat`, `nrp`, `jabatan`) VALUES
(1, 'administrator', NULL, NULL, 1, '2024-12-26 14:13:22', '2024-11-12 11:57:36', '2024-11-12 14:50:28', NULL, 'Administrator', 'Kosong', 'Kosong', 'admin'),
(2, 'Laluatma', NULL, NULL, 1, '2024-12-26 08:18:53', '2024-11-12 14:54:15', '2024-11-12 15:12:53', NULL, 'Laluatma', 'Pengatur', '95985885', 'admin'),
(3, 'bagpal', NULL, NULL, 1, '2024-12-25 10:52:33', '2024-11-12 16:08:23', '2024-11-12 16:08:24', NULL, 'bagpal', 'Rolog', '07', 'pal'),
(4, 'bagfaskon', NULL, NULL, 1, '2024-11-20 10:09:07', '2024-11-12 16:10:07', '2024-11-12 16:10:07', NULL, 'bagfaskon', 'Rolog', '08', 'faskon'),
(5, 'bagada', NULL, NULL, 1, '2024-12-20 12:19:56', '2024-11-12 16:12:46', '2024-11-12 16:12:46', NULL, 'bagada', 'Rolog', '09', 'ada'),
(6, 'urgudang', NULL, NULL, 1, '2024-12-17 11:03:55', '2024-11-12 16:14:30', '2024-11-12 16:14:30', NULL, 'urgudang', 'Rolog', '10', 'gudang'),
(7, 'bagbekum', NULL, NULL, 1, '2024-12-02 11:38:18', '2024-11-13 08:20:54', '2024-11-13 08:20:54', NULL, 'bagbekum', 'rolog', '12', 'bekum'),
(9, 'baginfolog', NULL, NULL, 1, '2024-11-19 12:39:59', '2024-11-15 20:01:15', '2024-11-15 20:01:15', NULL, 'baginfolog', 'rolog', '244', 'infolog'),
(10, 'karolog', NULL, NULL, 1, NULL, '2024-11-19 11:01:40', '2024-11-19 11:01:41', NULL, 'karolog', 'rolog', '111', 'karolog'),
(11, 'renmin', NULL, NULL, 1, '2024-12-17 14:01:55', '2024-12-17 09:31:26', '2024-12-17 09:31:26', NULL, 'renmin', 'logistik', '9999', 'renmin');

--
-- Indexes for dumped tables
--

--
-- Indexes for table `alkes`
--
ALTER TABLE `alkes`
  ADD PRIMARY KEY (`id_alkes`),
  ADD KEY `id_satker` (`id_satker`);

--
-- Indexes for table `alsintor`
--
ALTER TABLE `alsintor`
  ADD PRIMARY KEY (`id_alsintor`),
  ADD KEY `id_satker` (`id_satker`);

--
-- Indexes for table `alsus`
--
ALTER TABLE `alsus`
  ADD PRIMARY KEY (`id_alsus`),
  ADD KEY `id_satker` (`id_satker`);

--
-- Indexes for table `anggota`
--
ALTER TABLE `anggota`
  ADD PRIMARY KEY (`id_anggota`);

--
-- Indexes for table `anggotarolog`
--
ALTER TABLE `anggotarolog`
  ADD PRIMARY KEY (`id_anggotarolog`);

--
-- Indexes for table `auth_groups_users`
--
ALTER TABLE `auth_groups_users`
  ADD PRIMARY KEY (`id`),
  ADD KEY `auth_groups_users_user_id_foreign` (`user_id`);

--
-- Indexes for table `auth_identities`
--
ALTER TABLE `auth_identities`
  ADD PRIMARY KEY (`id`),
  ADD UNIQUE KEY `type_secret` (`type`,`secret`),
  ADD KEY `user_id` (`user_id`);

--
-- Indexes for table `auth_logins`
--
ALTER TABLE `auth_logins`
  ADD PRIMARY KEY (`id`),
  ADD KEY `id_type_identifier` (`id_type`,`identifier`),
  ADD KEY `user_id` (`user_id`);

--
-- Indexes for table `auth_permissions_users`
--
ALTER TABLE `auth_permissions_users`
  ADD PRIMARY KEY (`id`),
  ADD KEY `auth_permissions_users_user_id_foreign` (`user_id`);

--
-- Indexes for table `auth_remember_tokens`
--
ALTER TABLE `auth_remember_tokens`
  ADD PRIMARY KEY (`id`),
  ADD UNIQUE KEY `selector` (`selector`),
  ADD KEY `auth_remember_tokens_user_id_foreign` (`user_id`);

--
-- Indexes for table `auth_token_logins`
--
ALTER TABLE `auth_token_logins`
  ADD PRIMARY KEY (`id`),
  ADD KEY `id_type_identifier` (`id_type`,`identifier`),
  ADD KEY `user_id` (`user_id`);

--
-- Indexes for table `bangunan`
--
ALTER TABLE `bangunan`
  ADD PRIMARY KEY (`id_bangunan`),
  ADD KEY `id_satker` (`id_satker`),
  ADD KEY `id_satker_2` (`id_satker`);

--
-- Indexes for table `bbm`
--
ALTER TABLE `bbm`
  ADD PRIMARY KEY (`id_bbm`),
  ADD KEY `id_satker` (`id_satker`);

--
-- Indexes for table `jenis`
--
ALTER TABLE `jenis`
  ADD PRIMARY KEY (`id_jenis`);

--
-- Indexes for table `kapor`
--
ALTER TABLE `kapor`
  ADD PRIMARY KEY (`id_kapor`);

--
-- Indexes for table `kendaraan`
--
ALTER TABLE `kendaraan`
  ADD PRIMARY KEY (`id_kendaraan`),
  ADD KEY `id_satker` (`id_satker`);

--
-- Indexes for table `merk`
--
ALTER TABLE `merk`
  ADD PRIMARY KEY (`id_merk`);

--
-- Indexes for table `migrations`
--
ALTER TABLE `migrations`
  ADD PRIMARY KEY (`id`);

--
-- Indexes for table `pemegang`
--
ALTER TABLE `pemegang`
  ADD PRIMARY KEY (`id_pemegang`),
  ADD KEY `id_satker` (`id_satker`),
  ADD KEY `id_jenis` (`id_jenis`),
  ADD KEY `id_merk` (`id_merk`);

--
-- Indexes for table `pengadaan`
--
ALTER TABLE `pengadaan`
  ADD PRIMARY KEY (`id_pengadaan`),
  ADD KEY `id_satker` (`id_satker`);

--
-- Indexes for table `psp`
--
ALTER TABLE `psp`
  ADD PRIMARY KEY (`id_psp`),
  ADD KEY `id_satker` (`id_satker`);

--
-- Indexes for table `satker`
--
ALTER TABLE `satker`
  ADD PRIMARY KEY (`id_satker`);

--
-- Indexes for table `senpi`
--
ALTER TABLE `senpi`
  ADD PRIMARY KEY (`id_senpi`),
  ADD KEY `id_satker` (`id_satker`),
  ADD KEY `id_jenis` (`id_jenis`),
  ADD KEY `id_merk` (`id_merk`);

--
-- Indexes for table `sertifikasi`
--
ALTER TABLE `sertifikasi`
  ADD PRIMARY KEY (`id_sertifikasi`),
  ADD KEY `id_satker` (`id_satker`);

--
-- Indexes for table `settings`
--
ALTER TABLE `settings`
  ADD PRIMARY KEY (`id`);

--
-- Indexes for table `stok`
--
ALTER TABLE `stok`
  ADD PRIMARY KEY (`id_stok`);

--
-- Indexes for table `stok_kapor`
--
ALTER TABLE `stok_kapor`
  ADD PRIMARY KEY (`id_stokkapor`);

--
-- Indexes for table `tanah`
--
ALTER TABLE `tanah`
  ADD PRIMARY KEY (`id_tanah`),
  ADD KEY `id_satker` (`id_satker`);

--
-- Indexes for table `tanah1`
--
ALTER TABLE `tanah1`
  ADD PRIMARY KEY (`id_tanah`),
  ADD KEY `id_satker` (`id_satker`);

--
-- Indexes for table `users`
--
ALTER TABLE `users`
  ADD PRIMARY KEY (`id`),
  ADD UNIQUE KEY `username` (`username`);

--
-- AUTO_INCREMENT for dumped tables
--

--
-- AUTO_INCREMENT for table `alkes`
--
ALTER TABLE `alkes`
  MODIFY `id_alkes` int(11) NOT NULL AUTO_INCREMENT, AUTO_INCREMENT=99;

--
-- AUTO_INCREMENT for table `alsintor`
--
ALTER TABLE `alsintor`
  MODIFY `id_alsintor` int(11) NOT NULL AUTO_INCREMENT, AUTO_INCREMENT=86;

--
-- AUTO_INCREMENT for table `alsus`
--
ALTER TABLE `alsus`
  MODIFY `id_alsus` int(11) NOT NULL AUTO_INCREMENT, AUTO_INCREMENT=963;

--
-- AUTO_INCREMENT for table `anggota`
--
ALTER TABLE `anggota`
  MODIFY `id_anggota` int(11) NOT NULL AUTO_INCREMENT, AUTO_INCREMENT=16;

--
-- AUTO_INCREMENT for table `anggotarolog`
--
ALTER TABLE `anggotarolog`
  MODIFY `id_anggotarolog` int(11) NOT NULL AUTO_INCREMENT, AUTO_INCREMENT=114;

--
-- AUTO_INCREMENT for table `auth_groups_users`
--
ALTER TABLE `auth_groups_users`
  MODIFY `id` int(11) UNSIGNED NOT NULL AUTO_INCREMENT, AUTO_INCREMENT=13;

--
-- AUTO_INCREMENT for table `auth_identities`
--
ALTER TABLE `auth_identities`
  MODIFY `id` int(11) UNSIGNED NOT NULL AUTO_INCREMENT, AUTO_INCREMENT=14;

--
-- AUTO_INCREMENT for table `auth_logins`
--
ALTER TABLE `auth_logins`
  MODIFY `id` int(11) UNSIGNED NOT NULL AUTO_INCREMENT, AUTO_INCREMENT=332;

--
-- AUTO_INCREMENT for table `auth_permissions_users`
--
ALTER TABLE `auth_permissions_users`
  MODIFY `id` int(11) UNSIGNED NOT NULL AUTO_INCREMENT;

--
-- AUTO_INCREMENT for table `auth_remember_tokens`
--
ALTER TABLE `auth_remember_tokens`
  MODIFY `id` int(11) UNSIGNED NOT NULL AUTO_INCREMENT, AUTO_INCREMENT=26;

--
-- AUTO_INCREMENT for table `auth_token_logins`
--
ALTER TABLE `auth_token_logins`
  MODIFY `id` int(11) UNSIGNED NOT NULL AUTO_INCREMENT;

--
-- AUTO_INCREMENT for table `bangunan`
--
ALTER TABLE `bangunan`
  MODIFY `id_bangunan` int(11) NOT NULL AUTO_INCREMENT, AUTO_INCREMENT=778;

--
-- AUTO_INCREMENT for table `bbm`
--
ALTER TABLE `bbm`
  MODIFY `id_bbm` int(11) NOT NULL AUTO_INCREMENT, AUTO_INCREMENT=25;

--
-- AUTO_INCREMENT for table `jenis`
--
ALTER TABLE `jenis`
  MODIFY `id_jenis` int(11) NOT NULL AUTO_INCREMENT, AUTO_INCREMENT=9;

--
-- AUTO_INCREMENT for table `kapor`
--
ALTER TABLE `kapor`
  MODIFY `id_kapor` int(11) NOT NULL AUTO_INCREMENT, AUTO_INCREMENT=17;

--
-- AUTO_INCREMENT for table `kendaraan`
--
ALTER TABLE `kendaraan`
  MODIFY `id_kendaraan` int(11) NOT NULL AUTO_INCREMENT, AUTO_INCREMENT=856;

--
-- AUTO_INCREMENT for table `merk`
--
ALTER TABLE `merk`
  MODIFY `id_merk` int(11) NOT NULL AUTO_INCREMENT, AUTO_INCREMENT=53;

--
-- AUTO_INCREMENT for table `migrations`
--
ALTER TABLE `migrations`
  MODIFY `id` bigint(20) UNSIGNED NOT NULL AUTO_INCREMENT, AUTO_INCREMENT=7;

--
-- AUTO_INCREMENT for table `pemegang`
--
ALTER TABLE `pemegang`
  MODIFY `id_pemegang` int(11) NOT NULL AUTO_INCREMENT, AUTO_INCREMENT=1011;

--
-- AUTO_INCREMENT for table `pengadaan`
--
ALTER TABLE `pengadaan`
  MODIFY `id_pengadaan` int(11) NOT NULL AUTO_INCREMENT, AUTO_INCREMENT=306;

--
-- AUTO_INCREMENT for table `psp`
--
ALTER TABLE `psp`
  MODIFY `id_psp` int(11) NOT NULL AUTO_INCREMENT, AUTO_INCREMENT=40;

--
-- AUTO_INCREMENT for table `satker`
--
ALTER TABLE `satker`
  MODIFY `id_satker` int(11) NOT NULL AUTO_INCREMENT, AUTO_INCREMENT=54;

--
-- AUTO_INCREMENT for table `senpi`
--
ALTER TABLE `senpi`
  MODIFY `id_senpi` int(11) NOT NULL AUTO_INCREMENT, AUTO_INCREMENT=195;

--
-- AUTO_INCREMENT for table `sertifikasi`
--
ALTER TABLE `sertifikasi`
  MODIFY `id_sertifikasi` int(11) NOT NULL AUTO_INCREMENT, AUTO_INCREMENT=70;

--
-- AUTO_INCREMENT for table `settings`
--
ALTER TABLE `settings`
  MODIFY `id` int(9) NOT NULL AUTO_INCREMENT;

--
-- AUTO_INCREMENT for table `stok`
--
ALTER TABLE `stok`
  MODIFY `id_stok` int(11) NOT NULL AUTO_INCREMENT, AUTO_INCREMENT=25;

--
-- AUTO_INCREMENT for table `stok_kapor`
--
ALTER TABLE `stok_kapor`
  MODIFY `id_stokkapor` int(11) NOT NULL AUTO_INCREMENT, AUTO_INCREMENT=63;

--
-- AUTO_INCREMENT for table `tanah`
--
ALTER TABLE `tanah`
  MODIFY `id_tanah` int(11) NOT NULL AUTO_INCREMENT, AUTO_INCREMENT=235;

--
-- AUTO_INCREMENT for table `tanah1`
--
ALTER TABLE `tanah1`
  MODIFY `id_tanah` int(11) NOT NULL AUTO_INCREMENT, AUTO_INCREMENT=235;

--
-- AUTO_INCREMENT for table `users`
--
ALTER TABLE `users`
  MODIFY `id` int(11) UNSIGNED NOT NULL AUTO_INCREMENT, AUTO_INCREMENT=12;

--
-- Constraints for dumped tables
--

--
-- Constraints for table `alkes`
--
ALTER TABLE `alkes`
  ADD CONSTRAINT `alkes_ibfk_1` FOREIGN KEY (`id_satker`) REFERENCES `satker` (`id_satker`) ON DELETE SET NULL ON UPDATE CASCADE;

--
-- Constraints for table `alsintor`
--
ALTER TABLE `alsintor`
  ADD CONSTRAINT `alsintor_ibfk_1` FOREIGN KEY (`id_satker`) REFERENCES `satker` (`id_satker`) ON DELETE SET NULL ON UPDATE CASCADE;

--
-- Constraints for table `alsus`
--
ALTER TABLE `alsus`
  ADD CONSTRAINT `alsus_ibfk_1` FOREIGN KEY (`id_satker`) REFERENCES `satker` (`id_satker`) ON DELETE SET NULL ON UPDATE CASCADE;

--
-- Constraints for table `auth_groups_users`
--
ALTER TABLE `auth_groups_users`
  ADD CONSTRAINT `auth_groups_users_user_id_foreign` FOREIGN KEY (`user_id`) REFERENCES `users` (`id`) ON DELETE CASCADE;

--
-- Constraints for table `auth_identities`
--
ALTER TABLE `auth_identities`
  ADD CONSTRAINT `auth_identities_user_id_foreign` FOREIGN KEY (`user_id`) REFERENCES `users` (`id`) ON DELETE CASCADE;

--
-- Constraints for table `auth_permissions_users`
--
ALTER TABLE `auth_permissions_users`
  ADD CONSTRAINT `auth_permissions_users_user_id_foreign` FOREIGN KEY (`user_id`) REFERENCES `users` (`id`) ON DELETE CASCADE;

--
-- Constraints for table `auth_remember_tokens`
--
ALTER TABLE `auth_remember_tokens`
  ADD CONSTRAINT `auth_remember_tokens_user_id_foreign` FOREIGN KEY (`user_id`) REFERENCES `users` (`id`) ON DELETE CASCADE;

--
-- Constraints for table `bangunan`
--
ALTER TABLE `bangunan`
  ADD CONSTRAINT `bangunan_ibfk_1` FOREIGN KEY (`id_satker`) REFERENCES `satker` (`id_satker`) ON DELETE SET NULL ON UPDATE CASCADE;

--
-- Constraints for table `kendaraan`
--
ALTER TABLE `kendaraan`
  ADD CONSTRAINT `kendaraan_ibfk_1` FOREIGN KEY (`id_satker`) REFERENCES `satker` (`id_satker`) ON DELETE SET NULL ON UPDATE CASCADE;

--
-- Constraints for table `pemegang`
--
ALTER TABLE `pemegang`
  ADD CONSTRAINT `pemegang_ibfk_1` FOREIGN KEY (`id_satker`) REFERENCES `satker` (`id_satker`) ON DELETE SET NULL ON UPDATE CASCADE,
  ADD CONSTRAINT `pemegang_ibfk_2` FOREIGN KEY (`id_jenis`) REFERENCES `jenis` (`id_jenis`) ON DELETE SET NULL ON UPDATE CASCADE,
  ADD CONSTRAINT `pemegang_ibfk_3` FOREIGN KEY (`id_merk`) REFERENCES `merk` (`id_merk`) ON DELETE SET NULL ON UPDATE CASCADE;

--
-- Constraints for table `pengadaan`
--
ALTER TABLE `pengadaan`
  ADD CONSTRAINT `pengadaan_ibfk_1` FOREIGN KEY (`id_satker`) REFERENCES `satker` (`id_satker`) ON DELETE SET NULL ON UPDATE CASCADE;

--
-- Constraints for table `psp`
--
ALTER TABLE `psp`
  ADD CONSTRAINT `psp_ibfk_1` FOREIGN KEY (`id_satker`) REFERENCES `satker` (`id_satker`) ON DELETE SET NULL ON UPDATE CASCADE;

--
-- Constraints for table `senpi`
--
ALTER TABLE `senpi`
  ADD CONSTRAINT `senpi_ibfk_1` FOREIGN KEY (`id_satker`) REFERENCES `satker` (`id_satker`) ON DELETE SET NULL ON UPDATE CASCADE,
  ADD CONSTRAINT `senpi_ibfk_2` FOREIGN KEY (`id_jenis`) REFERENCES `jenis` (`id_jenis`) ON DELETE SET NULL ON UPDATE CASCADE,
  ADD CONSTRAINT `senpi_ibfk_3` FOREIGN KEY (`id_merk`) REFERENCES `merk` (`id_merk`) ON DELETE SET NULL ON UPDATE CASCADE;

--
-- Constraints for table `sertifikasi`
--
ALTER TABLE `sertifikasi`
  ADD CONSTRAINT `sertifikasi_ibfk_1` FOREIGN KEY (`id_satker`) REFERENCES `satker` (`id_satker`) ON DELETE SET NULL ON UPDATE CASCADE;
COMMIT;

/*!40101 SET CHARACTER_SET_CLIENT=@OLD_CHARACTER_SET_CLIENT */;
/*!40101 SET CHARACTER_SET_RESULTS=@OLD_CHARACTER_SET_RESULTS */;
/*!40101 SET COLLATION_CONNECTION=@OLD_COLLATION_CONNECTION */;
